# Blender 5.0.1
# www.blender.org
mtllib SaberAthena.mtl
o SaberAthena.001
v -4.072603 97.137054 -0.585047
v -3.865407 99.328751 -6.084274
v -4.133431 100.613739 -5.610960
v -4.133431 98.923874 -0.159254
v -3.779870 100.258278 -7.000497
v -3.428208 102.010880 -9.990570
v -3.504242 101.125084 -9.321463
v -4.089711 97.414581 0.099266
v -4.114422 98.355515 0.310262
v -4.114422 98.355515 0.310262
v -4.133431 98.923874 -0.159254
v -3.760861 99.229912 -0.088922
v -3.907228 98.395432 0.439520
v -4.089711 97.414581 0.099266
v -4.114422 98.355515 0.310262
v -3.907228 98.395432 0.439520
v -3.937641 97.277718 0.192409
v -3.937641 97.277718 0.192409
v -3.842597 96.948868 -0.662983
v -4.072603 97.137054 -0.585047
v -4.089711 97.414581 0.099266
v -3.842597 96.948868 -0.662983
v -3.515647 99.241310 -6.167912
v -3.865407 99.328751 -6.084274
v -4.072603 97.137054 -0.585047
v -3.779870 100.258278 -7.000497
v -3.502342 100.094803 -7.053720
v -3.504242 101.125084 -9.321463
v -3.285643 101.026230 -9.374686
v -3.428208 102.010880 -9.990570
v -3.504242 101.125084 -9.321463
v -3.285643 101.026230 -9.374686
v -3.200103 102.252296 -10.353637
v -4.133431 100.613739 -5.610960
v -3.428208 102.010880 -9.990570
v -3.200103 102.252296 -10.353637
v -3.743753 100.921677 -5.504509
v -4.133431 98.923874 -0.159254
v -3.760861 99.229912 -0.088922
v -3.285643 101.026230 -9.374686
v -3.502342 100.094803 -7.053720
v -3.743753 100.921677 -5.504509
v -3.200103 102.252296 -10.353637
v -3.515647 99.241310 -6.167912
v -3.760861 99.229912 -0.088922
v -3.842597 96.948868 -0.662983
v -3.907228 98.395432 0.439520
v -3.937641 97.277718 0.192409
v -3.833092 98.492378 1.285409
v -4.040288 97.931625 0.625807
v -3.962353 98.771805 0.648616
v -3.979460 98.385925 0.378693
v -3.992766 98.716682 0.163895
v -4.045991 97.547653 0.198113
v -3.975658 97.245399 -0.041398
v -3.920533 97.091431 0.401505
v -3.787472 97.171265 1.150448
v -3.766562 97.770050 1.519217
v -3.584079 97.074333 -0.109829
v -3.975658 97.245399 -0.041398
v -3.920533 97.091431 0.401505
v -3.551764 96.908951 0.384398
v -3.407298 97.036308 1.254998
v -3.551764 96.908951 0.384398
v -3.920533 97.091431 0.401505
v -3.787472 97.171265 1.150448
v -3.278038 97.758644 1.675090
v -3.407298 97.036308 1.254998
v -3.787472 97.171265 1.150448
v -3.766562 97.770050 1.519217
v -3.316056 98.570312 1.446984
v -3.278038 97.758644 1.675090
v -3.766562 97.770050 1.519217
v -3.833092 98.492378 1.285409
v -3.439612 98.975212 0.715147
v -3.316056 98.570312 1.446984
v -3.833092 98.492378 1.285409
v -3.962353 98.771805 0.648616
v -3.439612 98.975212 0.715147
v -3.962353 98.771805 0.648616
v -3.992766 98.716682 0.163895
v -3.487134 98.889664 0.116372
v -2.907368 99.887619 0.633409
v -2.859847 100.113823 -0.769436
v -2.660255 100.157555 -0.813156
v -2.384629 100.026382 0.642912
v -2.677364 98.937180 2.739577
v -1.787755 99.163383 2.724369
v -1.424687 98.211052 4.254573
v -3.127870 99.568268 0.515554
v -2.991007 99.817284 -0.921505
v -2.859847 100.113823 -0.769436
v -2.907368 99.887619 0.633409
v -2.895963 98.652054 2.682551
v -2.677364 98.937180 2.739577
v -2.677364 98.937180 2.739577
v -1.424687 98.211052 4.254573
v -1.411381 97.952538 4.459868
v -2.895963 98.652054 2.682551
v -2.859847 100.113823 -0.769436
v -2.991007 99.817284 -0.921505
v -2.618436 99.897133 -0.980433
v -2.660255 100.157555 -0.813156
v -2.384629 100.026382 0.642912
v -2.660255 100.157555 -0.813156
v -2.618436 99.897133 -0.980433
v -2.283883 99.613899 0.534562
v -1.787755 99.163383 2.724369
v -1.783952 98.720482 2.433536
v 0.441972 92.810677 4.706988
v -0.000933 92.810677 4.706988
v -0.000934 96.863342 6.438677
v 0.732804 96.863342 6.438677
v -0.000936 101.014824 -7.082235
v 1.131986 100.902672 -6.549991
v 1.502655 100.955910 -3.137925
v -0.000936 101.128883 -3.231067
v 1.742166 100.600441 0.852007
v -0.000936 100.763916 0.781676
v -0.000935 99.644318 4.026466
v 1.266947 99.522659 4.106302
v 0.780324 97.697823 6.569837
v -0.000935 97.697823 6.569837
v 0.732804 96.863342 6.438677
v -0.000934 96.863342 6.438677
v -0.000935 97.697823 6.569837
v 0.780324 97.697823 6.569837
v 1.266947 99.522659 4.106302
v 1.580592 98.427742 3.674805
v 1.019834 97.363274 5.697335
v 0.780324 97.697823 6.569837
v 2.033000 99.667114 0.564978
v 1.742166 100.600441 0.852007
v 0.732804 96.863342 6.438677
v 1.502655 100.955910 -3.137925
v 1.818201 100.296303 -3.183543
v 1.131986 100.902672 -6.549991
v 1.457035 100.469276 -6.192626
v 0.732804 96.863342 6.438677
v 1.386704 97.247314 5.638410
v 1.514064 93.293488 3.997961
v 0.441972 92.810677 4.706988
v 2.648884 95.899582 3.461912
v 2.553839 98.169243 3.855390
v 3.044264 96.061157 2.817517
v 3.639237 95.947113 0.658125
v 3.770397 99.554962 0.557374
v 3.770397 99.554962 0.557374
v 3.559401 95.232376 0.340680
v 3.639237 95.947113 0.658125
v 3.357909 95.293205 -1.256052
v 3.217244 95.566917 -1.773091
v 2.939716 97.460205 -3.552309
v 3.015750 100.130928 -3.270985
v 2.350445 100.260170 -6.000636
v 2.409371 98.920067 -5.612856
v 2.350445 100.260170 -6.000636
v 1.457035 100.469276 -6.192626
v 1.582493 99.165276 -5.951212
v 2.409371 98.920067 -5.612856
v 1.457035 100.469276 -6.192626
v 1.131986 100.902672 -6.549991
v 1.582493 99.165276 -5.951212
v -0.000935 99.326843 -6.519573
v 1.582493 99.165276 -5.951212
v 1.131986 100.902672 -6.549991
v -0.000936 101.014824 -7.082235
v 3.015750 100.130928 -3.270985
v 1.818201 100.296303 -3.183543
v 1.457035 100.469276 -6.192626
v 2.350445 100.260170 -6.000636
v 3.770397 99.554962 0.557374
v 2.033000 99.667114 0.564978
v 2.553839 98.169243 3.855390
v 1.580592 98.427742 3.674805
v 1.386704 97.247314 5.638410
v 1.019834 97.363274 5.697335
v 0.732804 96.863342 6.438677
v -0.000934 97.089523 -4.065544
v 2.939716 97.460205 -3.552309
v 2.409371 98.920067 -5.612856
v -0.000935 98.813614 -5.610957
v -0.000935 99.326843 -6.519573
v 1.582493 99.165276 -5.951212
v -0.000934 95.340721 -2.809065
v 3.217244 95.566917 -1.773091
v -0.000933 92.810677 4.706988
v 0.441972 92.810677 4.706988
v 1.514064 93.293488 3.997961
v 3.044264 96.061157 2.817517
v -0.000934 96.958366 0.966064
v 2.648884 95.899582 3.461912
v 3.639237 95.947113 0.658125
v 3.559401 95.232376 0.340680
v -0.000934 96.958366 0.966064
v 3.639237 95.947113 0.658125
v -0.000934 95.340721 -2.809065
v -0.000934 96.958366 0.966064
v 3.217244 95.566917 -1.773091
v 3.357909 95.293205 -1.256052
v -0.000934 96.958366 0.966064
v 3.559401 95.232376 0.340680
v 3.217244 95.566917 -1.773091
v -0.441935 92.810677 4.706988
v -0.732769 96.863342 6.438677
v -0.000934 96.863342 6.438677
v -0.000933 92.810677 4.706988
v -0.000936 101.014824 -7.082235
v -0.000936 101.128883 -3.231067
v -1.502625 100.955910 -3.137925
v -1.131953 100.902672 -6.549991
v -1.742134 100.600441 0.852007
v -0.000936 100.763916 0.781676
v -0.000935 99.644318 4.026466
v -1.268817 99.522659 4.106302
v -0.780292 97.697823 6.569837
v -0.000935 97.697823 6.569837
v -0.732769 96.863342 6.438677
v -0.780292 97.697823 6.569837
v -0.000935 97.697823 6.569837
v -0.000934 96.863342 6.438677
v -1.268817 99.522659 4.106302
v -0.780292 97.697823 6.569837
v -1.019801 97.363274 5.697335
v -1.580560 98.427742 3.674805
v -2.032966 99.667114 0.564978
v -1.742134 100.600441 0.852007
v -0.732769 96.863342 6.438677
v -1.502625 100.955910 -3.137925
v -1.818169 100.296303 -3.183543
v -1.131953 100.902672 -6.549991
v -1.457003 100.469276 -6.192626
v -0.732769 96.863342 6.438677
v -0.441935 92.810677 4.706988
v -1.514027 93.293488 3.997961
v -1.386669 97.247314 5.638410
v -2.648849 95.899582 3.461912
v -2.555707 98.169243 3.855390
v -3.044230 96.061157 2.817517
v -3.639203 95.947113 0.658125
v -3.770364 99.554962 0.557374
v -3.770364 99.554962 0.557374
v -3.639203 95.947113 0.658125
v -3.559367 95.232376 0.340680
v -3.357873 95.293205 -1.256052
v -3.217211 95.566917 -1.773091
v -2.939682 97.460205 -3.552309
v -3.015718 100.130928 -3.270985
v -2.350413 100.260170 -6.000636
v -2.409340 98.920067 -5.612856
v -2.350413 100.260170 -6.000636
v -2.409340 98.920067 -5.612856
v -1.582460 99.165276 -5.951212
v -1.457003 100.469276 -6.192626
v -1.457003 100.469276 -6.192626
v -1.582460 99.165276 -5.951212
v -1.131953 100.902672 -6.549991
v -0.000935 99.326843 -6.519573
v -0.000936 101.014824 -7.082235
v -1.131953 100.902672 -6.549991
v -1.582460 99.165276 -5.951212
v -3.015718 100.130928 -3.270985
v -2.350413 100.260170 -6.000636
v -1.457003 100.469276 -6.192626
v -1.818169 100.296303 -3.183543
v -3.770364 99.554962 0.557374
v -2.032966 99.667114 0.564978
v -2.555707 98.169243 3.855390
v -1.580560 98.427742 3.674805
v -1.386669 97.247314 5.638410
v -1.019801 97.363274 5.697335
v -0.732769 96.863342 6.438677
v -0.000934 97.089523 -4.065544
v -0.000935 98.813614 -5.610957
v -2.409340 98.920067 -5.612856
v -2.939682 97.460205 -3.552309
v -0.000935 99.326843 -6.519573
v -1.582460 99.165276 -5.951212
v -0.000934 95.340721 -2.809065
v -3.217211 95.566917 -1.773091
v -0.000933 92.810677 4.706988
v -1.514027 93.293488 3.997961
v -0.441935 92.810677 4.706988
v -3.044230 96.061157 2.817517
v -2.648849 95.899582 3.461912
v -0.000934 96.958366 0.966064
v -3.639203 95.947113 0.658125
v -3.559367 95.232376 0.340680
v -3.639203 95.947113 0.658125
v -0.000934 96.958366 0.966064
v -0.000934 95.340721 -2.809065
v -3.217211 95.566917 -1.773091
v -0.000934 96.958366 0.966064
v -3.357873 95.293205 -1.256052
v -3.559367 95.232376 0.340680
v -0.000934 96.958366 0.966064
v -3.217211 95.566917 -1.773091
v 2.907401 99.887619 0.633409
v 2.384660 100.026382 0.642912
v 2.660287 100.157555 -0.813156
v 2.859878 100.113823 -0.769436
v 2.677395 98.937180 2.739577
v 1.787786 99.163383 2.724369
v 1.424721 98.211052 4.254573
v 3.127901 99.568268 0.515554
v 2.907401 99.887619 0.633409
v 2.859878 100.113823 -0.769436
v 2.991039 99.817284 -0.921505
v 2.895996 98.652054 2.682551
v 2.677395 98.937180 2.739577
v 2.677395 98.937180 2.739577
v 2.895996 98.652054 2.682551
v 1.411415 97.952538 4.459868
v 1.424721 98.211052 4.254573
v 2.859878 100.113823 -0.769436
v 2.660287 100.157555 -0.813156
v 2.616567 99.897133 -0.980433
v 2.991039 99.817284 -0.921505
v 2.384660 100.026382 0.642912
v 2.283914 99.613899 0.534562
v 2.616567 99.897133 -0.980433
v 2.660287 100.157555 -0.813156
v 1.787786 99.163383 2.724369
v 1.783985 98.720482 2.433536
v 3.833126 98.492378 1.285409
v 3.962386 98.771805 0.648616
v 4.040320 97.931625 0.625807
v 3.979493 98.385925 0.378693
v 3.992799 98.716682 0.163895
v 4.046023 97.547653 0.198113
v 3.975690 97.245399 -0.041398
v 3.920566 97.091431 0.401505
v 3.785604 97.171265 1.150448
v 3.766594 97.770050 1.519217
v 3.584111 97.074333 -0.109829
v 3.551796 96.908951 0.384398
v 3.920566 97.091431 0.401505
v 3.975690 97.245399 -0.041398
v 3.407331 97.036308 1.254998
v 3.785604 97.171265 1.150448
v 3.920566 97.091431 0.401505
v 3.551796 96.908951 0.384398
v 3.278070 97.758644 1.675090
v 3.766594 97.770050 1.519217
v 3.785604 97.171265 1.150448
v 3.407331 97.036308 1.254998
v 3.316087 98.570312 1.446984
v 3.833126 98.492378 1.285409
v 3.766594 97.770050 1.519217
v 3.278070 97.758644 1.675090
v 3.439645 98.975212 0.715147
v 3.962386 98.771805 0.648616
v 3.833126 98.492378 1.285409
v 3.316087 98.570312 1.446984
v 3.439645 98.975212 0.715147
v 3.487166 98.889664 0.116372
v 3.992799 98.716682 0.163895
v 3.962386 98.771805 0.648616
v 4.072636 97.137054 -0.585047
v 4.133464 98.923874 -0.159254
v 4.133463 100.613739 -5.610960
v 3.865440 99.328751 -6.084274
v 3.778000 100.258278 -7.000497
v 3.428239 102.010880 -9.990570
v 3.504274 101.125084 -9.321463
v 4.089743 97.414581 0.099266
v 4.114456 98.355515 0.310262
v 4.114456 98.355515 0.310262
v 3.907259 98.395432 0.439520
v 3.760892 99.229912 -0.088922
v 4.133464 98.923874 -0.159254
v 4.089743 97.414581 0.099266
v 3.937673 97.277718 0.192409
v 3.907259 98.395432 0.439520
v 4.114456 98.355515 0.310262
v 3.937673 97.277718 0.192409
v 4.089743 97.414581 0.099266
v 4.072636 97.137054 -0.585047
v 3.842630 96.948868 -0.662983
v 3.842630 96.948868 -0.662983
v 4.072636 97.137054 -0.585047
v 3.865440 99.328751 -6.084274
v 3.515680 99.241310 -6.167912
v 3.778000 100.258278 -7.000497
v 3.500471 100.094803 -7.053720
v 3.504274 101.125084 -9.321463
v 3.285673 101.026230 -9.374686
v 3.428239 102.010880 -9.990570
v 3.200134 102.252296 -10.353637
v 3.285673 101.026230 -9.374686
v 3.504274 101.125084 -9.321463
v 4.133463 100.613739 -5.610960
v 3.743784 100.921677 -5.504509
v 3.200134 102.252296 -10.353637
v 3.428239 102.010880 -9.990570
v 4.133464 98.923874 -0.159254
v 3.760892 99.229912 -0.088922
v 3.285673 101.026230 -9.374686
v 3.200134 102.252296 -10.353637
v 3.743784 100.921677 -5.504509
v 3.500471 100.094803 -7.053720
v 3.515680 99.241310 -6.167912
v 3.760892 99.229912 -0.088922
v 3.842630 96.948868 -0.662983
v 3.907259 98.395432 0.439520
v 3.937673 97.277718 0.192409
v 2.922607 96.857628 1.500210
v 2.972031 98.102699 -0.621165
v 2.264906 96.409012 -1.250351
v 2.401771 94.928238 0.627713
v 2.401771 94.928238 0.627713
v 0.776525 92.734634 4.125320
v 1.150996 95.336929 4.800128
v 2.922607 96.857628 1.500210
v -0.000933 92.734634 4.125320
v 0.776525 92.734634 4.125320
v 2.401771 94.928238 0.627713
v -0.000934 94.928238 0.627713
v 2.264906 96.409012 -1.250351
v -0.000934 96.412827 -1.657138
v -0.000934 95.336929 4.800128
v 1.150996 95.336929 4.800128
v 0.776525 92.734634 4.125320
v -0.000933 92.734634 4.125320
v -2.922575 96.857628 1.500210
v -2.401735 94.928238 0.627713
v -2.264873 96.409012 -1.250351
v -2.973899 98.102699 -0.621165
v -2.401735 94.928238 0.627713
v -2.922575 96.857628 1.500210
v -1.150960 95.336929 4.800128
v -0.776487 92.734634 4.125320
v -0.000933 92.734634 4.125320
v -0.000934 94.928238 0.627713
v -2.401735 94.928238 0.627713
v -0.776487 92.734634 4.125320
v -2.264873 96.409012 -1.250351
v -0.000934 96.412827 -1.657138
v -0.000934 95.336929 4.800128
v -0.000933 92.734634 4.125320
v -0.776487 92.734634 4.125320
v -1.150960 95.336929 4.800128
v 0.949559 62.347244 7.493757
v 2.289673 59.205105 7.143997
v -0.002778 59.127171 7.275156
v -0.002778 62.324436 7.708555
v 1.609163 56.416519 5.248826
v -0.002778 56.277756 5.376185
v -0.002778 59.127171 7.275156
v 2.289673 59.205105 7.143997
v -0.002777 55.089714 4.363020
v 1.356345 55.163849 4.294589
v -0.002777 55.089714 4.363020
v 1.356345 55.163849 4.294589
v 1.080720 54.956646 2.298671
v -0.002777 54.907227 2.355697
v 1.080720 54.956646 2.298671
v 0.846912 56.587605 -1.402327
v -0.002778 56.566692 -1.434642
v -0.002777 54.907227 2.355697
v 0.949559 62.347244 7.493757
v 0.949559 63.575207 6.832253
v 2.289673 60.571835 6.106120
v 2.289673 59.205105 7.143997
v -0.002778 62.324436 7.708555
v -0.002779 63.552395 7.047051
v 0.949559 63.575207 6.832253
v 0.949559 62.347244 7.493757
v 2.289673 59.205105 7.143997
v 2.289673 60.571835 6.106120
v 1.356345 56.391815 3.633084
v 1.609163 56.416519 5.248826
v 1.356345 55.163849 4.294589
v 1.080720 54.956646 2.298671
v 0.846912 57.815567 -2.063831
v 0.846912 56.587605 -1.402327
v -0.002778 59.127171 7.275156
v -2.295231 59.205105 7.143997
v -0.957017 62.347244 7.493757
v -0.002778 62.324436 7.708555
v -1.614718 56.416519 5.248826
v -2.295231 59.205105 7.143997
v -0.002778 59.127171 7.275156
v -0.002778 56.277756 5.376185
v -0.002777 55.089714 4.363020
v -1.363803 55.163849 4.294589
v -0.002777 55.089714 4.363020
v -0.002777 54.907227 2.355697
v -1.088176 54.956646 2.298671
v -1.363803 55.163849 4.294589
v -1.088176 54.956646 2.298671
v -0.002777 54.907227 2.355697
v -0.002778 56.566692 -1.434642
v -0.854369 56.587605 -1.402327
v -0.957017 63.575207 6.832253
v -0.957017 62.347244 7.493757
v -2.295231 59.205105 7.143997
v -2.295231 60.571835 6.106120
v -0.002778 62.324436 7.708555
v -0.957017 62.347244 7.493757
v -0.957017 63.575207 6.832253
v -0.002779 63.552395 7.047051
v -2.295231 59.205105 7.143997
v -1.614718 56.416519 5.248826
v -1.363803 56.391815 3.633084
v -2.295231 60.571835 6.106120
v -1.363803 55.163849 4.294589
v -1.088176 54.956646 2.298671
v -0.854369 57.815567 -2.063831
v -0.854369 56.587605 -1.402327
v 0.846912 56.587605 -1.402327
v 0.846912 57.815567 -2.063831
v -0.002778 56.566692 -1.434642
v -0.854369 57.815567 -2.063831
v -0.854369 56.587605 -1.402327
v 3.251516 56.591404 3.912513
v 3.251516 58.589222 4.254670
v 3.251516 58.900967 -0.930910
v 3.251516 56.901249 -0.322631
v 3.251516 56.591404 3.912513
v 3.251516 56.901249 -0.322631
v 1.595856 55.829151 2.720666
v -3.258973 58.900967 -0.930910
v -3.258973 56.901249 -0.322631
v 3.251516 56.901249 -0.322631
v 3.251516 58.900967 -0.930910
v 3.251516 56.591404 3.912513
v -3.258973 56.591404 3.912513
v -3.258973 58.589222 4.254670
v 3.251516 58.589222 4.254670
v 1.595856 55.829151 2.720666
v -1.603313 55.829151 2.720666
v -3.258973 56.591404 3.912513
v 3.251516 56.591404 3.912513
v 3.251516 56.901249 -0.322631
v -3.258973 56.901249 -0.322631
v -1.603313 55.829151 2.720666
v 1.595856 55.829151 2.720666
v -3.258973 56.591404 3.912513
v -1.603313 55.829151 2.720666
v -3.258973 56.901249 -0.322631
v 1.540728 69.756851 -2.421193
v -0.029392 69.756851 -2.421193
v -0.029392 68.089783 -6.302777
v 1.540728 68.089783 -6.302777
v 1.540728 66.084366 -5.418870
v 1.540728 68.089783 -6.302777
v -0.029392 68.089783 -6.302777
v -0.029391 66.084366 -5.418870
v 1.540728 69.756851 -2.421193
v 1.540728 68.089783 -6.302777
v 1.540728 66.084366 -5.418870
v -0.029391 62.727421 6.971016
v -0.029392 66.639427 8.037405
v 3.487221 67.625969 7.398713
v 3.291432 64.291832 6.043391
v 6.771929 69.718834 4.501783
v 6.771929 67.454895 4.258471
v 3.487221 67.625969 7.398713
v -0.029392 66.639427 8.037405
v -0.029392 67.029099 6.594645
v 2.814314 67.971931 6.106119
v 6.771929 69.718834 4.501783
v 5.504046 69.844292 3.701515
v 6.771929 67.454895 4.258471
v 6.771929 69.718834 4.501783
v 5.504046 69.844292 3.701515
v 7.136855 88.571716 4.794544
v 7.503723 88.225754 3.958160
v 7.503724 85.041779 3.958160
v 7.134956 84.695831 4.794544
v 7.503723 90.478287 1.705626
v 7.136854 91.314659 2.051584
v 7.503723 90.478287 -1.478335
v 7.134954 91.314659 -1.824294
v 7.134956 81.954765 2.051585
v 7.503725 82.791153 1.705627
v 7.136856 81.954765 -1.824294
v 7.503725 82.791153 -1.478334
v 7.503723 88.225754 -3.728966
v 7.503723 90.478287 -1.478335
v 7.134954 91.314659 -1.824294
v 6.747176 90.029678 -3.208127
v 6.747177 88.571716 -4.565350
v 6.494361 87.640282 -6.112659
v 6.747178 84.695831 -4.565350
v 6.494361 83.764404 -6.112659
v 6.747178 83.226448 -3.206227
v 6.494362 82.118248 -5.013957
v 6.747177 88.571716 -4.565350
v 6.747178 84.695831 -4.565350
v 7.503724 85.041779 -3.728966
v 7.503723 88.225754 -3.728966
v 6.747178 83.226448 -3.206227
v 7.136856 81.954765 -1.824294
v 7.503725 82.791153 -1.478334
v 7.503724 85.041779 -3.728966
v 6.747178 84.695831 -4.565350
v 2.487323 84.695831 5.041658
v 2.487322 88.571716 5.041657
v 7.136855 88.571716 4.794544
v 7.134956 84.695831 4.794544
v 2.487323 81.954765 2.300600
v 2.487323 84.695831 5.041658
v 7.134956 84.695831 4.794544
v 7.134956 81.954765 2.051585
v 2.487323 81.954765 -1.575279
v 2.487323 81.954765 2.300600
v 7.134956 81.954765 2.051585
v 7.136856 81.954765 -1.824294
v 2.487323 83.226448 -2.957212
v 2.487323 81.954765 -1.575279
v 7.136856 81.954765 -1.824294
v 6.747178 83.226448 -3.206227
v 2.483521 87.545235 -6.298945
v 2.483521 83.667450 -6.298945
v 6.494361 83.764404 -6.112659
v 6.494361 87.640282 -6.112659
v 2.483522 82.023193 -5.198341
v 6.494362 82.118248 -5.013957
v 6.494361 83.764404 -6.112659
v 2.483521 83.667450 -6.298945
v 2.487321 91.314659 -1.575279
v 2.487321 90.029678 -2.961014
v 6.747176 90.029678 -3.208127
v 7.134954 91.314659 -1.824294
v 6.494361 87.640282 -6.112659
v 2.483521 87.545235 -6.298945
v 2.487321 91.314659 2.300599
v 2.487321 91.314659 -1.575279
v 7.134954 91.314659 -1.824294
v 7.136854 91.314659 2.051584
v 2.487322 88.571716 5.041657
v 2.487321 91.314659 2.300599
v 7.136854 91.314659 2.051584
v 7.136855 88.571716 4.794544
v 2.483522 82.023193 -5.198341
v 2.487323 83.226448 -2.957212
v 6.747178 83.226448 -3.206227
v 6.494362 82.118248 -5.013957
v 9.455919 88.107887 3.252936
v 10.374042 86.805794 0.106993
v 9.455920 85.501793 3.252936
v 9.455918 89.949837 1.409091
v 9.455918 89.949837 -1.195105
v 9.455919 88.107887 -3.038950
v 9.455920 85.501793 -3.038950
v 9.455920 83.659843 -1.195105
v 9.455920 83.659843 1.409091
v 7.503724 85.041779 3.958160
v 7.503723 88.225754 3.958160
v 9.455919 88.107887 3.252936
v 9.455920 85.501793 3.252936
v 7.503725 82.791153 1.705627
v 7.503724 85.041779 3.958160
v 9.455920 85.501793 3.252936
v 9.455920 83.659843 1.409091
v 7.503725 82.791153 -1.478334
v 7.503725 82.791153 1.705627
v 9.455920 83.659843 1.409091
v 9.455920 83.659843 -1.195105
v 7.503724 85.041779 -3.728966
v 7.503725 82.791153 -1.478334
v 9.455920 83.659843 -1.195105
v 9.455920 85.501793 -3.038950
v 7.503723 88.225754 -3.728966
v 7.503724 85.041779 -3.728966
v 9.455920 85.501793 -3.038950
v 9.455919 88.107887 -3.038950
v 7.503723 90.478287 -1.478335
v 7.503723 88.225754 -3.728966
v 9.455919 88.107887 -3.038950
v 9.455918 89.949837 -1.195105
v 7.503723 90.478287 1.705626
v 7.503723 90.478287 -1.478335
v 9.455918 89.949837 -1.195105
v 9.455918 89.949837 1.409091
v 7.503723 88.225754 3.958160
v 7.503723 90.478287 1.705626
v 9.455918 89.949837 1.409091
v 9.455919 88.107887 3.252936
v 5.972817 88.745056 0.890913
v 3.345812 89.479073 -5.507390
v 4.266599 80.302933 -5.513838
v 6.057143 80.226898 2.313971
v 4.465180 75.874123 -2.912490
v 5.574617 76.012444 1.300497
v 4.590725 73.026329 1.311133
v 3.583636 72.364586 -2.654458
v 4.233975 71.935028 1.310518
v 3.308540 71.079857 -2.607479
v 4.946972 80.320038 8.524109
v 4.539740 85.613823 6.502048
v 5.972817 88.745056 0.890913
v 6.057143 80.226898 2.313971
v 3.160543 75.875710 8.084649
v 5.574617 76.012444 1.300497
v 4.590725 73.026329 1.311133
v 2.281346 72.704781 6.279835
v 4.233975 71.935028 1.310518
v 1.966453 71.547356 5.615779
v -0.035840 89.478828 -5.507420
v 3.345812 89.479073 -5.507390
v 5.972817 88.745056 0.890913
v -0.029438 88.847351 0.884455
v -0.035662 85.632500 6.502010
v 4.539740 85.613823 6.502048
v -0.029374 80.321938 -5.513880
v 4.266599 80.302933 -5.513838
v 3.345812 89.479073 -5.507390
v -0.035840 89.478828 -5.507420
v -0.051293 75.878510 -2.912509
v 4.465180 75.874123 -2.912490
v 4.266599 80.302933 -5.513838
v -0.029374 80.321938 -5.513880
v -0.051293 75.878510 -2.912509
v -0.069799 72.290390 -2.800866
v 3.583636 72.364586 -2.654458
v 4.465180 75.874123 -2.912490
v 3.308540 71.079857 -2.607479
v -0.029392 70.981010 -2.807072
v 3.861745 65.585632 -4.420960
v -0.029391 65.584435 -4.827698
v -0.070008 72.661232 7.015449
v -0.059575 75.976929 8.470558
v 3.160543 75.875710 8.084649
v 2.281346 72.704781 6.279835
v 4.946972 80.320038 8.524109
v -0.029516 80.244003 9.027791
v -0.069327 71.450668 6.478721
v 1.966453 71.547356 5.615779
v -0.039000 66.655701 5.606297
v 4.421541 66.656540 4.360133
v 3.308540 71.079857 -2.607479
v 3.861745 65.585632 -4.420960
v 4.233975 71.935028 1.310518
v 4.421541 66.656540 4.360133
v -0.029516 80.244003 9.027791
v -0.035662 85.632500 6.502010
v 4.539740 85.613823 6.502048
v 4.946972 80.320038 8.524109
v 4.233975 71.935028 1.310518
v 4.421541 66.656540 4.360133
v 1.966453 71.547356 5.615779
v 7.007617 80.236397 -1.542890
v 7.885827 80.916908 -2.219591
v 6.684496 82.353973 -4.399904
v 3.036703 80.264908 -2.457248
v 3.036724 82.028931 -4.639449
v 3.036683 78.590240 -0.383397
v 7.026613 79.206123 -0.178063
v 6.163574 79.154800 4.243358
v 4.996438 76.605721 4.245246
v 3.036638 76.605721 4.245226
v 3.036638 79.164307 4.245227
v 3.036633 80.207886 4.672923
v 6.306136 80.190781 4.507579
v 3.036617 84.125587 6.281061
v 7.355402 84.074257 6.123331
v 8.136678 81.329399 4.460076
v 3.036683 78.590240 -0.383397
v 6.268155 76.624733 0.835094
v 7.026613 79.206123 -0.178063
v 7.026613 79.206123 -0.178063
v 6.268155 76.624733 0.835094
v 6.275744 76.619034 2.308270
v 7.439078 78.584541 2.308282
v 8.079679 80.202187 1.703810
v 7.007617 80.236397 -1.542890
v 6.275744 76.619034 2.308270
v 4.996438 76.605721 4.245246
v 6.163574 79.154800 4.243358
v 7.439078 78.584541 2.308282
v 6.306136 80.190781 4.507579
v 8.079679 80.202187 1.703810
v 7.458055 84.076149 5.524558
v 8.235524 82.388184 4.315609
v 8.136678 81.329399 4.460076
v 7.355402 84.074257 6.123331
v 8.444641 80.723022 2.053574
v 8.444641 81.413040 2.053574
v 7.887727 81.565109 -2.219591
v 7.885827 80.916908 -2.219591
v 6.684496 82.353973 -4.399904
v 7.032353 82.663811 -4.029230
v 5.258851 84.108467 -5.310435
v 3.036617 84.125587 6.281061
v 3.036623 84.121788 5.661377
v 7.458055 84.076149 5.524558
v 7.355402 84.074257 6.123331
v 3.036700 81.565109 -2.219638
v 3.036718 82.663811 -4.029269
v 7.032353 82.663811 -4.029230
v 7.887727 81.565109 -2.219591
v 5.258851 84.108467 -5.310435
v 3.036730 84.108467 -5.310456
v 7.887727 81.565109 -2.219591
v 8.444641 81.413040 2.053574
v 3.036658 81.413040 2.053522
v 3.036700 81.565109 -2.219638
v 8.235524 82.388184 4.315609
v 3.036636 82.352074 4.355477
v 5.258851 84.108467 -5.310435
v 3.036736 84.108467 -5.909232
v 3.036724 82.028931 -4.639449
v 6.684496 82.353973 -4.399904
v 3.036736 84.108467 -5.909232
v 5.258851 84.108467 -5.310435
v 3.036730 84.108467 -5.310456
v 3.036623 84.121788 5.661377
v 3.036636 82.352074 4.355477
v 8.235524 82.388184 4.315609
v 7.458055 84.076149 5.524558
v 8.444641 80.723022 2.053574
v 7.885827 80.916908 -2.219591
v 7.007617 80.236397 -1.542890
v 8.079679 80.202187 1.703810
v 6.306136 80.190781 4.507579
v 8.136678 81.329399 4.460076
v 8.444641 80.723022 2.053574
v 8.079679 80.202187 1.703810
v 1.669687 75.330284 1.576654
v 5.624413 73.711403 4.364320
v 5.612229 75.096672 5.186278
v 1.655601 76.715553 2.398610
v 1.655601 76.715553 2.398610
v 5.612229 75.096672 5.186278
v 4.724446 75.230377 6.524568
v 0.767818 76.849258 3.736899
v 0.767818 76.849258 3.736899
v 4.724446 75.230377 6.524568
v 3.848848 73.980721 7.039001
v -0.071663 75.599632 4.251333
v -0.071663 75.599632 4.251333
v 3.848848 73.980721 7.039001
v 3.861032 72.595467 6.217044
v -0.070882 74.212448 3.429376
v -0.070882 74.212448 3.429376
v 3.861032 72.595467 6.217044
v 4.748816 72.459846 4.878753
v 0.794091 74.078735 2.091086
v 0.794091 74.078735 2.091086
v 4.748816 72.459846 4.878753
v 5.624413 73.711403 4.364320
v 1.669687 75.330284 1.576654
v 5.624413 73.711403 4.364320
v 4.736631 73.845108 5.700709
v 5.612229 75.096672 5.186278
v 4.724446 75.230377 6.524568
v 3.848848 73.980721 7.039001
v 3.861032 72.595467 6.217044
v 4.748816 72.459846 4.878753
v 2.142300 76.582413 -0.346325
v 6.686328 74.907494 1.262769
v 6.849060 76.226273 2.175931
v 2.305033 77.899292 0.566835
v 2.305033 77.899292 0.566835
v 6.849060 76.226273 2.175931
v 6.309213 76.225113 3.694728
v 1.767088 77.898132 2.085633
v 1.767088 77.898132 2.085633
v 6.309213 76.225113 3.694728
v 5.610435 74.905182 4.300363
v 1.066407 76.580101 2.691268
v 1.066407 76.580101 2.691268
v 5.610435 74.905182 4.300363
v 5.447702 73.588295 3.387202
v 0.903675 75.261314 1.778107
v 0.903675 75.261314 1.778107
v 5.447702 73.588295 3.387202
v 5.985648 73.589455 1.868407
v 1.441621 75.262474 0.259312
v 1.441621 75.262474 0.259312
v 5.985648 73.589455 1.868407
v 6.686328 74.907494 1.262769
v 2.142300 76.582413 -0.346325
v 6.686328 74.907494 1.262769
v 6.148381 74.906342 2.781567
v 6.849060 76.226273 2.175931
v 6.309213 76.225113 3.694728
v 5.610435 74.905182 4.300363
v 5.447702 73.588295 3.387202
v 5.985648 73.589455 1.868407
v -0.029475 89.896629 4.678596
v 1.785859 89.896629 4.678614
v 2.097600 86.400932 4.961845
v -0.029477 86.400932 4.961824
v -0.029475 89.896629 4.678596
v -0.029457 90.168457 2.889875
v 1.706038 90.168457 2.889892
v 1.785859 89.896629 4.678614
v 1.785859 89.896629 4.678614
v 1.706038 90.168457 2.889892
v 2.097632 88.043282 1.673338
v 2.097600 86.400932 4.961845
v 5.868654 71.620911 1.449348
v 5.918233 71.044968 1.441589
v 5.444372 71.076157 4.726836
v 5.399185 71.448799 4.760621
v 5.503632 71.817200 -0.736601
v 5.553272 71.024551 -0.757727
v 4.231874 69.299850 -3.428164
v 3.923686 71.000984 -2.711288
v 3.115979 69.869911 -3.161959
v 5.918233 71.044968 1.441589
v 8.317339 70.764313 1.416666
v 7.716663 70.800430 4.499882
v 5.444372 71.076157 4.726836
v 5.553272 71.024551 -0.757727
v 7.532278 70.602745 -1.204636
v 7.716663 70.800430 4.499882
v 8.317339 70.764313 1.416666
v 8.294529 69.197990 1.234183
v 7.112186 67.325638 4.125410
v 8.294529 69.197990 1.234183
v 8.317339 70.764313 1.416666
v 7.532278 70.602745 -1.204636
v 7.614016 69.023117 -1.033557
v 5.414707 69.407089 -3.542710
v 5.920339 67.599358 -3.346920
v 3.063327 67.238197 -5.863675
v 4.099303 65.251785 -5.215477
v 2.090082 65.603447 -6.371207
v 3.141263 64.018112 -6.032851
v -0.029391 63.179825 -7.171475
v -0.029392 66.802902 -6.859732
v 4.231874 69.299850 -3.428164
v 5.414707 69.407089 -3.542710
v 7.532278 70.602745 -1.204636
v 5.553272 71.024551 -0.757727
v 3.063327 67.238197 -5.863675
v 3.833389 72.092735 -2.970750
v 3.923686 71.000984 -2.711288
v 5.553272 71.024551 -0.757727
v 5.503632 71.817200 -0.736601
v 4.231874 69.299850 -3.428164
v -0.029391 63.179825 -7.171475
v -0.029390 56.410820 -3.379233
v 1.487506 57.589363 -3.497088
v 3.141263 64.018112 -6.032851
v 7.716663 70.800430 4.499882
v 7.112186 67.325638 4.125410
v 5.123873 68.694267 6.843658
v 3.215397 64.002907 7.142095
v 2.329591 65.086403 7.853021
v 1.439983 62.765438 7.353092
v 0.998981 63.582809 7.769383
v 5.399185 71.448799 4.760621
v 4.379790 71.334747 3.563597
v 4.743443 71.468452 0.996834
v 5.868654 71.620911 1.449348
v 4.460179 71.622726 -0.696809
v 5.503632 71.817200 -0.736601
v 3.393826 71.835426 -2.206141
v 3.833389 72.092735 -2.970750
v -0.029391 60.520504 0.302756
v 4.379790 71.334747 3.563597
v 5.399185 71.448799 4.760621
v 5.444372 71.076157 4.726836
v 3.923686 71.000984 -2.711288
v 3.431383 70.846832 -1.933855
v 3.173667 69.479950 -2.577153
v 3.115979 69.869911 -3.161959
v 3.115979 69.869911 -3.161959
v 3.173667 69.479950 -2.577153
v 4.038000 68.559914 -2.785684
v 7.716663 70.800430 4.499882
v -0.029391 60.520504 0.302756
v 5.444372 71.076157 4.726836
v 8.294529 69.197990 1.234183
v 6.825153 67.743828 1.078312
v 6.007780 66.333374 3.568454
v 7.112186 67.325638 4.125410
v 7.614016 69.023117 -1.033557
v 6.454484 67.802757 -0.841570
v 5.920339 67.599358 -3.346920
v 4.631547 66.173706 -2.611283
v 4.099303 65.251785 -5.215477
v 3.148868 64.269028 -4.069252
v 3.141263 64.018112 -6.032851
v 2.110990 63.022053 -4.227024
v 2.601416 63.485867 6.125128
v 3.215397 64.002907 7.142095
v 1.255598 62.548737 6.161245
v 1.439983 62.765438 7.353092
v 3.833389 72.092735 -2.970750
v 3.393826 71.835426 -2.206141
v 3.431383 70.846832 -1.933855
v 3.923686 71.000984 -2.711288
v 4.231874 69.299850 -3.428164
v 4.038000 68.559914 -2.785684
v 2.873240 67.194481 -4.360085
v 3.063327 67.238197 -5.863675
v 2.143305 65.882874 -5.065309
v 2.090082 65.603447 -6.371207
v 2.090082 65.603447 -6.371207
v 2.143305 65.882874 -5.065309
v -0.029392 67.202072 -5.441680
v -0.029392 66.802902 -6.859732
v 1.487506 57.589363 -3.497088
v 0.993279 58.096897 -3.059888
v 2.110990 63.022053 -4.227024
v 3.141263 64.018112 -6.032851
v -0.029390 56.410820 -3.379233
v -0.029390 56.754875 -2.753847
v 0.993279 58.096897 -3.059888
v 1.487506 57.589363 -3.497088
v 5.123873 68.694267 6.843658
v -0.029391 60.520504 0.302756
v 7.716663 70.800430 4.499882
v 2.329591 65.086403 7.853021
v 0.998981 63.582809 7.769383
v 1.255598 62.548737 6.161245
v -0.029391 60.520504 0.302756
v 0.998981 63.582809 7.769383
v 1.439983 62.765438 7.353092
v 4.379790 71.334747 3.563597
v -0.029391 60.520504 0.302756
v 4.743443 71.468452 0.996834
v 4.460179 71.622726 -0.696809
v 3.393826 71.835426 -2.206141
v 3.431383 70.846832 -1.933855
v -0.029391 60.520504 0.302756
v 3.173667 69.479950 -2.577153
v 3.173667 69.479950 -2.577153
v -0.029391 60.520504 0.302756
v 4.038000 68.559914 -2.785684
v 3.393826 71.835426 -2.206141
v -0.029391 60.520504 0.302756
v 3.431383 70.846832 -1.933855
v 4.038000 68.559914 -2.785684
v -0.029391 60.520504 0.302756
v 2.873240 67.194481 -4.360085
v 2.143305 65.882874 -5.065309
v 2.143305 65.882874 -5.065309
v -0.029391 60.520504 0.302756
v -0.029392 67.202072 -5.441680
v 3.928226 60.676373 5.615695
v -0.029390 58.323101 1.498405
v 2.525381 60.052895 5.163288
v 7.319381 63.643646 3.311837
v 8.218493 65.124428 0.475736
v 7.866832 65.171944 -1.322491
v 6.152246 63.579010 -2.647398
v 4.762708 61.725662 -3.767011
v 3.481520 60.626953 -3.234768
v 2.418933 58.450455 -2.512436
v -0.029390 58.323101 1.498405
v 3.481520 60.626953 -3.234768
v -0.029390 56.849926 -1.934571
v -0.029390 58.323101 1.498405
v 2.418933 58.450455 -2.512436
v 2.601416 63.485867 6.125128
v 3.928226 60.676373 5.615695
v 2.525381 60.052895 5.163288
v 1.255598 62.548737 6.161245
v 1.255598 62.548737 6.161245
v 2.525381 60.052895 5.163288
v -0.029390 58.323101 1.498405
v 6.007780 66.333374 3.568454
v 7.319381 63.643646 3.311837
v 3.928226 60.676373 5.615695
v 2.601416 63.485867 6.125128
v 6.825153 67.743828 1.078312
v 8.218493 65.124428 0.475736
v 7.319381 63.643646 3.311837
v 6.007780 66.333374 3.568454
v 6.454484 67.802757 -0.841570
v 7.866832 65.171944 -1.322491
v 8.218493 65.124428 0.475736
v 6.825153 67.743828 1.078312
v 4.631547 66.173706 -2.611283
v 6.152246 63.579010 -2.647398
v 7.866832 65.171944 -1.322491
v 6.454484 67.802757 -0.841570
v 3.148868 64.269028 -4.069252
v 4.762708 61.725662 -3.767011
v 2.110990 63.022053 -4.227024
v 3.481520 60.626953 -3.234768
v 4.762708 61.725662 -3.767011
v 3.148868 64.269028 -4.069252
v 0.993279 58.096897 -3.059888
v 2.418933 58.450455 -2.512436
v -0.029390 56.754875 -2.753847
v -0.029390 56.849926 -1.934571
v 2.418933 58.450455 -2.512436
v 0.993279 58.096897 -3.059888
v 1.255598 62.548737 6.161245
v -0.029390 58.323101 1.498405
v -0.029391 60.520504 0.302756
v 3.115979 69.869911 -3.161959
v 4.038000 68.559914 -2.785684
v 4.231874 69.299850 -3.428164
v 2.787682 94.428322 -1.866079
v 0.808882 94.802795 -2.789922
v 0.803192 94.703941 -4.025490
v 3.542345 93.892281 -3.614873
v 5.042114 93.154739 -1.721591
v 3.734301 93.886574 -0.506946
v 3.988974 91.451538 4.165401
v 5.137102 91.012444 4.055160
v 5.137102 91.012444 4.055160
v 5.555287 89.934647 4.676749
v 3.988974 91.451538 4.165401
v 3.101254 90.174156 5.402860
v 4.962213 89.738861 5.068325
v 3.504238 89.619102 5.667084
v 4.671376 89.472740 5.364857
v 0.803192 94.703941 -4.025490
v 1.137739 93.553917 -3.382991
v 3.570852 92.833488 -3.019900
v 3.542345 93.892281 -3.614873
v 0.808882 94.802795 -2.789922
v 1.141529 93.641357 -2.286188
v 1.137739 93.553917 -3.382991
v 0.803192 94.703941 -4.025490
v 2.787682 94.428322 -1.866079
v 2.899829 93.308708 -1.464993
v 1.141529 93.641357 -2.286188
v 0.808882 94.802795 -2.789922
v 3.542345 93.892281 -3.614873
v 3.570852 92.833488 -3.019900
v 4.903347 92.179588 -1.337615
v 5.042114 93.154739 -1.721591
v 3.734301 93.886574 -0.506946
v 3.741903 92.827797 -0.257933
v 2.899829 93.308708 -1.464993
v 2.787682 94.428322 -1.866079
v 5.042114 93.154739 -1.721591
v 4.903347 92.179588 -1.337615
v 4.986936 90.274902 3.794739
v 5.137102 91.012444 4.055160
v 5.137102 91.012444 4.055160
v 4.986936 90.274902 3.794739
v 5.357601 89.316864 4.345997
v 5.555287 89.934647 4.676749
v 5.555287 89.934647 4.676749
v 5.357601 89.316864 4.345997
v 4.832956 89.143883 4.693851
v 4.962213 89.738861 5.068325
v 4.572534 88.908180 4.958069
v 4.671376 89.472740 5.364857
v 3.101254 90.174156 5.402860
v 3.177293 89.529762 4.992272
v 3.966166 90.666481 3.891673
v 3.988974 91.451538 4.165401
v 4.671376 89.472740 5.364857
v 4.572534 88.908180 4.958069
v 3.534656 89.037437 5.226083
v 3.504238 89.619102 5.667084
v 3.504238 89.619102 5.667084
v 3.534656 89.037437 5.226083
v 3.177293 89.529762 4.992272
v 3.101254 90.174156 5.402860
v 3.988974 91.451538 4.165401
v 3.966166 90.666481 3.891673
v 3.741903 92.827797 -0.257933
v 3.734301 93.886574 -0.506946
v 2.846627 68.260864 5.378086
v 2.846627 68.260864 6.009174
v 3.084677 70.640671 6.651244
v 3.084677 70.641273 5.582954
v 1.497008 66.800995 6.879775
v 1.749141 69.257355 7.779583
v 3.084677 70.640671 6.651244
v 2.846627 68.260864 6.009174
v 1.749141 69.257355 7.779583
v 1.749141 69.258202 6.289300
v 3.084677 70.641273 5.582954
v 3.084677 70.640671 6.651244
v 1.749141 69.257355 7.779583
v -0.068091 69.256340 7.779583
v -0.068091 69.257172 6.289300
v 1.749141 69.258202 6.289300
v -1.885326 69.255310 7.779583
v -1.885326 69.256149 6.289300
v 1.497008 66.800995 6.879775
v -0.029392 66.800995 6.879775
v -0.068091 69.256340 7.779583
v 1.749141 69.257355 7.779583
v 1.116834 66.086273 8.495517
v 0.521862 63.387024 7.613512
v -0.029391 63.301483 7.632521
v -0.029392 66.356186 8.687504
v 1.152950 65.605347 8.349150
v 1.945614 65.333519 7.995586
v -0.029392 66.356186 8.687504
v -0.029392 66.356186 7.813104
v 1.116834 66.086273 7.621115
v 1.116834 66.086273 8.495517
v 0.521862 63.387024 7.613512
v 0.521862 63.387024 6.739110
v -0.029391 63.301483 6.758119
v -0.029391 63.301483 7.632521
v 1.945614 65.333519 7.995586
v 1.945614 65.333519 7.121186
v 0.521862 63.387024 6.739110
v 0.521862 63.387024 7.613512
v 1.152950 65.605347 8.349150
v 1.152950 65.605347 7.474749
v 1.945614 65.333519 7.121186
v 1.945614 65.333519 7.995586
v 1.116834 66.086273 8.495517
v 1.116834 66.086273 7.621115
v 1.152950 65.605347 7.474749
v 1.152950 65.605347 8.349150
v 4.886250 92.913322 -2.440123
v 3.591774 94.012032 -4.289683
v 3.384601 92.261330 -6.452878
v 4.534614 90.978218 -4.960680
v 2.612878 88.731400 -9.690069
v 4.437695 86.435143 -7.393797
v 1.901964 86.826736 -10.935151
v 3.261076 85.197678 -9.682461
v 6.186479 82.169586 -5.527126
v 4.067033 83.023071 -8.313823
v 2.612878 88.731400 -9.690069
v -0.029332 88.986115 -9.922003
v -0.029320 87.100449 -11.087239
v 1.901964 86.826736 -10.935151
v -0.029362 92.441917 -6.931929
v 3.384601 92.261330 -6.452878
v -0.029386 94.529068 -4.472202
v 3.591774 94.012032 -4.289683
v 4.067033 83.023071 -8.313823
v 4.450989 80.302933 -6.243772
v 6.144653 80.196480 -4.770578
v 6.186479 82.169586 -5.527126
v 7.701451 80.949219 -3.208046
v 7.372602 79.839111 -3.240364
v 8.469389 79.160507 -1.542876
v 7.051343 76.928879 -2.113150
v 8.554895 77.964859 1.798858
v 7.515116 76.217949 2.007944
v 7.051354 78.759422 -3.270783
v 6.169361 79.044548 -4.462637
v 4.517517 79.810608 -5.909217
v 4.215271 77.634102 -5.154573
v 4.091719 78.614952 -5.622189
v 3.928243 78.204369 -5.605082
v 3.876922 78.806938 -5.781865
v -0.029365 79.590103 -6.443405
v -0.029367 78.740410 -6.213401
v 4.215271 77.634102 -5.154573
v 3.928243 78.204369 -5.605082
v -0.029368 77.968658 -6.015710
v -0.029369 77.259636 -5.911161
v 1.660533 82.836792 -8.846093
v 1.407725 84.022942 -9.680578
v 0.938219 82.958450 -10.598704
v 0.983837 82.384384 -10.231833
v -0.029329 84.597000 -10.207131
v -0.029321 83.551514 -11.003599
v 0.558047 83.334808 -10.872433
v 0.810853 84.479149 -9.849760
v 0.938219 82.958450 -10.598704
v 1.407725 84.022942 -9.680578
v 1.227130 82.319756 -8.304348
v 0.704406 81.949097 -9.975219
v -0.029332 81.686760 -9.838364
v -0.029350 81.964287 -7.977409
v 0.704406 81.949097 -9.975219
v 1.227130 82.319756 -8.304348
v 1.660533 82.836792 -8.846093
v 0.983837 82.384384 -10.231833
v -0.029327 82.614403 -10.368706
v 0.558047 83.334808 -10.872433
v -0.029321 83.551514 -11.003599
v 0.938219 82.958450 -10.598704
v 0.983837 82.384384 -10.231833
v 0.704406 81.949097 -9.975219
v -0.029332 81.686760 -9.838364
v 2.063521 82.709435 -9.022869
v 1.381103 81.878754 -8.431705
v 3.964363 80.301033 -5.937736
v 3.707765 83.068703 -7.882329
v 1.689057 84.152184 -9.887770
v 2.987347 85.142555 -9.357414
v 1.827824 86.511177 -10.317368
v 1.230949 84.635017 -10.197618
v 4.067033 83.023071 -8.313823
v 3.707765 83.068703 -7.882329
v 3.964363 80.301033 -5.937736
v 4.450989 80.302933 -6.243772
v 3.261076 85.197678 -9.682461
v 2.987347 85.142555 -9.357414
v 1.901964 86.826736 -10.935151
v 1.827824 86.511177 -10.317368
v -0.029320 87.100449 -11.087239
v -0.029328 86.822922 -10.323088
v 4.517517 79.810608 -5.909217
v 3.964363 80.301033 -5.937736
v -0.029368 80.091934 -6.139266
v -0.029365 79.590103 -6.443405
v 4.517517 79.810608 -5.909217
v -0.029368 80.091934 -6.139266
v 3.964363 80.301033 -5.937736
v 1.381103 81.878754 -8.431705
v -0.029350 81.591721 -7.926087
v 1.407725 84.022942 -9.680578
v 1.660533 82.836792 -8.846093
v 2.063521 82.709435 -9.022869
v 1.689057 84.152184 -9.887770
v 1.230949 84.635017 -10.197618
v 0.810853 84.479149 -9.849760
v -0.029326 84.922035 -10.433337
v -0.029329 84.597000 -10.207131
v -0.029350 81.591721 -7.926087
v 1.381103 81.878754 -8.431705
v 1.227130 82.319756 -8.304348
v -0.029350 81.964287 -7.977409
v 2.063521 82.709435 -9.022869
v 1.660533 82.836792 -8.846093
v 1.230949 84.635017 -10.197618
v 1.827824 86.511177 -10.317368
v -0.029328 86.822922 -10.323088
v -0.029326 84.922035 -10.433337
v 4.534614 90.978218 -4.960680
v 3.835081 88.221962 -3.652888
v 4.091680 89.628609 -1.824248
v 4.886250 92.913322 -2.440123
v 4.437695 86.435143 -7.393797
v 3.766664 84.923950 -5.257224
v 4.886250 92.913322 -2.440123
v 4.091680 89.628609 -1.824248
v 3.150760 90.425064 -3.166272
v 3.591774 94.012032 -4.289683
v 3.591774 94.012032 -4.289683
v 3.150760 90.425064 -3.166272
v -0.029397 90.801445 -3.299364
v -0.029386 94.529068 -4.472202
v 6.186479 82.169586 -5.527126
v 4.755109 82.391983 -4.147105
v 3.766664 84.923950 -5.257224
v 4.437695 86.435143 -7.393797
v 4.215271 77.634102 -5.154573
v 3.603177 78.533218 -3.795456
v 5.023123 79.557785 -3.291710
v 6.169361 79.044548 -4.462637
v -0.029369 77.259636 -5.911161
v -0.029385 78.261391 -4.344843
v 7.051354 78.759422 -3.270783
v 5.663709 79.350594 -2.426809
v 5.663701 78.021881 -1.586623
v 7.051343 76.928879 -2.113150
v 8.469389 79.160507 -1.542876
v 6.692069 79.643326 -1.172222
v 6.135124 80.939728 -2.381183
v 7.701451 80.949219 -3.208046
v 8.554895 77.964859 1.798858
v 6.754773 78.774628 1.255192
v 4.755109 82.391983 -4.147105
v 6.186479 82.169586 -5.527126
v 7.051343 76.928879 -2.113150
v 5.663701 78.021881 -1.586623
v 6.000126 77.504845 1.405353
v 7.515116 76.217949 2.007944
v 7.515116 76.217949 2.007944
v 6.000126 77.504845 1.405353
v 6.754773 78.774628 1.255192
v 8.554895 77.964859 1.798858
v 6.169361 79.044548 -4.462637
v 5.023123 79.557785 -3.291710
v 5.663709 79.350594 -2.426809
v 7.051354 78.759422 -3.270783
v 3.928243 78.204369 -5.605082
v 3.395985 78.903885 -4.120508
v -0.029384 78.776527 -4.418978
v -0.029368 77.968658 -6.015710
v -0.029367 78.740410 -6.213401
v -0.029383 79.337288 -4.563443
v 3.357969 79.384804 -4.249766
v 3.876922 78.806938 -5.781865
v 3.876922 78.806938 -5.781865
v 3.357969 79.384804 -4.249766
v 3.513839 79.246048 -4.133811
v 4.091719 78.614952 -5.622189
v 4.091719 78.614952 -5.622189
v 3.513839 79.246048 -4.133811
v 3.395985 78.903885 -4.120508
v 3.928243 78.204369 -5.605082
v 6.117557 72.258713 2.242129
v 5.722260 72.112923 4.205648
v 5.720166 72.453102 4.325594
v 6.175849 73.387787 2.381528
v 6.488003 76.033455 -0.074811
v 6.058400 76.043571 -1.595503
v 2.818677 73.798218 -4.088810
v 3.691744 72.794563 -3.226379
v 5.720166 72.453102 4.325594
v 4.802122 72.317116 5.215127
v 5.257752 73.345055 3.073422
v 6.175849 73.387787 2.381528
v 5.569754 76.258881 0.368219
v 6.488003 76.033455 -0.074811
v 5.722260 72.112923 4.205648
v 4.806134 71.940826 5.083755
v 4.802122 72.317116 5.215127
v 5.720166 72.453102 4.325594
v 6.117557 72.258713 2.242129
v 5.199524 72.101936 2.920652
v 4.806134 71.940826 5.083755
v 5.722260 72.112923 4.205648
v 2.773681 72.691345 -3.104781
v 3.691744 72.794563 -3.226379
v 6.488003 76.033455 -0.074811
v 5.569754 76.258881 0.368219
v 5.140151 76.270996 -1.308342
v 6.058400 76.043571 -1.595503
v 6.058400 76.043571 -1.595503
v 5.140151 76.270996 -1.308342
v 1.902458 73.797676 -4.054594
v 2.818677 73.798218 -4.088810
v 2.818677 73.798218 -4.088810
v 1.902458 73.797676 -4.054594
v 2.773681 72.691345 -3.104781
v 3.691744 72.794563 -3.226379
v 6.058400 76.043571 -1.595503
v 3.691744 72.794563 -3.226379
v 6.117557 72.258713 2.242129
v 6.488003 76.033455 -0.074811
v 1.574922 74.835640 -1.149476
v 1.609138 74.837395 -4.221285
v 2.697724 75.927200 -4.209267
v 2.663510 75.925453 -1.137457
v 2.663510 75.925453 -1.137457
v 2.697724 75.927200 -4.209267
v 3.787536 74.838600 -4.198475
v 3.753322 74.836861 -1.124764
v 3.753322 74.836861 -1.124764
v 3.787536 74.838600 -4.198475
v 2.698950 73.748795 -4.210494
v 2.664736 73.747047 -1.138684
v 2.664736 73.747047 -1.138684
v 2.698950 73.748795 -4.210494
v 1.609138 74.837395 -4.221285
v 1.574922 74.835640 -1.149476
v 1.609138 74.837395 -4.221285
v 2.698337 74.837997 -4.209880
v 2.697724 75.927200 -4.209267
v 3.787536 74.838600 -4.198475
v 2.698950 73.748795 -4.210494
v 1.798757 74.182159 -4.941224
v 2.494987 79.985489 -5.665925
v -0.029372 79.985489 -5.665950
v -0.050791 74.181625 -4.941233
v 1.798757 74.182159 -4.941224
v -0.050791 74.181625 -4.941233
v -0.050801 74.180969 -2.682997
v 1.798747 74.181511 -2.682988
v 1.798757 74.182159 -4.941224
v 1.798747 74.181511 -2.682988
v 2.494965 79.985489 -3.432400
v 2.494987 79.985489 -5.665925
v -0.049286 73.544708 -4.866726
v -0.048626 71.120995 -4.523327
v 1.623635 70.676445 -4.144549
v 2.653307 73.043297 -4.187667
v 3.550457 70.986008 -2.988158
v 2.003306 70.113365 -3.824700
v 2.047729 69.596138 -3.842512
v 2.492545 69.516312 -3.532682
v -0.048626 71.120995 -4.523327
v -0.048626 71.120880 -4.088028
v 1.624909 70.676231 -3.708624
v 1.623635 70.676445 -4.144549
v 2.653307 73.043297 -4.187667
v 2.654624 73.043068 -3.751784
v -0.049286 73.544586 -4.429526
v -0.049286 73.544708 -4.866726
v 2.492545 69.516312 -3.532682
v 2.492545 69.516251 -3.095481
v 3.549178 70.986038 -2.551579
v 3.550457 70.986008 -2.988158
v 2.047729 69.596138 -3.842512
v 2.047729 69.596077 -3.407211
v 2.492545 69.516251 -3.095481
v 2.492545 69.516312 -3.532682
v 2.003306 70.113365 -3.824700
v 2.002042 70.113388 -3.386235
v 2.047729 69.596077 -3.407211
v 2.047729 69.596138 -3.842512
v 3.550457 70.986008 -2.988158
v 3.549178 70.986038 -2.551579
v 2.654624 73.043068 -3.751784
v 2.653307 73.043297 -4.187667
v 1.623635 70.676445 -4.144549
v 1.624909 70.676231 -3.708624
v 2.002042 70.113388 -3.386235
v 2.003306 70.113365 -3.824700
v -0.039252 68.383446 -6.427874
v 1.082246 68.497643 -6.232067
v 1.389882 70.601700 -4.564697
v -0.039604 70.806808 -4.705332
v 1.713205 69.400368 -4.346271
v 1.389882 70.601700 -4.564697
v 1.082246 68.497643 -6.232067
v -0.039252 68.383446 -6.427874
v -0.039201 68.031715 -5.912788
v 1.082297 68.143997 -5.716982
v 1.082246 68.497643 -6.232067
v 1.389882 70.601700 -4.564697
v 1.389933 70.249962 -4.049611
v -0.039553 70.455063 -4.190247
v -0.039604 70.806808 -4.705332
v 1.713205 69.400368 -4.346271
v 1.713256 69.048622 -3.831187
v 1.389933 70.249962 -4.049611
v 1.389882 70.601700 -4.564697
v 1.082246 68.497643 -6.232067
v 1.082297 68.143997 -5.716982
v 1.713256 69.048622 -3.831187
v 1.713205 69.400368 -4.346271
v 8.935053 78.400162 3.454521
v 8.058754 77.001114 3.192192
v 4.431835 74.377899 8.655263
v 4.540167 77.088554 10.502913
v 3.996526 75.086929 9.710243
v 3.184846 75.379662 10.428765
v 3.996526 75.086929 9.710243
v 3.409159 75.012794 9.508744
v 2.677317 75.391075 9.982055
v 3.184846 75.379662 10.428765
v 4.431835 74.377899 8.655263
v 3.776037 74.377899 8.495584
v 8.279254 78.493294 3.224509
v 8.935053 78.400162 3.454521
v 4.540167 77.088554 10.502913
v 4.256943 77.343269 9.902233
v 3.184846 75.379662 10.428765
v 2.677317 75.391075 9.982055
v 4.256943 77.343269 9.902233
v 4.540167 77.088554 10.502913
v 8.058754 77.001114 3.192192
v 7.402955 77.023926 2.948875
v 3.776037 74.377899 8.495584
v 4.431835 74.377899 8.655263
v 8.935053 78.400162 3.454521
v 8.279254 78.493294 3.224509
v 7.402955 77.023926 2.948875
v 8.058754 77.001114 3.192192
v 3.409159 75.012794 9.508744
v 3.776037 74.377899 8.495584
v 7.402955 77.023926 2.948875
v 8.279254 78.493294 3.224509
v 4.256943 77.343269 9.902233
v 3.409159 75.012794 9.508744
v 4.256943 77.343269 9.902233
v 2.677317 75.391075 9.982055
v 2.238210 75.256104 10.552311
v -0.029530 75.256104 10.552290
v -0.029549 78.329819 12.487378
v 1.825704 77.499146 12.177555
v 0.865762 78.329819 12.487387
v 0.865762 78.329819 12.487387
v -0.029549 78.329819 12.487378
v -0.029545 78.761322 12.036871
v 0.993125 78.761322 12.036881
v 0.865762 78.329819 12.487387
v 0.993125 78.761322 12.036881
v 2.076627 77.902130 11.525558
v 1.825704 77.499146 12.177555
v -0.029530 75.256104 10.552290
v 2.238210 75.256104 10.552311
v 2.639298 75.936623 10.158835
v -0.029527 75.868179 10.240547
v 1.825704 77.499146 12.177555
v 2.076627 77.902130 11.525558
v 2.639298 75.936623 10.158835
v 2.238210 75.256104 10.552311
v 0.993116 78.761322 12.886569
v -0.029553 78.761322 12.886559
v -0.029555 79.453239 13.088053
v 1.116670 79.453239 13.088063
v 2.470098 78.249985 12.534925
v 2.076618 77.902130 12.377150
v 3.203849 76.014557 11.033242
v 2.639290 75.936623 11.010427
v 1.116670 79.453239 13.088063
v -0.029555 79.453239 13.088053
v -0.029554 79.879036 12.899867
v 1.196512 80.177467 12.599542
v 3.844436 79.200417 11.696652
v 2.470098 78.249985 12.534925
v 3.203849 76.014557 11.033242
v 4.224617 77.381287 11.014243
v 3.840638 80.188873 11.407721
v 3.833040 82.272232 10.801343
v 5.237788 80.194580 10.284319
v 7.566381 81.854042 7.923459
v 4.618103 82.485130 10.413572
v 6.068487 84.712952 8.429075
v 8.769646 84.171204 6.609967
v 8.720225 84.752876 6.387566
v 6.045704 88.204857 5.596776
v 10.048950 82.295044 4.944816
v 7.572088 80.204086 7.526176
v 10.037559 80.215492 3.450732
v 9.123238 78.706200 3.682628
v -0.029553 78.761322 12.886559
v 0.993116 78.761322 12.886569
v 0.993125 78.761322 12.036881
v -0.029545 78.761322 12.036871
v -0.029554 79.879036 12.899867
v -0.029545 79.879036 12.048276
v 1.196521 80.177467 11.747952
v 1.196512 80.177467 12.599542
v 3.833048 82.272232 9.951653
v 3.833040 82.272232 10.801343
v 4.618111 82.485130 9.561980
v 4.618103 82.485130 10.413572
v 2.076618 77.902130 12.377150
v 2.076627 77.902130 11.525558
v 0.993125 78.761322 12.036881
v 0.993116 78.761322 12.886569
v 2.639290 75.936623 11.010427
v 2.639298 75.936623 10.158835
v 2.076627 77.902130 11.525558
v 2.076618 77.902130 12.377150
v 3.203849 76.014557 11.033242
v 3.203857 76.014557 10.183552
v 2.639298 75.936623 10.158835
v 2.639290 75.936623 11.010427
v 4.224617 77.381287 11.014243
v 4.224626 77.381287 10.164554
v 3.203857 76.014557 10.183552
v 3.203849 76.014557 11.033242
v 4.618103 82.485130 10.413572
v 4.618111 82.485130 9.561980
v 6.068495 84.712952 7.577485
v 6.068487 84.712952 8.429075
v 6.068495 84.712952 7.577485
v 6.045712 88.204857 4.747087
v 6.045704 88.204857 5.596776
v 6.068487 84.712952 8.429075
v 6.045704 88.204857 5.596776
v 6.045712 88.204857 4.747087
v 8.720233 84.752876 5.537876
v 8.720225 84.752876 6.387566
v 8.720225 84.752876 6.387566
v 8.720233 84.752876 5.537876
v 8.769654 84.171204 5.758378
v 8.769646 84.171204 6.609967
v 4.224617 77.381287 11.014243
v 9.123238 78.706200 3.682628
v 9.123246 78.706200 2.831037
v 4.224626 77.381287 10.164554
v 8.769646 84.171204 6.609967
v 8.769654 84.171204 5.758378
v 10.048958 82.295044 4.093225
v 10.048950 82.295044 4.944816
v 10.037559 80.215492 3.450732
v 10.037566 80.215492 2.601042
v 9.123246 78.706200 2.831037
v 9.123238 78.706200 3.682628
v 10.048950 82.295044 4.944816
v 10.048958 82.295044 4.093225
v 10.037566 80.215492 2.601042
v 10.037559 80.215492 3.450732
v 8.720233 84.752876 5.537876
v 6.045712 88.204857 4.747087
v 6.068495 84.712952 7.577485
v 8.769654 84.171204 5.758378
v 4.618111 82.485130 9.561980
v 10.048958 82.295044 4.093225
v 4.224626 77.381287 10.164554
v 9.123246 78.706200 2.831037
v 10.037566 80.215492 2.601042
v 3.420592 89.151489 6.343794
v 4.196138 87.305740 7.459612
v -0.029511 87.820877 8.394799
v 2.236356 90.113342 5.621450
v -0.029532 84.549469 10.603613
v 4.481250 83.802437 9.465034
v 0.922788 80.536736 12.413254
v -0.029551 80.264908 12.671763
v -0.029487 90.320534 5.957883
v 5.199790 85.013290 8.316916
v 5.148478 86.938873 7.056637
v 2.236356 90.113342 5.621450
v 2.650757 88.978500 4.465725
v 3.833093 88.016678 5.189969
v 3.420592 89.151489 6.343794
v 3.420592 89.151489 6.343794
v 3.833093 88.016678 5.189969
v 4.608639 86.170921 6.303888
v 4.196138 87.305740 7.459612
v 4.481250 83.802437 9.465034
v 4.893751 82.667618 8.309309
v 1.164211 80.185074 11.223310
v 0.922788 80.536736 12.413254
v 5.199790 85.013290 8.316916
v 5.612290 83.878471 7.163091
v 5.148478 86.938873 7.056637
v 5.560978 85.804054 5.900911
v 0.922788 80.536736 12.413254
v 1.164211 80.185074 11.223310
v -0.029540 79.886642 11.516032
v -0.029551 80.264908 12.671763
v -0.029487 90.320534 5.957883
v -0.029476 89.185707 4.804053
v 2.650757 88.978500 4.465725
v 2.236356 90.113342 5.621450
v 4.196138 87.305740 7.459612
v 4.608639 86.170921 6.303888
v 5.560978 85.804054 5.900911
v 5.148478 86.938873 7.056637
v 2.194515 72.849594 8.041260
v -0.029505 72.849594 8.041238
v -0.029525 74.701050 10.012442
v 2.274333 74.701050 10.012465
v 3.585955 73.400848 8.033669
v 3.384449 74.708656 9.392791
v -0.029505 72.849594 8.041238
v 2.194515 72.849594 8.041260
v 2.194520 73.250679 7.501412
v -0.029500 73.250679 7.501391
v 3.585955 73.400848 8.033669
v 3.585960 73.801933 7.493823
v 2.274333 74.701050 10.012465
v -0.029525 74.701050 10.012442
v -0.029519 75.100243 9.472594
v 2.274338 75.100243 9.472617
v 3.384454 75.107841 8.854844
v 3.384449 74.708656 9.392791
v 3.384449 74.708656 9.392791
v 3.384454 75.107841 8.854844
v 3.585960 73.801933 7.493823
v 3.585955 73.400848 8.033669
v 2.194520 73.250679 7.501412
v 3.585960 73.801933 7.493823
v 3.384454 75.107841 8.854844
v 2.274338 75.100243 9.472617
v -0.029519 75.100243 9.472594
v -0.029500 73.250679 7.501391
v 3.175407 90.881279 3.579923
v 3.392107 89.208519 3.408846
v 2.040589 89.208519 3.408833
v 2.257285 90.881279 3.579913
v 3.376943 92.966553 -0.890926
v 3.392107 89.208519 3.408846
v 3.175407 90.881279 3.579923
v 3.127915 93.571030 0.439681
v 3.375014 87.531960 1.943273
v 3.357948 91.289970 -2.356499
v 2.304837 93.571030 0.439673
v 3.127915 93.571030 0.439681
v 3.175407 90.881279 3.579923
v 2.257285 90.881279 3.579913
v 2.055836 92.966553 -0.890939
v 2.304837 93.571030 0.439673
v 2.257285 90.881279 3.579913
v 2.040589 89.208519 3.408833
v 2.074859 91.289970 -2.356511
v 2.057710 87.531960 1.943261
v 2.055836 92.966553 -0.890939
v 3.376943 92.966553 -0.890926
v 3.127915 93.571030 0.439681
v 2.304837 93.571030 0.439673
v 3.357948 91.289970 -2.356499
v 2.074859 91.289970 -2.356511
v 2.057710 87.531960 1.943261
v 2.040589 89.208519 3.408833
v 3.392107 89.208519 3.408846
v 3.375014 87.531960 1.943273
v 1.314457 89.630508 3.121796
v 1.635724 94.909218 2.239715
v 1.936064 94.760963 1.521188
v 1.622405 89.486046 2.386161
v 0.576921 89.704643 2.796739
v 0.911494 94.979561 1.922269
v 1.635724 94.909218 2.239715
v 1.314457 89.630508 3.121796
v 0.884871 89.560188 2.063006
v 1.213732 94.829384 1.203743
v 0.911494 94.979561 1.922269
v 0.576921 89.704643 2.796739
v 1.622405 89.486046 2.386161
v 1.936064 94.760963 1.521188
v 1.213732 94.829384 1.203743
v 0.884871 89.560188 2.063006
v 2.884605 92.822060 -0.391028
v 2.884605 93.023560 0.361718
v 3.065173 96.684647 -0.138341
v 3.065173 96.591507 -0.889186
v 3.065173 96.591507 -0.889186
v 2.629874 96.614311 -0.891087
v 2.434099 92.839180 -0.394829
v 2.884605 92.822060 -0.391028
v 2.629874 96.614311 -0.891087
v 2.629874 96.705559 -0.140242
v 2.434098 93.040665 0.357916
v 2.434099 92.839180 -0.394829
v 2.629874 96.705559 -0.140242
v 3.065173 96.684647 -0.138341
v 2.884605 93.023560 0.361718
v 2.434098 93.040665 0.357916
v 1.641420 96.479355 -1.174317
v 1.152895 96.494560 -1.162912
v 0.921005 93.565308 -3.185309
v 1.409529 93.548203 -3.196714
v 1.152895 96.494560 -1.162912
v 1.152895 96.336792 -0.929105
v 0.921005 93.407539 -2.951502
v 0.921005 93.565308 -3.185309
v 1.152895 96.336792 -0.929105
v 1.641420 96.321579 -0.940509
v 1.409529 93.390419 -2.962907
v 0.921005 93.407539 -2.951502
v 1.641420 96.321579 -0.940509
v 1.641420 96.479355 -1.174317
v 1.409529 93.548203 -3.196714
v 1.409529 93.390419 -2.962907
v 0.500911 93.823814 -3.154896
v 0.500912 93.320099 -3.533168
v 1.571104 93.320099 -3.533168
v 1.571104 93.823814 -3.154896
v 0.500912 93.320099 -3.533168
v 0.500912 92.993149 -3.048447
v 1.571104 92.993149 -3.048447
v 1.571104 93.320099 -3.533168
v 0.500912 92.993149 -3.048447
v 0.500911 93.500671 -2.715794
v 1.571104 93.500671 -2.715794
v 1.571104 92.993149 -3.048447
v 0.500911 93.500671 -2.715794
v 0.500911 93.823814 -3.154896
v 1.571104 93.823814 -3.154896
v 1.571104 93.500671 -2.715794
v 1.571104 92.993149 -3.048447
v 1.571104 93.500671 -2.715794
v 1.571104 93.403732 -3.139688
v 1.571104 93.320099 -3.533168
v 1.571104 93.823814 -3.154896
v -0.029446 96.566795 -1.896648
v -0.029431 91.210129 -4.369551
v 0.415374 91.206314 -4.331534
v 0.544616 96.557289 -1.898550
v 0.924791 96.479355 -0.841665
v 0.544616 96.557289 -1.898550
v 0.415374 91.206314 -4.331534
v 0.846872 91.065651 -3.352586
v 1.941758 96.372902 -0.594552
v 0.924791 96.479355 -0.841665
v 0.846872 91.065651 -3.352586
v 1.827721 90.938301 -3.088364
v 1.977874 96.061157 0.008025
v 1.941758 96.372902 -0.594552
v 1.827721 90.938301 -3.088364
v 1.852432 90.662674 -2.529507
v 1.512162 96.021255 -0.001478
v 1.977874 96.061157 0.008025
v 1.852432 90.662674 -2.529507
v 1.401926 90.655067 -2.426862
v 1.401926 90.655067 -2.426862
v 0.888690 89.584885 -0.421442
v 0.882973 95.019470 1.958323
v 1.512162 96.021255 -0.001478
v -0.029446 94.873108 2.222544
v 0.882973 95.019470 1.958323
v 0.888690 89.584885 -0.421442
v -0.029431 89.468925 -0.206644
v -1.599514 69.756851 -2.421193
v -1.599513 68.089783 -6.302777
v -0.029392 68.089783 -6.302777
v -0.029392 69.756851 -2.421193
v -1.599513 66.084366 -5.418870
v -0.029391 66.084366 -5.418870
v -0.029392 68.089783 -6.302777
v -1.599513 68.089783 -6.302777
v -1.599514 69.756851 -2.421193
v -1.599513 66.084366 -5.418870
v -1.599513 68.089783 -6.302777
v -0.029391 62.727421 6.971016
v -3.350217 64.291832 6.043391
v -3.546007 67.625969 7.398713
v -0.029392 66.639427 8.037405
v -6.830714 69.718834 4.501783
v -6.830714 67.454895 4.258471
v -3.546007 67.625969 7.398713
v -2.873098 67.971931 6.106119
v -0.029392 67.029099 6.594645
v -0.029392 66.639427 8.037405
v -6.830714 69.718834 4.501783
v -5.562832 69.844292 3.701515
v -6.830714 67.454895 4.258471
v -5.562832 69.844292 3.701515
v -6.830714 69.718834 4.501783
v -7.176704 88.571716 4.794545
v -7.176704 84.695831 4.794545
v -7.545474 85.041779 3.958161
v -7.545474 88.225754 3.958161
v -7.545474 90.478287 1.705627
v -7.176704 91.314659 2.051585
v -7.545474 90.478287 -1.478333
v -7.176704 91.314659 -1.824293
v -7.176703 81.954765 2.051586
v -7.545473 82.791153 1.705628
v -7.176703 81.954765 -1.824292
v -7.545473 82.791153 -1.478333
v -7.176704 91.314659 -1.824293
v -7.545474 90.478287 -1.478333
v -7.545473 88.225754 -3.728965
v -6.787026 90.029678 -3.208126
v -6.787025 88.571716 -4.565348
v -6.536109 87.640282 -6.112658
v -6.787025 84.695831 -4.565348
v -6.536109 83.764404 -6.112657
v -6.787025 83.226448 -3.206226
v -6.536109 82.118248 -5.013955
v -6.787025 88.571716 -4.565348
v -7.545473 88.225754 -3.728965
v -7.545473 85.041779 -3.728965
v -6.787025 84.695831 -4.565348
v -6.787025 83.226448 -3.206226
v -7.545473 85.041779 -3.728965
v -7.545473 82.791153 -1.478333
v -7.176703 81.954765 -1.824292
v -6.787025 84.695831 -4.565348
v -2.527171 84.695831 5.041658
v -7.176704 84.695831 4.794545
v -7.176704 88.571716 4.794545
v -2.527171 88.571716 5.041658
v -2.527170 81.954765 2.300601
v -7.176703 81.954765 2.051586
v -7.176704 84.695831 4.794545
v -2.527171 84.695831 5.041658
v -2.527170 81.954765 -1.575277
v -7.176703 81.954765 -1.824292
v -7.176703 81.954765 2.051586
v -2.527170 81.954765 2.300601
v -2.527170 83.226448 -2.957211
v -6.787025 83.226448 -3.206226
v -7.176703 81.954765 -1.824292
v -2.527170 81.954765 -1.575277
v -2.525270 87.545235 -6.298944
v -6.536109 87.640282 -6.112658
v -6.536109 83.764404 -6.112657
v -2.525270 83.667450 -6.298943
v -2.525270 82.023193 -5.198339
v -2.525270 83.667450 -6.298943
v -6.536109 83.764404 -6.112657
v -6.536109 82.118248 -5.013955
v -2.527171 91.314659 -1.575278
v -7.176704 91.314659 -1.824293
v -6.787026 90.029678 -3.208126
v -2.527170 90.029678 -2.961012
v -6.536109 87.640282 -6.112658
v -2.525270 87.545235 -6.298944
v -2.527171 91.314659 2.300600
v -7.176704 91.314659 2.051585
v -7.176704 91.314659 -1.824293
v -2.527171 91.314659 -1.575278
v -2.527171 88.571716 5.041658
v -7.176704 88.571716 4.794545
v -7.176704 91.314659 2.051585
v -2.527171 91.314659 2.300600
v -2.525270 82.023193 -5.198339
v -6.536109 82.118248 -5.013955
v -6.787025 83.226448 -3.206226
v -2.527170 83.226448 -2.957211
v -9.495769 88.107887 3.252937
v -9.495769 85.501793 3.252937
v -10.413890 86.805794 0.106994
v -9.495769 89.949837 1.409092
v -9.495769 89.949837 -1.195104
v -9.495769 88.107887 -3.038949
v -9.495769 85.501793 -3.038949
v -9.495768 83.659843 -1.195104
v -9.495768 83.659843 1.409092
v -7.545474 85.041779 3.958161
v -9.495769 85.501793 3.252937
v -9.495769 88.107887 3.252937
v -7.545474 88.225754 3.958161
v -7.545473 82.791153 1.705628
v -9.495768 83.659843 1.409092
v -9.495769 85.501793 3.252937
v -7.545474 85.041779 3.958161
v -7.545473 82.791153 -1.478333
v -9.495768 83.659843 -1.195104
v -9.495768 83.659843 1.409092
v -7.545473 82.791153 1.705628
v -7.545473 85.041779 -3.728965
v -9.495769 85.501793 -3.038949
v -9.495768 83.659843 -1.195104
v -7.545473 82.791153 -1.478333
v -7.545473 88.225754 -3.728965
v -9.495769 88.107887 -3.038949
v -9.495769 85.501793 -3.038949
v -7.545473 85.041779 -3.728965
v -7.545474 90.478287 -1.478333
v -9.495769 89.949837 -1.195104
v -9.495769 88.107887 -3.038949
v -7.545473 88.225754 -3.728965
v -7.545474 90.478287 1.705627
v -9.495769 89.949837 1.409092
v -9.495769 89.949837 -1.195104
v -7.545474 90.478287 -1.478333
v -7.545474 88.225754 3.958161
v -9.495769 88.107887 3.252937
v -9.495769 89.949837 1.409092
v -7.545474 90.478287 1.705627
v -6.044499 88.744194 0.890810
v -6.116043 80.226898 2.313852
v -4.325346 80.302933 -5.513922
v -3.417492 89.478584 -5.507448
v -4.567764 75.871498 -2.912532
v -5.693753 76.007942 1.300465
v -4.729250 73.021080 1.311133
v -3.723315 72.360474 -2.654458
v -4.373173 71.930176 1.310518
v -3.367325 71.079857 -2.607479
v -5.005996 80.320038 8.524013
v -6.116043 80.226898 2.313852
v -6.044499 88.744194 0.890810
v -4.611061 85.613159 6.501970
v -3.279609 75.873131 8.084631
v -5.693753 76.007942 1.300465
v -4.729250 73.021080 1.311133
v -2.421410 72.702133 6.279835
v -4.373173 71.930176 1.310518
v -2.105214 71.545059 5.615779
v -0.035840 89.478828 -5.507420
v -0.029438 88.847351 0.884455
v -6.044499 88.744194 0.890810
v -3.417492 89.478584 -5.507448
v -0.035662 85.632500 6.502010
v -4.611061 85.613159 6.501970
v -0.029374 80.321938 -5.513880
v -0.035840 89.478828 -5.507420
v -3.417492 89.478584 -5.507448
v -4.325346 80.302933 -5.513922
v -0.051293 75.878510 -2.912509
v -0.029374 80.321938 -5.513880
v -4.325346 80.302933 -5.513922
v -4.567764 75.871498 -2.912532
v -0.051293 75.878510 -2.912509
v -4.567764 75.871498 -2.912532
v -3.723315 72.360474 -2.654458
v -0.069799 72.290390 -2.800866
v -3.367325 71.079857 -2.607479
v -0.029392 70.981010 -2.807072
v -3.939435 65.584496 -4.420960
v -0.029391 65.584435 -4.827698
v -0.070008 72.661232 7.015449
v -2.421410 72.702133 6.279835
v -3.279609 75.873131 8.084631
v -0.059575 75.976929 8.470558
v -5.005996 80.320038 8.524013
v -0.029516 80.244003 9.027791
v -0.069327 71.450668 6.478721
v -2.105214 71.545059 5.615779
v -0.039000 66.655701 5.606297
v -4.514458 66.654114 4.360133
v -3.367325 71.079857 -2.607479
v -4.373173 71.930176 1.310518
v -3.939435 65.584496 -4.420960
v -4.514458 66.654114 4.360133
v -0.029516 80.244003 9.027791
v -5.005996 80.320038 8.524013
v -4.611061 85.613159 6.501970
v -0.035662 85.632500 6.502010
v -4.373173 71.930176 1.310518
v -2.105214 71.545059 5.615779
v -4.514458 66.654114 4.360133
v -7.066443 80.236397 -1.543027
v -3.093610 80.264908 -2.457308
v -3.093589 82.028931 -4.639509
v -6.743268 82.353973 -4.400035
v -7.944638 80.916908 -2.219745
v -3.093630 78.590240 -0.383457
v -7.085465 79.206123 -0.178201
v -6.222512 79.154800 4.243237
v -3.093675 79.164307 4.245167
v -3.093675 76.605721 4.245167
v -5.055376 76.605721 4.245147
v -3.093680 80.207886 4.672863
v -6.365079 80.190781 4.507455
v -3.093696 84.125587 6.281001
v -7.414378 84.074257 6.123186
v -8.195621 81.329399 4.459917
v -3.093630 78.590240 -0.383457
v -7.085465 79.206123 -0.178201
v -6.327025 76.624733 0.834971
v -7.085465 79.206123 -0.178201
v -7.497979 78.584541 2.308136
v -6.332743 76.619034 2.308147
v -6.327025 76.624733 0.834971
v -8.138566 80.202187 1.703652
v -7.066443 80.236397 -1.543027
v -6.332743 76.619034 2.308147
v -7.497979 78.584541 2.308136
v -6.222512 79.154800 4.243237
v -5.055376 76.605721 4.245147
v -6.365079 80.190781 4.507455
v -8.138566 80.202187 1.703652
v -7.517020 84.076149 5.524412
v -7.414378 84.074257 6.123186
v -8.195621 81.329399 4.459917
v -8.294464 82.388184 4.315448
v -8.503537 80.723022 2.053409
v -8.503537 81.413040 2.053409
v -7.946540 81.565109 -2.219746
v -7.944638 80.916908 -2.219745
v -6.743268 82.353973 -4.400035
v -7.091130 82.663811 -4.029368
v -5.317603 84.108467 -5.310538
v -3.093696 84.125587 6.281001
v -7.414378 84.074257 6.123186
v -7.517020 84.076149 5.524412
v -3.093690 84.121788 5.661317
v -3.093613 81.565109 -2.219698
v -7.946540 81.565109 -2.219746
v -7.091130 82.663811 -4.029368
v -3.093595 82.663811 -4.029329
v -5.317603 84.108467 -5.310538
v -3.093583 84.108467 -5.310517
v -7.946540 81.565109 -2.219746
v -3.093613 81.565109 -2.219698
v -3.093655 81.413040 2.053462
v -8.503537 81.413040 2.053409
v -8.294464 82.388184 4.315448
v -3.093677 82.352074 4.355418
v -5.317603 84.108467 -5.310538
v -6.743268 82.353973 -4.400035
v -3.093589 82.028931 -4.639509
v -3.093577 84.108467 -5.909292
v -3.093577 84.108467 -5.909292
v -3.093583 84.108467 -5.310517
v -5.317603 84.108467 -5.310538
v -3.093690 84.121788 5.661317
v -7.517020 84.076149 5.524412
v -8.294464 82.388184 4.315448
v -3.093677 82.352074 4.355418
v -8.503537 80.723022 2.053409
v -8.138566 80.202187 1.703652
v -7.066443 80.236397 -1.543027
v -7.944638 80.916908 -2.219745
v -6.365079 80.190781 4.507455
v -8.138566 80.202187 1.703652
v -8.503537 80.723022 2.053409
v -8.195621 81.329399 4.459917
v -1.812710 75.328323 1.576654
v -1.800184 76.713608 2.398610
v -5.754985 75.090263 5.186278
v -5.765609 73.704994 4.364320
v -1.800184 76.713608 2.398610
v -0.912552 76.848320 3.736899
v -4.867353 75.224976 6.524568
v -5.754985 75.090263 5.186278
v -0.912552 76.848320 3.736899
v -0.071663 75.599632 4.251333
v -3.990348 73.976303 7.039001
v -4.867353 75.224976 6.524568
v -0.071663 75.599632 4.251333
v -0.070882 74.212448 3.429376
v -4.000972 72.591034 6.217044
v -3.990348 73.976303 7.039001
v -0.070882 74.212448 3.429376
v -0.935703 74.077759 2.091086
v -4.888603 72.454430 4.878753
v -4.000972 72.591034 6.217044
v -0.935703 74.077759 2.091086
v -1.812710 75.328323 1.576654
v -5.765609 73.704994 4.364320
v -4.888603 72.454430 4.878753
v -5.765609 73.704994 4.364320
v -5.754985 75.090263 5.186278
v -4.877977 73.839699 5.700709
v -4.867353 75.224976 6.524568
v -3.990348 73.976303 7.039001
v -4.000972 72.591034 6.217044
v -4.888603 72.454430 4.878753
v -2.286731 76.579918 -0.346325
v -2.450947 77.896614 0.566835
v -6.991187 76.218483 2.175931
v -6.828871 74.899879 1.262769
v -2.450947 77.896614 0.566835
v -1.911099 77.896057 2.085633
v -6.453240 76.217934 3.694728
v -6.991187 76.218483 2.175931
v -1.911099 77.896057 2.085633
v -1.210838 76.578812 2.691268
v -5.752976 74.898781 4.300363
v -6.453240 76.217934 3.694728
v -1.210838 76.578812 2.691268
v -1.046619 75.260216 1.778107
v -5.588759 73.582077 3.387202
v -5.752976 74.898781 4.300363
v -1.046619 75.260216 1.778107
v -1.584568 75.260765 0.259312
v -6.126706 73.582634 1.868407
v -5.588759 73.582077 3.387202
v -1.584568 75.260765 0.259312
v -2.286731 76.579918 -0.346325
v -6.828871 74.899879 1.262769
v -6.126706 73.582634 1.868407
v -6.828871 74.899879 1.262769
v -6.991187 76.218483 2.175931
v -6.290925 74.899338 2.781567
v -6.453240 76.217934 3.694728
v -5.752976 74.898781 4.300363
v -5.588759 73.582077 3.387202
v -6.126706 73.582634 1.868407
v -0.029475 89.896629 4.678596
v -0.029477 86.400932 4.961824
v -2.156554 86.400932 4.961804
v -1.842907 89.896629 4.678578
v -0.029475 89.896629 4.678596
v -1.842907 89.896629 4.678578
v -1.763054 90.168457 2.889858
v -0.029457 90.168457 2.889875
v -1.842907 89.896629 4.678578
v -2.156554 86.400932 4.961804
v -2.156522 88.043282 1.673296
v -1.763054 90.168457 2.889858
v -5.966176 71.617691 1.449348
v -5.496614 71.445831 4.760621
v -5.523659 71.074562 4.726836
v -6.015441 71.041718 1.441589
v -5.599968 71.814255 -0.737896
v -5.642787 71.022034 -0.765413
v -4.304997 69.298660 -3.431913
v -3.192398 69.868996 -3.164479
v -4.004231 70.999809 -2.710008
v -6.015441 71.041718 1.441589
v -5.523659 71.074562 4.726836
v -7.775447 70.800430 4.499882
v -8.376123 70.764313 1.416666
v -5.642787 71.022034 -0.765413
v -7.591063 70.602745 -1.204636
v -7.775447 70.800430 4.499882
v -7.170969 67.325638 4.125410
v -8.353313 69.197990 1.234183
v -8.376123 70.764313 1.416666
v -8.353313 69.197990 1.234183
v -7.672800 69.023117 -1.033557
v -7.591063 70.602745 -1.204636
v -8.376123 70.764313 1.416666
v -5.473491 69.407089 -3.542710
v -5.979123 67.599358 -3.346920
v -3.120211 67.238197 -5.863675
v -4.156185 65.251785 -5.215477
v -2.148865 65.603447 -6.371207
v -3.200046 64.018112 -6.032851
v -0.029391 63.179825 -7.171475
v -0.029392 66.802902 -6.859732
v -4.304997 69.298660 -3.431913
v -5.642787 71.022034 -0.765413
v -7.591063 70.602745 -1.204636
v -5.473491 69.407089 -3.542710
v -3.120211 67.238197 -5.863675
v -3.925970 72.090904 -2.970750
v -5.599968 71.814255 -0.737896
v -5.642787 71.022034 -0.765413
v -4.004231 70.999809 -2.710008
v -4.304997 69.298660 -3.431913
v -0.029391 63.179825 -7.171475
v -3.200046 64.018112 -6.032851
v -1.546287 57.589363 -3.497088
v -0.029390 56.410820 -3.379233
v -7.775447 70.800430 4.499882
v -5.182658 68.694267 6.843658
v -7.170969 67.325638 4.125410
v -3.274182 64.002907 7.142095
v -2.388374 65.086403 7.853021
v -1.498765 62.765438 7.353092
v -1.055862 63.582809 7.769383
v -5.496614 71.445831 4.760621
v -5.966176 71.617691 1.449348
v -4.833151 71.466362 0.996834
v -4.466869 71.332977 3.563597
v -4.548664 71.620834 -0.698101
v -5.599968 71.814255 -0.737896
v -3.478517 71.834251 -2.203550
v -3.925970 72.090904 -2.970750
v -0.029391 60.520504 0.302756
v -5.523659 71.074562 4.726836
v -5.496614 71.445831 4.760621
v -4.466869 71.332977 3.563597
v -4.004231 70.999809 -2.710008
v -3.192398 69.868996 -3.164479
v -3.244326 69.479263 -2.578406
v -3.510603 70.845818 -1.933855
v -3.192398 69.868996 -3.164479
v -4.102962 68.559296 -2.791864
v -3.244326 69.479263 -2.578406
v -7.775447 70.800430 4.499882
v -5.523659 71.074562 4.726836
v -0.029391 60.520504 0.302756
v -8.353313 69.197990 1.234183
v -7.170969 67.325638 4.125410
v -6.066562 66.333374 3.568454
v -6.883937 67.743828 1.078312
v -7.672800 69.023117 -1.033557
v -6.513268 67.802757 -0.841570
v -5.979123 67.599358 -3.346920
v -4.690331 66.173706 -2.611283
v -4.156185 65.251785 -5.215477
v -3.207650 64.269028 -4.069252
v -3.200046 64.018112 -6.032851
v -2.169774 63.022053 -4.227024
v -2.660198 63.485867 6.125128
v -3.274182 64.002907 7.142095
v -1.314382 62.548737 6.161245
v -1.498765 62.765438 7.353092
v -3.925970 72.090904 -2.970750
v -4.004231 70.999809 -2.710008
v -3.510603 70.845818 -1.933855
v -3.478517 71.834251 -2.203550
v -4.304997 69.298660 -3.431913
v -3.120211 67.238197 -5.863675
v -2.932023 67.194481 -4.360085
v -4.102962 68.559296 -2.791864
v -2.202090 65.882874 -5.065309
v -2.148865 65.603447 -6.371207
v -2.148865 65.603447 -6.371207
v -0.029392 66.802902 -6.859732
v -0.029392 67.202072 -5.441680
v -2.202090 65.882874 -5.065309
v -1.546287 57.589363 -3.497088
v -3.200046 64.018112 -6.032851
v -2.169774 63.022053 -4.227024
v -1.052060 58.096897 -3.059888
v -0.029390 56.410820 -3.379233
v -1.546287 57.589363 -3.497088
v -1.052060 58.096897 -3.059888
v -0.029390 56.754875 -2.753847
v -5.182658 68.694267 6.843658
v -7.775447 70.800430 4.499882
v -0.029391 60.520504 0.302756
v -2.388374 65.086403 7.853021
v -1.055862 63.582809 7.769383
v -1.314382 62.548737 6.161245
v -1.055862 63.582809 7.769383
v -0.029391 60.520504 0.302756
v -1.498765 62.765438 7.353092
v -4.466869 71.332977 3.563597
v -4.833151 71.466362 0.996834
v -0.029391 60.520504 0.302756
v -4.548664 71.620834 -0.698101
v -3.478517 71.834251 -2.203550
v -3.510603 70.845818 -1.933855
v -3.244326 69.479263 -2.578406
v -0.029391 60.520504 0.302756
v -3.244326 69.479263 -2.578406
v -4.102962 68.559296 -2.791864
v -0.029391 60.520504 0.302756
v -3.478517 71.834251 -2.203550
v -3.510603 70.845818 -1.933855
v -0.029391 60.520504 0.302756
v -4.102962 68.559296 -2.791864
v -2.932023 67.194481 -4.360085
v -0.029391 60.520504 0.302756
v -2.202090 65.882874 -5.065309
v -2.202090 65.882874 -5.065309
v -0.029392 67.202072 -5.441680
v -0.029391 60.520504 0.302756
v -3.987007 60.676373 5.615695
v -2.584163 60.052895 5.163288
v -0.029390 58.323101 1.498405
v -7.378163 63.643646 3.311837
v -8.277278 65.124428 0.475735
v -7.925616 65.171944 -1.322491
v -6.211028 63.579010 -2.647398
v -4.821491 61.725662 -3.767011
v -3.540303 60.626953 -3.234768
v -2.477714 58.450455 -2.512436
v -3.540303 60.626953 -3.234768
v -0.029390 58.323101 1.498405
v -0.029390 56.849926 -1.934571
v -2.477714 58.450455 -2.512436
v -0.029390 58.323101 1.498405
v -2.660198 63.485867 6.125128
v -1.314382 62.548737 6.161245
v -2.584163 60.052895 5.163288
v -3.987007 60.676373 5.615695
v -1.314382 62.548737 6.161245
v -0.029390 58.323101 1.498405
v -2.584163 60.052895 5.163288
v -6.066562 66.333374 3.568454
v -2.660198 63.485867 6.125128
v -3.987007 60.676373 5.615695
v -7.378163 63.643646 3.311837
v -6.883937 67.743828 1.078312
v -6.066562 66.333374 3.568454
v -7.378163 63.643646 3.311837
v -8.277278 65.124428 0.475735
v -6.513268 67.802757 -0.841570
v -6.883937 67.743828 1.078312
v -8.277278 65.124428 0.475735
v -7.925616 65.171944 -1.322491
v -4.690331 66.173706 -2.611283
v -6.513268 67.802757 -0.841570
v -7.925616 65.171944 -1.322491
v -6.211028 63.579010 -2.647398
v -3.207650 64.269028 -4.069252
v -4.821491 61.725662 -3.767011
v -2.169774 63.022053 -4.227024
v -3.207650 64.269028 -4.069252
v -4.821491 61.725662 -3.767011
v -3.540303 60.626953 -3.234768
v -1.052060 58.096897 -3.059888
v -2.477714 58.450455 -2.512436
v -0.029390 56.754875 -2.753847
v -1.052060 58.096897 -3.059888
v -2.477714 58.450455 -2.512436
v -0.029390 56.849926 -1.934571
v -1.314382 62.548737 6.161245
v -0.029391 60.520504 0.302756
v -0.029390 58.323101 1.498405
v -3.192398 69.868996 -3.164479
v -4.304997 69.298660 -3.431913
v -4.102962 68.559296 -2.791864
v -2.844603 94.428322 -1.866134
v -3.601134 93.892281 -3.614943
v -0.861973 94.703941 -4.025506
v -0.867688 94.802795 -2.789938
v -5.100942 93.154739 -1.721690
v -3.793153 93.886574 -0.507019
v -4.046014 91.451538 4.165322
v -5.196041 91.012444 4.055059
v -5.196041 91.012444 4.055059
v -4.046014 91.451538 4.165322
v -5.614240 89.934647 4.676640
v -3.160220 90.174156 5.402798
v -5.021170 89.738861 5.068227
v -3.561305 89.619102 5.667015
v -4.730340 89.472740 5.364765
v -0.861973 94.703941 -4.025506
v -3.601134 93.892281 -3.614943
v -3.629651 92.833488 -3.019970
v -1.194631 93.553917 -3.383014
v -0.867688 94.802795 -2.789938
v -0.861973 94.703941 -4.025506
v -1.194631 93.553917 -3.383014
v -1.200346 93.641357 -2.286211
v -2.844603 94.428322 -1.866134
v -0.867688 94.802795 -2.789938
v -1.200346 93.641357 -2.286211
v -2.956760 93.308708 -1.465051
v -3.601134 93.892281 -3.614943
v -5.100942 93.154739 -1.721690
v -4.960280 92.179588 -1.337712
v -3.629651 92.833488 -3.019970
v -3.793153 93.886574 -0.507019
v -2.844603 94.428322 -1.866134
v -2.956760 93.308708 -1.465051
v -3.798858 92.827797 -0.258006
v -5.100942 93.154739 -1.721690
v -5.196041 91.012444 4.055059
v -5.045869 90.274902 3.794640
v -4.960280 92.179588 -1.337712
v -5.196041 91.012444 4.055059
v -5.614240 89.934647 4.676640
v -5.416545 89.316864 4.345891
v -5.045869 90.274902 3.794640
v -5.614240 89.934647 4.676640
v -5.021170 89.738861 5.068227
v -4.890006 89.143883 4.693756
v -5.416545 89.316864 4.345891
v -4.631491 88.908180 4.957979
v -4.730340 89.472740 5.364765
v -3.160220 90.174156 5.402798
v -4.046014 91.451538 4.165322
v -4.025101 90.666481 3.891595
v -3.236251 89.529762 4.992209
v -4.730340 89.472740 5.364765
v -3.561305 89.619102 5.667015
v -3.593616 89.037437 5.226013
v -4.631491 88.908180 4.957979
v -3.561305 89.619102 5.667015
v -3.160220 90.174156 5.402798
v -3.236251 89.529762 4.992209
v -3.593616 89.037437 5.226013
v -4.046014 91.451538 4.165322
v -3.793153 93.886574 -0.507019
v -3.798858 92.827797 -0.258006
v -4.025101 90.666481 3.891595
v -2.905413 68.260864 5.378086
v -3.220515 70.637726 5.582954
v -3.220515 70.637115 6.651244
v -2.905413 68.260864 6.009174
v -1.553892 66.800995 6.879775
v -2.905413 68.260864 6.009174
v -3.220515 70.637115 6.651244
v -1.885326 69.255310 7.779583
v -1.885326 69.255310 7.779583
v -3.220515 70.637115 6.651244
v -3.220515 70.637726 5.582954
v -1.885326 69.256149 6.289300
v -1.553892 66.800995 6.879775
v -1.885326 69.255310 7.779583
v -0.068091 69.256340 7.779583
v -0.029392 66.800995 6.879775
v -1.175617 66.086273 8.495517
v -0.029392 66.356186 8.687504
v -0.029391 63.301483 7.632521
v -0.580644 63.387024 7.613512
v -1.211735 65.605347 8.349150
v -2.004399 65.333519 7.995586
v -0.029392 66.356186 8.687504
v -1.175617 66.086273 8.495517
v -1.175617 66.086273 7.621115
v -0.029392 66.356186 7.813104
v -0.580644 63.387024 7.613512
v -0.029391 63.301483 7.632521
v -0.029391 63.301483 6.758119
v -0.580644 63.387024 6.739110
v -2.004399 65.333519 7.995586
v -0.580644 63.387024 7.613512
v -0.580644 63.387024 6.739110
v -2.004399 65.333519 7.121186
v -1.211735 65.605347 8.349150
v -2.004399 65.333519 7.995586
v -2.004399 65.333519 7.121186
v -1.211735 65.605347 7.474749
v -1.175617 66.086273 8.495517
v -1.211735 65.605347 8.349150
v -1.211735 65.605347 7.474749
v -1.175617 66.086273 7.621115
v -4.945062 92.913322 -2.440218
v -4.593376 90.978218 -4.960770
v -3.443334 92.261330 -6.452944
v -3.650550 94.012032 -4.289753
v -2.671548 88.731400 -9.690121
v -4.494505 86.435143 -7.393884
v -1.960609 86.826736 -10.935188
v -3.317844 85.197678 -9.682526
v -6.245227 82.169586 -5.527247
v -4.123827 83.023071 -8.313903
v -2.671548 88.731400 -9.690121
v -1.960609 86.826736 -10.935188
v -0.029320 87.100449 -11.087239
v -0.029332 88.986115 -9.922003
v -0.029362 92.441917 -6.931929
v -3.443334 92.261330 -6.452944
v -0.029386 94.529068 -4.472202
v -3.650550 94.012032 -4.289753
v -4.123827 83.023071 -8.313903
v -6.245227 82.169586 -5.527247
v -6.203415 80.196480 -4.770699
v -4.509724 80.302933 -6.243859
v -7.760244 80.949219 -3.208197
v -7.431393 79.839111 -3.240508
v -8.528213 79.160507 -1.543042
v -7.110157 76.928879 -2.113289
v -8.613786 77.964859 1.798690
v -7.574009 76.217949 2.007797
v -7.110146 78.759422 -3.270921
v -6.228130 79.044548 -4.462759
v -4.576257 79.810608 -5.909306
v -4.272124 77.634102 -5.154656
v -4.150464 78.614952 -5.622270
v -3.986989 78.204369 -5.605159
v -3.933764 78.806938 -5.781941
v -0.029365 79.590103 -6.443405
v -0.029367 78.740410 -6.213401
v -4.272124 77.634102 -5.154656
v -0.029369 77.259636 -5.911161
v -0.029368 77.968658 -6.015710
v -3.986989 78.204369 -5.605159
v -1.717317 82.836792 -8.846127
v -1.040593 82.384384 -10.231853
v -0.996870 82.958450 -10.598723
v -1.466394 84.022942 -9.680607
v -0.029329 84.597000 -10.207131
v -0.869519 84.479149 -9.849776
v -0.616693 83.334808 -10.872444
v -0.029321 83.551514 -11.003599
v -0.996870 82.958450 -10.598723
v -1.466394 84.022942 -9.680607
v -1.285824 82.319756 -8.304373
v -0.029350 81.964287 -7.977409
v -0.029332 81.686760 -9.838364
v -0.763067 81.949097 -9.975232
v -0.763067 81.949097 -9.975232
v -1.040593 82.384384 -10.231853
v -1.717317 82.836792 -8.846127
v -1.285824 82.319756 -8.304373
v -0.029327 82.614403 -10.368706
v -0.029321 83.551514 -11.003599
v -0.616693 83.334808 -10.872444
v -0.996870 82.958450 -10.598723
v -1.040593 82.384384 -10.231853
v -0.763067 81.949097 -9.975232
v -0.029332 81.686760 -9.838364
v -2.122200 82.709435 -9.022910
v -3.766466 83.068703 -7.882401
v -4.023102 80.301033 -5.937814
v -1.439794 81.878754 -8.431732
v -1.747720 84.152184 -9.887803
v -3.046021 85.142555 -9.357472
v -1.884580 86.511177 -10.317404
v -1.287707 84.635017 -10.197642
v -4.123827 83.023071 -8.313903
v -4.509724 80.302933 -6.243859
v -4.023102 80.301033 -5.937814
v -3.766466 83.068703 -7.882401
v -3.317844 85.197678 -9.682526
v -3.046021 85.142555 -9.357472
v -1.960609 86.826736 -10.935188
v -1.884580 86.511177 -10.317404
v -0.029320 87.100449 -11.087239
v -0.029328 86.822922 -10.323088
v -4.576257 79.810608 -5.909306
v -4.023102 80.301033 -5.937814
v -4.576257 79.810608 -5.909306
v -0.029365 79.590103 -6.443405
v -0.029368 80.091934 -6.139266
v -0.029368 80.091934 -6.139266
v -0.029350 81.591721 -7.926087
v -1.439794 81.878754 -8.431732
v -4.023102 80.301033 -5.937814
v -1.466394 84.022942 -9.680607
v -1.747720 84.152184 -9.887803
v -2.122200 82.709435 -9.022910
v -1.717317 82.836792 -8.846127
v -1.287707 84.635017 -10.197642
v -0.869519 84.479149 -9.849776
v -0.029326 84.922035 -10.433337
v -0.029329 84.597000 -10.207131
v -0.029350 81.591721 -7.926087
v -0.029350 81.964287 -7.977409
v -1.285824 82.319756 -8.304373
v -1.439794 81.878754 -8.431732
v -2.122200 82.709435 -9.022910
v -1.717317 82.836792 -8.846127
v -1.287707 84.635017 -10.197642
v -0.029326 84.922035 -10.433337
v -0.029328 86.822922 -10.323088
v -1.884580 86.511177 -10.317404
v -4.593376 90.978218 -4.960770
v -4.945062 92.913322 -2.440218
v -4.148602 89.628609 -1.824328
v -3.893867 88.221962 -3.652963
v -4.494505 86.435143 -7.393884
v -3.825420 84.923950 -5.257298
v -4.945062 92.913322 -2.440218
v -3.650550 94.012032 -4.289753
v -3.209559 90.425064 -3.166334
v -4.148602 89.628609 -1.824328
v -3.650550 94.012032 -4.289753
v -0.029386 94.529068 -4.472202
v -0.029397 90.801445 -3.299364
v -3.209559 90.425064 -3.166334
v -6.245227 82.169586 -5.527247
v -4.494505 86.435143 -7.393884
v -3.825420 84.923950 -5.257298
v -4.813884 82.391983 -4.147199
v -4.272124 77.634102 -5.154656
v -6.228130 79.044548 -4.462759
v -5.080014 79.557785 -3.291809
v -3.661957 78.533218 -3.795528
v -0.029369 77.259636 -5.911161
v -0.029385 78.261391 -4.344843
v -7.110146 78.759422 -3.270921
v -7.110157 76.928879 -2.113289
v -5.722526 78.021881 -1.586734
v -5.722517 79.350594 -2.426920
v -8.528213 79.160507 -1.543042
v -7.760244 80.949219 -3.208197
v -6.193934 80.939728 -2.381303
v -6.750900 79.643326 -1.172353
v -8.613786 77.964859 1.798690
v -6.813653 78.774628 1.255059
v -4.813884 82.391983 -4.147199
v -6.245227 82.169586 -5.527247
v -7.110157 76.928879 -2.113289
v -7.574009 76.217949 2.007797
v -6.059007 77.504845 1.405235
v -5.722526 78.021881 -1.586734
v -7.574009 76.217949 2.007797
v -8.613786 77.964859 1.798690
v -6.813653 78.774628 1.255059
v -6.059007 77.504845 1.405235
v -6.228130 79.044548 -4.462759
v -7.110146 78.759422 -3.270921
v -5.722517 79.350594 -2.426920
v -5.080014 79.557785 -3.291809
v -3.986989 78.204369 -5.605159
v -0.029368 77.968658 -6.015710
v -0.029384 78.776527 -4.418978
v -3.454760 78.903885 -4.120574
v -0.029367 78.740410 -6.213401
v -3.933764 78.806938 -5.781941
v -3.416741 79.384804 -4.249832
v -0.029383 79.337288 -4.563443
v -3.933764 78.806938 -5.781941
v -4.150464 78.614952 -5.622270
v -3.572613 79.246048 -4.133880
v -3.416741 79.384804 -4.249832
v -4.150464 78.614952 -5.622270
v -3.986989 78.204369 -5.605159
v -3.454760 78.903885 -4.120574
v -3.572613 79.246048 -4.133880
v -6.257118 72.251740 2.242129
v -6.314780 73.380753 2.381528
v -5.859945 72.446579 4.325594
v -5.861654 72.106400 4.205648
v -6.631814 76.026070 -0.074811
v -6.202223 76.036667 -1.595503
v -3.831908 72.790337 -3.226379
v -2.959974 73.794960 -4.088810
v -5.859945 72.446579 4.325594
v -6.314780 73.380753 2.381528
v -5.398535 73.339058 3.073422
v -4.941748 72.311630 5.215127
v -5.713820 76.252525 0.368219
v -6.631814 76.026070 -0.074811
v -5.861654 72.106400 4.205648
v -5.859945 72.446579 4.325594
v -4.941748 72.311630 5.215127
v -4.943437 71.935341 5.083755
v -6.257118 72.251740 2.242129
v -5.861654 72.106400 4.205648
v -4.943437 71.935341 5.083755
v -5.338909 72.096008 2.920652
v -2.913729 72.688141 -3.104781
v -3.831908 72.790337 -3.226379
v -6.631814 76.026070 -0.074811
v -6.202223 76.036667 -1.595503
v -5.284230 76.265129 -1.308342
v -5.713820 76.252525 0.368219
v -6.202223 76.036667 -1.595503
v -2.959974 73.794960 -4.088810
v -2.041851 73.795456 -4.054594
v -5.284230 76.265129 -1.308342
v -2.959974 73.794960 -4.088810
v -3.831908 72.790337 -3.226379
v -2.913729 72.688141 -3.104781
v -2.041851 73.795456 -4.054594
v -6.202223 76.036667 -1.595503
v -6.631814 76.026070 -0.074811
v -6.257118 72.251740 2.242129
v -3.831908 72.790337 -3.226379
v -1.717388 74.833786 -1.149476
v -2.807200 75.922371 -1.137457
v -2.841416 75.924080 -4.209267
v -1.751604 74.835503 -4.221285
v -2.807200 75.922371 -1.137457
v -3.895786 74.832550 -1.124764
v -3.930003 74.834259 -4.198475
v -2.841416 75.924080 -4.209267
v -3.895786 74.832550 -1.124764
v -2.805974 73.743965 -1.138684
v -2.840189 73.745674 -4.210494
v -3.930003 74.834259 -4.198475
v -2.805974 73.743965 -1.138684
v -1.717388 74.833786 -1.149476
v -1.751604 74.835503 -4.221285
v -2.840189 73.745674 -4.210494
v -1.751604 74.835503 -4.221285
v -2.841416 75.924080 -4.209267
v -2.840802 74.834877 -4.209880
v -3.930003 74.834259 -4.198475
v -2.840189 73.745674 -4.210494
v -1.900340 74.181084 -4.941241
v -0.050791 74.181625 -4.941233
v -0.029372 79.985489 -5.665950
v -2.553731 79.985489 -5.665975
v -1.900340 74.181084 -4.941241
v -1.900351 74.180428 -2.683006
v -0.050801 74.180969 -2.682997
v -0.050791 74.181625 -4.941233
v -1.900340 74.181084 -4.941241
v -2.553731 79.985489 -5.665975
v -2.553753 79.985489 -3.432450
v -1.900351 74.180428 -2.683006
v -0.049286 73.544708 -4.866726
v -2.748971 73.041924 -4.187667
v -1.718098 70.675591 -4.144549
v -0.048626 71.120995 -4.523327
v -3.634839 70.984703 -2.988158
v -2.087371 70.112625 -3.824700
v -2.126586 69.595528 -3.842512
v -2.571379 69.515579 -3.532682
v -0.048626 71.120995 -4.523327
v -1.718098 70.675591 -4.144549
v -1.716824 70.675453 -3.708624
v -0.048626 71.120880 -4.088028
v -2.748971 73.041924 -4.187667
v -0.049286 73.544708 -4.866726
v -0.049286 73.544586 -4.429526
v -2.747654 73.041794 -3.751784
v -2.571379 69.515579 -3.532682
v -3.634839 70.984703 -2.988158
v -3.636119 70.984604 -2.551579
v -2.571379 69.515503 -3.095481
v -2.126586 69.595528 -3.842512
v -2.571379 69.515579 -3.532682
v -2.571379 69.515503 -3.095481
v -2.126586 69.595467 -3.407211
v -2.087371 70.112625 -3.824700
v -2.126586 69.595528 -3.842512
v -2.126586 69.595467 -3.407211
v -2.088635 70.112572 -3.386235
v -3.634839 70.984703 -2.988158
v -2.748971 73.041924 -4.187667
v -2.747654 73.041794 -3.751784
v -3.636119 70.984604 -2.551579
v -1.718098 70.675591 -4.144549
v -2.087371 70.112625 -3.824700
v -2.088635 70.112572 -3.386235
v -1.716824 70.675453 -3.708624
v -0.039252 68.383446 -6.427874
v -0.039604 70.806808 -4.705332
v -1.469031 70.601280 -4.564697
v -1.160783 68.497307 -6.232067
v -1.792005 69.399857 -4.346271
v -1.160783 68.497307 -6.232067
v -1.469031 70.601280 -4.564697
v -0.039252 68.383446 -6.427874
v -1.160783 68.497307 -6.232067
v -1.160732 68.143669 -5.716982
v -0.039201 68.031715 -5.912788
v -1.469031 70.601280 -4.564697
v -0.039604 70.806808 -4.705332
v -0.039553 70.455063 -4.190247
v -1.468980 70.249557 -4.049611
v -1.792005 69.399857 -4.346271
v -1.469031 70.601280 -4.564697
v -1.468980 70.249557 -4.049611
v -1.791954 69.048126 -3.831187
v -1.160783 68.497307 -6.232067
v -1.792005 69.399857 -4.346271
v -1.791954 69.048126 -3.831187
v -1.160732 68.143669 -5.716982
v -8.993976 78.400162 3.454346
v -4.490860 74.377899 8.655176
v -8.117671 77.001114 3.192034
v -4.599227 77.088554 10.502825
v -4.055569 75.086929 9.710164
v -3.243904 75.379662 10.428702
v -4.055569 75.086929 9.710164
v -3.243904 75.379662 10.428702
v -2.736367 75.391075 9.982001
v -3.468198 75.012794 9.508677
v -4.490860 74.377899 8.655176
v -3.835056 74.377899 8.495510
v -8.338172 78.493294 3.224347
v -4.315991 77.343269 9.902150
v -4.599227 77.088554 10.502825
v -8.993976 78.400162 3.454346
v -3.243904 75.379662 10.428702
v -4.599227 77.088554 10.502825
v -4.315991 77.343269 9.902150
v -2.736367 75.391075 9.982001
v -8.117671 77.001114 3.192034
v -4.490860 74.377899 8.655176
v -3.835056 74.377899 8.495510
v -7.461867 77.023926 2.948730
v -8.993976 78.400162 3.454346
v -8.117671 77.001114 3.192034
v -7.461867 77.023926 2.948730
v -8.338172 78.493294 3.224347
v -3.468198 75.012794 9.508677
v -8.338172 78.493294 3.224347
v -7.461867 77.023926 2.948730
v -3.835056 74.377899 8.495510
v -4.315991 77.343269 9.902150
v -3.468198 75.012794 9.508677
v -2.736367 75.391075 9.982001
v -4.315991 77.343269 9.902150
v -5.321362 96.063065 -10.005692
v -4.958283 95.403473 -11.184227
v -5.272031 91.126495 -0.491828
v -6.859152 95.285614 -11.473181
v -6.695773 91.301376 -1.638067
v -6.520855 87.473015 -5.430304
v -6.313553 92.177696 -16.478172
v -6.374414 88.398750 -13.081314
v -6.611977 98.028580 -17.867712
v -6.501713 96.013657 -19.306671
v -6.246939 101.337990 -25.203176
v -6.199420 99.513153 -24.661425
v -6.583540 95.988945 -10.207195
v -6.199420 99.513153 -24.661425
v -6.501713 96.013657 -19.306671
v -5.279449 95.880592 -19.428312
v -5.484693 99.364899 -24.756464
v -5.416341 92.037025 -16.597918
v -6.313553 92.177696 -16.478172
v -5.433481 88.117424 -13.153537
v -6.374414 88.398750 -13.081314
v -6.374414 88.398750 -13.081314
v -6.520855 87.473015 -5.430304
v -5.578023 86.984497 -5.261118
v -5.433481 88.117424 -13.153537
v -5.484693 99.364899 -24.756464
v -5.279449 95.880592 -19.428312
v -5.192026 98.095108 -17.784058
v -5.467579 101.632629 -25.421766
v -4.958283 95.403473 -11.184227
v -5.416341 92.037025 -16.597918
v -5.578023 86.984497 -5.261118
v -5.433481 88.117424 -13.153537
v -5.272031 91.126495 -0.491828
v -5.277736 91.048561 -0.330253
v -5.484693 99.364899 -24.756464
v -5.467579 101.632629 -25.421766
v -6.246939 101.337990 -25.203176
v -6.199420 99.513153 -24.661425
v -5.467579 101.632629 -25.421766
v -5.192026 98.095108 -17.784058
v -6.611977 98.028580 -17.867712
v -6.246939 101.337990 -25.203176
v -6.859152 95.285614 -11.473181
v -4.958283 95.403473 -11.184227
v -2.297272 75.256104 10.552268
v -0.029549 78.329819 12.487378
v -0.029530 75.256104 10.552290
v -1.884799 77.499146 12.177518
v -0.924861 78.329819 12.487370
v -0.924861 78.329819 12.487370
v -1.052215 78.761322 12.036860
v -0.029545 78.761322 12.036871
v -0.029549 78.329819 12.487378
v -0.924861 78.329819 12.487370
v -1.884799 77.499146 12.177518
v -2.135707 77.902130 11.525517
v -1.052215 78.761322 12.036860
v -0.029530 75.256104 10.552290
v -0.029527 75.868179 10.240547
v -2.698351 75.936623 10.158783
v -2.297272 75.256104 10.552268
v -1.884799 77.499146 12.177518
v -2.297272 75.256104 10.552268
v -2.698351 75.936623 10.158783
v -2.135707 77.902130 11.525517
v -1.052223 78.761322 12.886550
v -1.175781 79.453239 13.088042
v -0.029555 79.453239 13.088053
v -0.029553 78.761322 12.886559
v -2.529197 78.249985 12.534876
v -2.135715 77.902130 12.377108
v -3.262918 76.014557 11.033178
v -2.698359 75.936623 11.010376
v -1.175781 79.453239 13.088042
v -1.255614 80.177467 12.599518
v -0.029554 79.879036 12.899867
v -0.029555 79.453239 13.088053
v -3.903520 79.200417 11.696576
v -2.529197 78.249985 12.534876
v -3.262918 76.014557 11.033178
v -4.281787 77.381287 11.014160
v -3.899716 80.188873 11.407645
v -3.892106 82.272232 10.801268
v -5.296847 80.194580 10.284216
v -7.625392 81.854042 7.923310
v -4.677163 82.485130 10.413482
v -6.127511 84.712952 8.428956
v -8.828631 84.171204 6.609796
v -8.779207 84.752876 6.387394
v -6.104672 88.204857 5.596657
v -10.107903 82.295044 4.944619
v -7.631091 80.204086 7.526028
v -10.096479 80.215492 3.450535
v -9.182163 78.706200 3.682449
v -0.029553 78.761322 12.886559
v -0.029545 78.761322 12.036871
v -1.052215 78.761322 12.036860
v -1.052223 78.761322 12.886550
v -0.029554 79.879036 12.899867
v -1.255614 80.177467 12.599518
v -1.255606 80.177467 11.747928
v -0.029545 79.879036 12.048276
v -3.892098 82.272232 9.951577
v -3.892106 82.272232 10.801268
v -4.677154 82.485130 9.561890
v -4.677163 82.485130 10.413482
v -2.135715 77.902130 12.377108
v -1.052223 78.761322 12.886550
v -1.052215 78.761322 12.036860
v -2.135707 77.902130 11.525517
v -2.698359 75.936623 11.010376
v -2.135715 77.902130 12.377108
v -2.135707 77.902130 11.525517
v -2.698351 75.936623 10.158783
v -3.262918 76.014557 11.033178
v -2.698359 75.936623 11.010376
v -2.698351 75.936623 10.158783
v -3.262910 76.014557 10.183489
v -4.281787 77.381287 11.014160
v -3.262918 76.014557 11.033178
v -3.262910 76.014557 10.183489
v -4.281779 77.381287 10.164471
v -4.677163 82.485130 10.413482
v -6.127511 84.712952 8.428956
v -6.127502 84.712952 7.577366
v -4.677154 82.485130 9.561890
v -6.127502 84.712952 7.577366
v -6.127511 84.712952 8.428956
v -6.104672 88.204857 5.596657
v -6.104663 88.204857 4.746967
v -6.104672 88.204857 5.596657
v -8.779207 84.752876 6.387394
v -8.779200 84.752876 5.537705
v -6.104663 88.204857 4.746967
v -8.779207 84.752876 6.387394
v -8.828631 84.171204 6.609796
v -8.828623 84.171204 5.758206
v -8.779200 84.752876 5.537705
v -4.281787 77.381287 11.014160
v -4.281779 77.381287 10.164471
v -9.182156 78.706200 2.830858
v -9.182163 78.706200 3.682449
v -8.828631 84.171204 6.609796
v -10.107903 82.295044 4.944619
v -10.107896 82.295044 4.093028
v -8.828623 84.171204 5.758206
v -10.096479 80.215492 3.450535
v -9.182163 78.706200 3.682449
v -9.182156 78.706200 2.830858
v -10.096472 80.215492 2.600845
v -10.107903 82.295044 4.944619
v -10.096479 80.215492 3.450535
v -10.096472 80.215492 2.600845
v -10.107896 82.295044 4.093028
v -8.779200 84.752876 5.537705
v -6.127502 84.712952 7.577366
v -6.104663 88.204857 4.746967
v -8.828623 84.171204 5.758206
v -4.677154 82.485130 9.561890
v -10.107896 82.295044 4.093028
v -4.281779 77.381287 10.164471
v -9.182156 78.706200 2.830858
v -10.096472 80.215492 2.600845
v -3.479574 89.151489 6.343726
v -2.295324 90.113342 5.621406
v -0.029511 87.820877 8.394799
v -4.255142 87.305740 7.459530
v -0.029532 84.549469 10.603613
v -4.540291 83.802437 9.464947
v -0.981886 80.536736 12.413236
v -0.029551 80.264908 12.671763
v -0.029487 90.320534 5.957883
v -5.258811 85.013290 8.316814
v -5.207475 86.938873 7.056536
v -2.295324 90.113342 5.621406
v -3.479574 89.151489 6.343726
v -3.892052 88.016678 5.189894
v -2.709703 88.978500 4.465673
v -3.479574 89.151489 6.343726
v -4.255142 87.305740 7.459530
v -4.667620 86.170921 6.303797
v -3.892052 88.016678 5.189894
v -4.540291 83.802437 9.464947
v -0.981886 80.536736 12.413236
v -1.223286 80.185074 11.223287
v -4.952769 82.667618 8.309213
v -5.258811 85.013290 8.316814
v -5.671288 83.878471 7.162980
v -5.207475 86.938873 7.056536
v -5.619953 85.804054 5.900802
v -0.981886 80.536736 12.413236
v -0.029551 80.264908 12.671763
v -0.029540 79.886642 11.516032
v -1.223286 80.185074 11.223287
v -0.029487 90.320534 5.957883
v -2.295324 90.113342 5.621406
v -2.709703 88.978500 4.465673
v -0.029476 89.185707 4.804053
v -4.255142 87.305740 7.459530
v -5.207475 86.938873 7.056536
v -5.619953 85.804054 5.900802
v -4.667620 86.170921 6.303797
v -2.251625 72.849594 8.041217
v -2.333382 74.701050 10.012419
v -0.029525 74.701050 10.012442
v -0.029505 72.849594 8.041238
v -3.644964 73.400848 8.033599
v -3.441584 74.708656 9.392724
v -0.029505 72.849594 8.041238
v -0.029500 73.250679 7.501391
v -2.251620 73.250679 7.501369
v -2.251625 72.849594 8.041217
v -3.644964 73.400848 8.033599
v -3.644959 73.801933 7.493752
v -2.333382 74.701050 10.012419
v -2.333377 75.100243 9.472572
v -0.029519 75.100243 9.472594
v -0.029525 74.701050 10.012442
v -3.441579 75.107841 8.854778
v -3.441584 74.708656 9.392724
v -3.441584 74.708656 9.392724
v -3.644964 73.400848 8.033599
v -3.644959 73.801933 7.493752
v -3.441579 75.107841 8.854778
v -2.251620 73.250679 7.501369
v -2.333377 75.100243 9.472572
v -3.441579 75.107841 8.854778
v -3.644959 73.801933 7.493752
v -0.029519 75.100243 9.472594
v -0.029500 73.250679 7.501391
v -3.232434 90.881279 3.579860
v -2.316215 90.881279 3.579869
v -2.099513 89.208519 3.408793
v -3.451034 89.208519 3.408779
v -3.435784 92.966553 -0.890993
v -3.186783 93.571030 0.439620
v -3.232434 90.881279 3.579860
v -3.451034 89.208519 3.408779
v -3.432010 87.531960 1.943207
v -3.416761 91.289970 -2.356565
v -2.363705 93.571030 0.439628
v -2.316215 90.881279 3.579869
v -3.232434 90.881279 3.579860
v -3.186783 93.571030 0.439620
v -2.114677 92.966553 -0.890980
v -2.099513 89.208519 3.408793
v -2.316215 90.881279 3.579869
v -2.363705 93.571030 0.439628
v -2.133672 91.289970 -2.356553
v -2.116606 87.531960 1.943220
v -2.114677 92.966553 -0.890980
v -2.363705 93.571030 0.439628
v -3.186783 93.571030 0.439620
v -3.435784 92.966553 -0.890993
v -3.416761 91.289970 -2.356565
v -2.133672 91.289970 -2.356553
v -2.116606 87.531960 1.943220
v -3.432010 87.531960 1.943207
v -3.451034 89.208519 3.408779
v -2.099513 89.208519 3.408793
v -1.373376 89.630508 3.121770
v -1.681311 89.486046 2.386129
v -1.994948 94.760963 1.521123
v -1.694611 94.909218 2.239653
v -0.635836 89.704643 2.796727
v -1.373376 89.630508 3.121770
v -1.694611 94.909218 2.239653
v -0.970378 94.979561 1.922207
v -0.943769 89.560188 2.062988
v -0.635836 89.704643 2.796727
v -0.970378 94.979561 1.922207
v -1.272616 94.829384 1.203677
v -1.681311 89.486046 2.386129
v -0.943769 89.560188 2.062988
v -1.272616 94.829384 1.203677
v -1.994948 94.760963 1.521123
v -2.943470 92.822060 -0.391028
v -3.124067 96.591507 -0.889186
v -3.124067 96.684647 -0.138341
v -2.943470 93.023560 0.361718
v -3.124067 96.591507 -0.889186
v -2.943470 92.822060 -0.391028
v -2.492963 92.839180 -0.394829
v -2.688768 96.614311 -0.891087
v -2.688768 96.614311 -0.891087
v -2.492963 92.839180 -0.394829
v -2.492963 93.040665 0.357916
v -2.688768 96.705559 -0.140242
v -2.688768 96.705559 -0.140242
v -2.492963 93.040665 0.357916
v -2.943470 93.023560 0.361718
v -3.124067 96.684647 -0.138341
v -1.700314 96.479355 -1.174317
v -1.468392 93.548203 -3.196714
v -0.979867 93.565308 -3.185309
v -1.211790 96.494560 -1.162912
v -1.211790 96.494560 -1.162912
v -0.979867 93.565308 -3.185309
v -0.979867 93.407539 -2.951502
v -1.211790 96.336792 -0.929105
v -1.211790 96.336792 -0.929105
v -0.979867 93.407539 -2.951502
v -1.468392 93.390419 -2.962907
v -1.700314 96.321579 -0.940509
v -1.700314 96.321579 -0.940509
v -1.468392 93.390419 -2.962907
v -1.468392 93.548203 -3.196714
v -1.700314 96.479355 -1.174317
v -0.559776 93.823814 -3.154896
v -1.629967 93.823814 -3.154896
v -1.629967 93.320099 -3.533168
v -0.559776 93.320099 -3.533168
v -0.559776 93.320099 -3.533168
v -1.629967 93.320099 -3.533168
v -1.629967 92.993149 -3.048447
v -0.559776 92.993149 -3.048447
v -0.559776 92.993149 -3.048447
v -1.629967 92.993149 -3.048447
v -1.629967 93.500671 -2.715794
v -0.559776 93.500671 -2.715794
v -0.559776 93.500671 -2.715794
v -1.629967 93.500671 -2.715794
v -1.629967 93.823814 -3.154896
v -0.559776 93.823814 -3.154896
v -1.629967 92.993149 -3.048447
v -1.629967 93.403732 -3.139688
v -1.629967 93.500671 -2.715794
v -1.629967 93.320099 -3.533168
v -1.629967 93.823814 -3.154896
v -0.029446 96.566795 -1.896648
v -0.603511 96.557289 -1.898550
v -0.474235 91.206314 -4.331534
v -0.029431 91.210129 -4.369551
v -0.981784 96.479355 -0.841665
v -0.905733 91.065651 -3.352586
v -0.474235 91.206314 -4.331534
v -0.603511 96.557289 -1.898550
v -2.000651 96.372902 -0.594552
v -1.886583 90.938301 -3.088364
v -0.905733 91.065651 -3.352586
v -0.981784 96.479355 -0.841665
v -2.036768 96.061157 0.008025
v -1.909395 90.662674 -2.529507
v -1.886583 90.938301 -3.088364
v -2.000651 96.372902 -0.594552
v -1.571054 96.021255 -0.001478
v -1.460787 90.655067 -2.426862
v -1.909395 90.662674 -2.529507
v -2.036768 96.061157 0.008025
v -1.460787 90.655067 -2.426862
v -1.571054 96.021255 -0.001478
v -0.939965 95.019470 1.958323
v -0.947552 89.584885 -0.421442
v -0.029446 94.873108 2.222544
v -0.029431 89.468925 -0.206644
v -0.947552 89.584885 -0.421442
v -0.939965 95.019470 1.958323
v 7.102681 62.259796 5.625196
v 5.600992 60.332317 6.448273
v 4.998415 60.881668 6.872168
v 6.443079 63.358505 6.271492
v 9.092895 64.449608 3.598864
v 8.288825 66.206017 3.492415
v 9.530095 64.113152 3.026703
v 8.602469 66.742058 2.760581
v 10.043332 64.185379 1.876674
v 9.011156 66.858017 2.013536
v 10.068042 64.729034 1.515508
v 9.492077 66.498749 1.473688
v 4.998415 60.881668 6.872168
v 4.517494 61.470936 5.288741
v 5.536361 63.219742 4.864847
v 6.443079 63.358505 6.271492
v 6.840360 65.230865 2.903145
v 8.288825 66.206017 3.492415
v 7.062761 65.609146 2.384207
v 8.602469 66.742058 2.760581
v 5.600992 60.332317 6.448273
v 4.943290 61.083160 4.990304
v 4.517494 61.470936 5.288741
v 4.998415 60.881668 6.872168
v 7.102681 62.259796 5.625196
v 6.003977 62.444183 4.408637
v 4.943290 61.083160 4.990304
v 5.600992 60.332317 6.448273
v 9.092895 64.449608 3.598864
v 7.408721 63.991497 2.977279
v 9.530095 64.113152 3.026703
v 7.718564 63.753891 2.574294
v 7.408721 63.991497 2.977279
v 9.092895 64.449608 3.598864
v 10.068042 64.729034 1.515508
v 8.096838 64.187286 1.506003
v 8.079730 63.805206 1.760720
v 10.043332 64.185379 1.876674
v 8.602469 66.742058 2.760581
v 7.062761 65.609146 2.384207
v 7.351694 65.692772 1.857665
v 9.011156 66.858017 2.013536
v 10.043332 64.185379 1.876674
v 8.079730 63.805206 1.760720
v 7.718564 63.753891 2.574294
v 9.530095 64.113152 3.026703
v 9.011156 66.858017 2.013536
v 7.351694 65.692772 1.857665
v 7.690050 65.438065 1.477491
v 9.492077 66.498749 1.473688
v 10.068042 64.729034 1.515508
v 9.492077 66.498749 1.473688
v 8.824871 66.027328 -3.185350
v 10.303751 63.041058 -2.390785
v 8.824871 66.027328 -3.185350
v 4.910975 63.090485 -6.553695
v 8.142460 59.383778 -5.228788
v 10.303751 63.041058 -2.390785
v 8.142460 59.383778 -5.228788
v 4.910975 63.090485 -6.553695
v 4.431954 61.550774 -6.500471
v 5.583885 58.842030 -5.761032
v 9.492077 66.498749 1.473688
v 7.690050 65.438065 1.477491
v 7.201525 65.206154 -2.712033
v 8.824871 66.027328 -3.185350
v 4.656258 63.132298 -5.090024
v 4.910975 63.090485 -6.553695
v 10.303751 63.041058 -2.390785
v 8.463707 63.096184 -2.149374
v 8.096838 64.187286 1.506003
v 10.068042 64.729034 1.515508
v 8.142460 59.383778 -5.228788
v 6.937306 60.514797 -4.154794
v 8.463707 63.096184 -2.149374
v 10.303751 63.041058 -2.390785
v 5.583885 58.842030 -5.761032
v 5.131476 60.132725 -4.531168
v 4.431954 61.550774 -6.500471
v 4.317902 62.044998 -5.053907
v 5.131476 60.132725 -4.531168
v 5.583885 58.842030 -5.761032
v 4.910975 63.090485 -6.553695
v 4.656258 63.132298 -5.090024
v 4.317902 62.044998 -5.053907
v 4.431954 61.550774 -6.500471
v 6.003977 62.444183 4.408637
v 7.408721 63.991497 2.977279
v 6.840360 65.230865 2.903145
v 5.536361 63.219742 4.864847
v 7.718564 63.753891 2.574294
v 7.062761 65.609146 2.384207
v 8.079730 63.805206 1.760720
v 7.351694 65.692772 1.857665
v 7.690050 65.438065 1.477491
v 8.096838 64.187286 1.506003
v 8.096838 64.187286 1.506003
v 8.463707 63.096184 -2.149374
v 7.201525 65.206154 -2.712033
v 7.690050 65.438065 1.477491
v 8.463707 63.096184 -2.149374
v 4.317902 62.044998 -5.053907
v 4.656258 63.132298 -5.090024
v 7.201525 65.206154 -2.712033
v 5.131476 60.132725 -4.531168
v 6.937306 60.514797 -4.154794
v -7.102542 62.259789 5.625204
v -6.442940 63.358494 6.271501
v -4.998276 60.881657 6.872176
v -5.600853 60.332310 6.448281
v -9.092756 64.449600 3.598873
v -8.288688 66.206009 3.492425
v -9.529956 64.113144 3.026712
v -8.602331 66.742050 2.760590
v -10.043192 64.185371 1.876684
v -9.011019 66.858009 2.013546
v -10.067904 64.729027 1.515518
v -9.491939 66.498741 1.473698
v -4.998276 60.881657 6.872176
v -6.442940 63.358494 6.271501
v -5.538125 63.219734 4.864855
v -4.517355 61.470924 5.288749
v -6.840222 65.230858 2.903155
v -8.288688 66.206009 3.492425
v -7.062624 65.609138 2.384217
v -8.602331 66.742050 2.760590
v -5.600853 60.332310 6.448281
v -4.998276 60.881657 6.872176
v -4.517355 61.470924 5.288749
v -4.943150 61.083153 4.990312
v -7.102542 62.259789 5.625204
v -5.600853 60.332310 6.448281
v -4.943150 61.083153 4.990312
v -6.003838 62.444176 4.408646
v -9.092756 64.449600 3.598873
v -7.408583 63.991489 2.977288
v -9.529956 64.113144 3.026712
v -9.092756 64.449600 3.598873
v -7.408583 63.991489 2.977288
v -7.718426 63.753880 2.574304
v -10.067904 64.729027 1.515518
v -10.043192 64.185371 1.876684
v -8.079592 63.805195 1.760730
v -8.096699 64.187279 1.506013
v -8.602331 66.742050 2.760590
v -9.011019 66.858009 2.013546
v -7.351558 65.692764 1.857675
v -7.062624 65.609138 2.384217
v -10.043192 64.185371 1.876684
v -9.529956 64.113144 3.026712
v -7.718426 63.753880 2.574304
v -8.079592 63.805195 1.760730
v -9.011019 66.858009 2.013546
v -9.491939 66.498741 1.473698
v -7.689913 65.438057 1.477501
v -7.351558 65.692764 1.857675
v -10.067904 64.729027 1.515518
v -10.303614 63.041050 -2.390774
v -8.824734 66.027321 -3.185339
v -9.491939 66.498741 1.473698
v -8.824734 66.027321 -3.185339
v -10.303614 63.041050 -2.390774
v -8.142320 59.383770 -5.228776
v -4.912737 63.090473 -6.553684
v -8.142320 59.383770 -5.228776
v -5.583744 58.842018 -5.761020
v -4.431817 61.550762 -6.500459
v -4.912737 63.090473 -6.553684
v -9.491939 66.498741 1.473698
v -8.824734 66.027321 -3.185339
v -7.201388 65.206146 -2.712022
v -7.689913 65.438057 1.477501
v -4.656120 63.132286 -5.090013
v -4.912737 63.090473 -6.553684
v -10.303614 63.041050 -2.390774
v -10.067904 64.729027 1.515518
v -8.096699 64.187279 1.506013
v -8.463567 63.096172 -2.149363
v -8.142320 59.383770 -5.228776
v -10.303614 63.041050 -2.390774
v -8.463567 63.096172 -2.149363
v -6.937166 60.514786 -4.154783
v -5.583744 58.842018 -5.761020
v -5.131337 60.132713 -4.531157
v -4.431817 61.550762 -6.500459
v -5.583744 58.842018 -5.761020
v -5.131337 60.132713 -4.531157
v -4.317764 62.044991 -5.053895
v -4.912737 63.090473 -6.553684
v -4.431817 61.550762 -6.500459
v -4.317764 62.044991 -5.053895
v -4.656120 63.132286 -5.090013
v -6.003838 62.444176 4.408646
v -5.538125 63.219734 4.864855
v -6.840222 65.230858 2.903155
v -7.408583 63.991489 2.977288
v -7.718426 63.753880 2.574304
v -7.062624 65.609138 2.384217
v -8.079592 63.805195 1.760730
v -7.351558 65.692764 1.857675
v -7.689913 65.438057 1.477501
v -8.096699 64.187279 1.506013
v -8.096699 64.187279 1.506013
v -7.689913 65.438057 1.477501
v -7.201388 65.206146 -2.712022
v -8.463567 63.096172 -2.149363
v -8.463567 63.096172 -2.149363
v -7.201388 65.206146 -2.712022
v -4.656120 63.132286 -5.090013
v -4.317764 62.044991 -5.053895
v -5.131337 60.132713 -4.531157
v -6.937166 60.514786 -4.154783
v -4.574381 57.473392 8.204686
v -3.661960 56.473534 6.450182
v -3.844445 52.669891 7.634425
v -4.943148 54.032810 9.339507
v -4.735953 49.900322 8.314937
v -6.642527 47.339848 10.141674
v -5.264396 46.619423 8.299728
v -9.282837 35.238892 9.504880
v -8.917871 40.175453 10.692925
v -8.619433 35.197071 8.795856
v -10.233279 57.536121 7.976582
v -7.541643 59.672703 7.332186
v -4.574381 57.473392 8.204686
v -4.943148 54.032810 9.339507
v -6.642527 47.339848 10.141674
v -12.023901 48.602024 9.953488
v -8.917871 40.175453 10.692925
v -12.158857 40.593643 10.405893
v -12.018195 58.275562 5.222218
v -11.227438 62.166653 2.083878
v -9.735251 63.508667 3.281427
v -10.233279 57.536121 7.976582
v -11.214128 62.841457 0.361689
v -10.271298 64.137848 0.428219
v -11.176112 62.710300 -0.670486
v -10.324519 63.763378 -1.048759
v -11.320580 62.151440 -1.782495
v -10.337828 62.978317 -2.373667
v -11.322479 62.140038 -1.803405
v -11.419423 60.697273 -2.411684
v -10.229477 61.041332 -3.713782
v -12.023901 48.602024 9.953488
v -13.016154 55.325405 6.476794
v -12.286222 56.420303 -2.145562
v -9.927238 56.216919 -4.074948
v -9.944346 57.555134 -4.415203
v -7.497923 56.266338 -4.624300
v -7.830575 55.380539 -4.424708
v -12.569448 53.095680 -0.786439
v -12.732924 47.309433 0.890129
v -9.237219 46.233540 -0.866277
v -12.753832 40.055698 2.581906
v -10.626755 39.751560 2.386116
v -3.047979 53.453049 1.661884
v -2.728633 54.853992 0.084159
v -3.049881 54.494724 -3.143521
v -4.511650 48.670460 2.433637
v -6.604510 45.860970 0.473838
v -4.984967 46.421722 2.667444
v -5.264396 46.619423 8.299728
v -4.661819 48.200939 7.419625
v -4.735953 49.900322 8.314937
v -8.619433 35.197071 8.795856
v -8.282979 36.185524 4.431453
v -3.049881 54.494724 -3.143521
v -5.211173 55.293091 -4.044535
v -5.834659 54.500431 -3.808826
v -6.604510 45.860970 0.473838
v -7.830575 55.380539 -4.424708
v -9.237219 46.233540 -0.866277
v -10.626755 39.751560 2.386116
v -8.558606 39.392300 3.465810
v -4.984967 46.421722 2.667444
v -8.282979 36.185524 4.431453
v -12.023901 48.602024 9.953488
v -14.128162 35.966919 7.685747
v -14.021718 47.773247 4.439059
v -13.660549 52.675591 3.372669
v -13.016154 55.325405 6.476794
v -13.278474 35.786346 9.352811
v -12.158857 40.593643 10.405893
v -14.021718 47.773247 4.439059
v -14.128162 35.966919 7.685747
v -13.550299 37.215794 4.577821
v -12.732924 47.309433 0.890129
v -12.753832 40.055698 2.581906
v -13.660549 52.675591 3.372669
v -12.569448 53.095680 -0.786439
v -4.620000 54.749439 -2.358459
v -5.676887 54.937630 -2.928721
v -5.211173 55.293091 -4.044535
v -3.049881 54.494724 -3.143521
v -4.722648 54.268520 -0.033694
v -2.728633 54.853992 0.084159
v -6.315578 48.191433 2.914558
v -4.511650 48.670460 2.433637
v -4.661819 48.200939 7.419625
v -7.499821 47.529930 7.324583
v -7.499821 47.529930 7.324583
v -4.661819 48.200939 7.419625
v -4.735953 49.900322 8.314937
v -7.108242 48.894760 7.938564
v -5.140841 55.815838 5.661319
v -7.108242 48.894760 7.938564
v -4.735953 49.900322 8.314937
v -4.735953 49.900322 8.314937
v -3.844445 52.669891 7.634425
v -5.140841 55.815838 5.661319
v -3.844445 52.669891 7.634425
v -3.661960 56.473534 6.450182
v -5.140841 55.815838 5.661319
v -5.903090 56.741558 7.024246
v -5.140841 55.815838 5.661319
v -3.661960 56.473534 6.450182
v -4.574381 57.473392 8.204686
v -5.903090 56.741558 7.024246
v -4.574381 57.473392 8.204686
v -7.541643 59.672703 7.332186
v -7.745038 58.849625 6.157448
v -7.745038 58.849625 6.157448
v -7.541643 59.672703 7.332186
v -9.735251 63.508667 3.281427
v -9.090855 62.687489 2.889848
v -10.271298 64.137848 0.428219
v -9.516650 63.341389 0.485245
v -10.324519 63.763378 -1.048759
v -9.560369 63.010632 -0.765530
v -10.337828 62.978317 -2.373667
v -9.583181 62.280701 -1.864232
v -10.229477 61.041332 -3.713782
v -9.448219 60.448254 -2.892604
v -9.944346 57.555134 -4.415203
v -9.457724 57.089417 -3.324103
v -9.457724 57.089417 -3.324103
v -9.944346 57.555134 -4.415203
v -7.497923 56.266338 -4.624300
v -7.708920 55.815838 -3.441958
v -7.954132 54.928127 -3.202446
v -7.708920 55.815838 -3.441958
v -7.497923 56.266338 -4.624300
v -7.830575 55.380539 -4.424708
v -4.511650 48.670460 2.433637
v -6.315578 48.191433 2.914558
v -4.965960 52.848568 1.675191
v -3.047979 53.453049 1.661884
v -3.047979 53.453049 1.661884
v -4.965960 52.848568 1.675191
v -4.722648 54.268520 -0.033694
v -2.728633 54.853992 0.084159
v -5.834659 54.500431 -3.808826
v -5.211173 55.293091 -4.044535
v -5.676887 54.937630 -2.928721
v -6.095078 54.122154 -2.630286
v -7.954132 54.928127 -3.202446
v -7.830575 55.380539 -4.424708
v -5.834659 54.500431 -3.808826
v -6.095078 54.122154 -2.630286
v -10.497499 60.957691 1.992637
v -11.227438 62.166653 2.083878
v -12.018195 58.275562 5.222218
v -11.160905 58.482754 4.091200
v -10.507005 61.598286 0.715250
v -11.214128 62.841457 0.361689
v -11.227438 62.166653 2.083878
v -10.497499 60.957691 1.992637
v -10.478494 61.486137 -0.111630
v -11.176112 62.710300 -0.670486
v -10.603950 61.016624 -1.022146
v -11.320580 62.151440 -1.782495
v -10.655271 59.851383 -1.368106
v -11.419423 60.697273 -2.411684
v -11.322479 62.140038 -1.803405
v -11.183716 57.157845 -1.472654
v -12.286222 56.420303 -2.145562
v -12.286222 56.420303 -2.145562
v -11.183716 57.157845 -1.472654
v -11.733068 57.034294 -0.130639
v -11.930757 57.372646 1.490806
v -13.772704 56.836605 1.715108
v -12.018195 58.275562 5.222218
v -11.719759 57.800343 3.074232
v -11.160905 58.482754 4.091200
v -12.569448 53.095680 -0.786439
v -12.286222 56.420303 -2.145562
v -13.772704 56.836605 1.715108
v -13.660549 52.675591 3.372669
v -12.018195 58.275562 5.222218
v -13.016154 55.325405 6.476794
v -13.660549 52.675591 3.372669
v -13.772704 56.836605 1.715108
v -5.578041 60.379829 -2.907812
v -5.220679 62.620953 2.872741
v -5.646475 63.274860 0.470039
v -5.690194 62.944103 -0.780736
v -5.714906 62.214165 -1.877539
v -6.095078 54.122154 -2.630286
v -5.140841 55.815838 5.661319
v -4.965960 52.848568 1.675191
v -10.233279 57.536121 7.976582
v -9.735251 63.508667 3.281427
v -7.541643 59.672703 7.332186
v -7.745038 58.849625 6.157448
v -5.140841 55.815838 5.661319
v -5.903090 56.741558 7.024246
v -5.676887 54.937630 -2.928721
v -4.620000 54.749439 -2.358459
v -4.722648 54.268520 -0.033694
v -6.095078 54.122154 -2.630286
v -4.965960 52.848568 1.675191
v -9.090855 62.687489 2.889848
v -9.516650 63.341389 0.485245
v -5.646475 63.274860 0.470039
v -5.220679 62.620953 2.872741
v -9.516650 63.341389 0.485245
v -9.560369 63.010632 -0.765530
v -5.690194 62.944103 -0.780736
v -5.646475 63.274860 0.470039
v -5.714906 62.214165 -1.877539
v -9.583181 62.280701 -1.864232
v -9.583181 62.280701 -1.864232
v -9.448219 60.448254 -2.892604
v -5.578041 60.379829 -2.907812
v -5.714906 62.214165 -1.877539
v -7.708920 55.815838 -3.441958
v -9.457724 57.089417 -3.324103
v -7.745038 58.849625 6.157448
v -9.090855 62.687489 2.889848
v -5.220679 62.620953 2.872741
v -5.140841 55.815838 5.661319
v -10.655271 59.851383 -1.368106
v -11.733068 57.034294 -0.130639
v -11.183716 57.157845 -1.472654
v -10.603950 61.016624 -1.022146
v -10.478494 61.486137 -0.111630
v -11.930757 57.372646 1.490806
v -10.507005 61.598286 0.715250
v -10.497499 60.957691 1.992637
v -11.719759 57.800343 3.074232
v -11.160905 58.482754 4.091200
v -7.108242 48.894760 7.938564
v -5.140841 55.815838 5.661319
v -4.965960 52.848568 1.675191
v -7.499821 47.529930 7.324583
v -6.315578 48.191433 2.914558
v -6.095078 54.122154 -2.630286
v -7.708920 55.815838 -3.441958
v -7.954132 54.928127 -3.202446
v -5.578041 60.379829 -2.907812
v -9.282837 35.238892 9.504880
v -8.619433 35.197071 8.795856
v -9.214406 35.516422 8.489815
v -9.514745 35.505016 9.130408
v -8.917871 40.175453 10.692925
v -9.282837 35.238892 9.504880
v -9.514745 35.505016 9.130408
v -9.406396 39.601395 9.890759
v -12.158857 40.593643 10.405893
v -8.917871 40.175453 10.692925
v -9.406396 39.601395 9.890759
v -12.046708 39.907429 9.061978
v -13.278474 35.786346 9.352811
v -12.158857 40.593643 10.405893
v -12.046708 39.907429 9.061978
v -13.071276 35.774937 8.366259
v -13.071276 35.774937 8.366259
v -13.236653 36.042953 7.377805
v -14.128162 35.966919 7.685747
v -13.278474 35.786346 9.352811
v -13.550299 37.215794 4.577821
v -12.900198 36.803303 5.070146
v -12.753832 40.055698 2.581906
v -13.550299 37.215794 4.577821
v -12.900198 36.803303 5.070146
v -12.331837 39.504444 3.880201
v -8.282979 36.185524 4.431453
v -8.558606 39.392300 3.465810
v -9.045230 38.884762 4.463768
v -9.043328 36.641727 4.862951
v -8.619433 35.197071 8.795856
v -8.282979 36.185524 4.431453
v -9.043328 36.641727 4.862951
v -9.214406 35.516422 8.489815
v -10.626755 39.751560 2.386116
v -12.753832 40.055698 2.581906
v -12.331837 39.504444 3.880201
v -10.797835 39.253529 3.756643
v -8.558606 39.392300 3.465810
v -9.045230 38.884762 4.463768
v -12.046708 39.907429 9.061978
v -12.331837 39.504444 3.880201
v -13.236653 36.042953 7.377805
v -12.900198 36.803303 5.070146
v -13.071276 35.774937 8.366259
v -9.045230 38.884762 4.463768
v -9.406396 39.601395 9.890759
v -9.043328 36.641727 4.862951
v -9.214406 35.516422 8.489815
v -9.514745 35.505016 9.130408
v -12.331837 39.504444 3.880201
v -12.046708 39.907429 9.061978
v -10.797835 39.253529 3.756643
v -9.045230 38.884762 4.463768
v -9.406396 39.601395 9.890759
v -2.129855 59.016911 -0.510818
v -2.183080 59.661316 -1.723573
v -11.495459 59.940731 -1.529679
v -11.510665 59.378071 -0.470894
v -2.183080 59.661316 -1.723573
v -2.261015 60.786621 -2.276728
v -11.470749 60.921574 -2.014403
v -11.495459 59.940731 -1.529679
v -2.261015 60.786621 -2.276728
v -2.337050 61.957565 -1.963085
v -11.449839 61.944244 -1.738775
v -11.470749 60.921574 -2.014403
v -2.337050 61.957565 -1.963085
v -2.378870 62.731220 -0.898597
v -11.436530 62.620953 -0.809249
v -11.449839 61.944244 -1.738775
v -2.378870 62.731220 -0.898597
v -2.371266 62.816753 0.509950
v -11.440334 62.695087 0.422516
v -11.436530 62.620953 -0.809249
v -2.371266 62.816753 0.509950
v -2.318041 62.185665 1.724608
v -11.455542 62.143833 1.481302
v -11.440334 62.695087 0.422516
v -2.318041 62.185665 1.724608
v -2.238205 61.069859 2.279662
v -11.478352 61.168694 1.967924
v -11.455542 62.143833 1.481302
v -2.238205 61.069859 2.279662
v -2.164072 59.893215 1.962217
v -11.501161 60.140320 1.690397
v -11.478352 61.168694 1.967924
v -2.164072 59.893215 1.962217
v -2.122251 59.106262 0.895829
v -11.512565 59.454105 0.758970
v -11.501161 60.140320 1.690397
v -2.122251 59.106262 0.895829
v -2.129855 59.016911 -0.510818
v -11.510665 59.378071 -0.470894
v -11.512565 59.454105 0.758970
v -11.501161 60.140320 1.690397
v -11.512565 59.454105 0.758970
v -11.495459 59.940731 -1.529679
v -11.510665 59.378071 -0.470894
v -11.470749 60.921574 -2.014403
v -11.436530 62.620953 -0.809249
v -11.449839 61.944244 -1.738775
v -11.440334 62.695087 0.422516
v -11.478352 61.168694 1.967924
v -11.455542 62.143833 1.481302
v -2.261015 60.786621 -2.276728
v -2.183080 59.661316 -1.723573
v -2.164072 59.893215 1.962217
v -2.129855 59.016911 -0.510818
v -2.122251 59.106262 0.895829
v -2.318041 62.185665 1.724608
v -2.238205 61.069859 2.279662
v -2.371266 62.816753 0.509950
v -2.337050 61.957565 -1.963085
v -2.378870 62.731220 -0.898597
v -14.905619 38.038872 4.952292
v -14.101548 34.079357 5.520653
v -13.955181 34.054642 5.149984
v -14.099650 35.809155 4.482777
v -14.093946 33.984314 6.794238
v -13.194832 32.743038 6.695392
v -13.202437 32.838089 5.421808
v -14.084440 33.980507 6.845562
v -14.996861 37.919117 7.725666
v -14.188989 35.655186 7.951869
v -14.016008 33.959599 7.214331
v -14.542551 38.054077 7.678144
v -14.996861 37.919117 7.725666
v -14.905619 38.038872 4.952292
v -14.455111 38.166233 5.035932
v -14.905619 38.038872 4.952292
v -14.099650 35.809155 4.482777
v -13.652946 35.934605 4.579722
v -14.455111 38.166233 5.035932
v -14.099650 35.809155 4.482777
v -13.955181 34.054642 5.149984
v -13.506577 34.178200 5.246929
v -13.652946 35.934605 4.579722
v -13.955181 34.054642 5.149984
v -14.101548 34.079357 5.520653
v -13.662445 34.242828 5.577679
v -13.506577 34.178200 5.246929
v -14.016008 33.959599 7.214331
v -14.188989 35.655186 7.951869
v -13.736583 35.788246 7.892942
v -13.559798 34.088860 7.166809
v -14.188989 35.655186 7.951869
v -14.996861 37.919117 7.725666
v -14.542551 38.054077 7.678144
v -13.736583 35.788246 7.892942
v -14.093946 33.984314 6.794238
v -14.084440 33.980507 6.845562
v -13.926668 34.037540 6.796140
v -14.016008 33.959599 7.214331
v -13.647243 34.151592 6.786635
v -13.559798 34.088860 7.166809
v -14.101548 34.079357 5.520653
v -13.202437 32.838089 5.421808
v -12.877388 33.012966 5.435114
v -13.662445 34.242828 5.577679
v -12.867883 32.917923 6.708698
v -13.194832 32.743038 6.695392
v -14.093946 33.984314 6.794238
v -13.926668 34.037540 6.796140
v -13.647243 34.151592 6.786635
v -13.647243 34.151592 6.786635
v -13.662445 34.242828 5.577679
v -12.877388 33.012966 5.435114
v -12.867883 32.917923 6.708698
v -14.542551 38.054077 7.678144
v -13.559798 34.088860 7.166809
v -13.736583 35.788246 7.892942
v -14.455111 38.166233 5.035932
v -13.652946 35.934605 4.579722
v -13.506577 34.178200 5.246929
v -6.811704 36.795704 7.784593
v -8.796214 33.174545 6.957713
v -8.904564 33.197353 7.372103
v -8.282979 34.834007 8.045012
v -6.682444 36.759586 5.011220
v -8.676460 33.182148 5.686029
v -10.037483 32.216503 6.839859
v -9.917728 32.224110 5.568175
v -8.801918 33.172646 5.305854
v -8.094791 34.784580 4.577821
v -6.682444 36.759586 5.011220
v -6.811704 36.795704 7.784593
v -7.216589 37.046623 7.695251
v -7.096835 37.008598 5.053038
v -6.682444 36.759586 5.011220
v -7.096835 37.008598 5.053038
v -8.507280 35.033596 4.631046
v -8.094791 34.784580 4.577821
v -8.094791 34.784580 4.577821
v -8.507280 35.033596 4.631046
v -9.214406 33.421658 5.360981
v -8.801918 33.172646 5.305854
v -8.801918 33.172646 5.305854
v -9.214406 33.421658 5.360981
v -9.066138 33.465378 5.699335
v -8.676460 33.182148 5.686029
v -8.904564 33.197353 7.372103
v -9.315153 33.444469 7.280861
v -8.685963 35.081123 7.942365
v -8.282979 34.834007 8.045012
v -8.282979 34.834007 8.045012
v -8.685963 35.081123 7.942365
v -7.216589 37.046623 7.695251
v -6.811704 36.795704 7.784593
v -8.796214 33.174545 6.957713
v -9.187794 33.457771 6.906389
v -9.315153 33.444469 7.280861
v -8.904564 33.197353 7.372103
v -8.676460 33.182148 5.686029
v -9.066138 33.465378 5.699335
v -10.174348 32.475025 5.547266
v -9.917728 32.224110 5.568175
v -10.037483 32.216503 6.839859
v -10.294102 32.467419 6.818948
v -9.187794 33.457771 6.906389
v -8.796214 33.174545 6.957713
v -9.187794 33.457771 6.906389
v -10.294102 32.467419 6.818948
v -10.174348 32.475025 5.547266
v -9.066138 33.465378 5.699335
v -7.216589 37.046623 7.695251
v -8.685963 35.081123 7.942365
v -9.315153 33.444469 7.280861
v -7.096835 37.008598 5.053038
v -8.507280 35.033596 4.631046
v -9.214406 33.421658 5.360981
v 4.574521 57.473404 8.204679
v 4.943291 54.032818 9.339502
v 3.844587 52.669903 7.634418
v 3.662103 56.473541 6.450175
v 4.736097 49.900333 8.314931
v 6.642671 47.339851 10.141669
v 5.264539 46.619427 8.299724
v 9.281085 35.238903 9.504877
v 8.916117 40.175465 10.692923
v 8.619581 35.197079 8.795853
v 10.233419 57.536129 7.976575
v 4.943291 54.032818 9.339502
v 4.574521 57.473404 8.204679
v 7.541782 59.672710 7.332178
v 6.642671 47.339851 10.141669
v 12.022141 48.602028 9.953484
v 8.916117 40.175465 10.692923
v 12.159006 40.593658 10.405890
v 12.018338 58.275570 5.222210
v 10.233419 57.536129 7.976575
v 9.735390 63.508675 3.281418
v 11.225675 62.166664 2.083869
v 11.214269 62.841469 0.361679
v 10.271436 64.137863 0.428208
v 11.176250 62.710312 -0.670496
v 10.324658 63.763390 -1.048769
v 11.320719 62.151447 -1.782505
v 10.336065 62.978329 -2.373677
v 11.322618 62.140045 -1.803416
v 11.419564 60.697285 -2.411694
v 10.229618 61.041340 -3.713793
v 12.022141 48.602028 9.953484
v 13.014396 55.325417 6.476787
v 12.286361 56.420315 -2.145572
v 9.927379 56.216930 -4.074958
v 9.944488 57.555145 -4.415214
v 7.498063 56.266350 -4.624310
v 7.830717 55.380547 -4.424719
v 12.569592 53.095692 -0.786447
v 12.733068 47.309444 0.890122
v 9.237365 46.233543 -0.866285
v 12.753980 40.055710 2.581900
v 10.626904 39.751572 2.386111
v 3.048121 53.453060 1.661876
v 4.511794 48.670464 2.433630
v 3.050021 54.494736 -3.143531
v 2.728774 54.854004 0.084151
v 6.604656 45.860973 0.473831
v 4.985111 46.421726 2.667438
v 5.264539 46.619427 8.299724
v 4.661962 48.200943 7.419620
v 4.736097 49.900333 8.314931
v 8.619581 35.197079 8.795853
v 8.283128 36.185532 4.431448
v 3.050021 54.494736 -3.143531
v 6.604656 45.860973 0.473831
v 5.834800 54.500439 -3.808836
v 5.211314 55.293098 -4.044545
v 7.830717 55.380547 -4.424719
v 9.237365 46.233543 -0.866285
v 10.626904 39.751572 2.386111
v 8.558753 39.392307 3.465805
v 4.985111 46.421726 2.667438
v 8.283128 36.185532 4.431448
v 12.022141 48.602028 9.953484
v 14.021860 47.773254 4.439053
v 14.128310 35.966934 7.685743
v 13.660692 52.675606 3.372662
v 13.014396 55.325417 6.476787
v 13.278621 35.786358 9.352807
v 12.159006 40.593658 10.405890
v 14.021860 47.773254 4.439053
v 12.733068 47.309444 0.890122
v 13.550445 37.215805 4.577816
v 14.128310 35.966934 7.685743
v 12.753980 40.055710 2.581900
v 13.660692 52.675606 3.372662
v 12.569592 53.095692 -0.786447
v 4.620143 54.749451 -2.358469
v 3.050021 54.494736 -3.143531
v 5.211314 55.293098 -4.044545
v 5.677027 54.937641 -2.928730
v 4.722791 54.268536 -0.033703
v 2.728774 54.854004 0.084151
v 6.315722 48.191437 2.914551
v 7.499966 47.529934 7.324576
v 4.661962 48.200943 7.419620
v 4.511794 48.670464 2.433630
v 7.499966 47.529934 7.324576
v 7.108386 48.894764 7.938559
v 4.736097 49.900333 8.314931
v 4.661962 48.200943 7.419620
v 4.736097 49.900333 8.314931
v 7.108386 48.894764 7.938559
v 5.140982 55.815849 5.661312
v 5.140982 55.815849 5.661312
v 3.844587 52.669903 7.634418
v 4.736097 49.900333 8.314931
v 5.140982 55.815849 5.661312
v 3.662103 56.473541 6.450175
v 3.844587 52.669903 7.634418
v 5.903232 56.741570 7.024238
v 4.574521 57.473404 8.204679
v 3.662103 56.473541 6.450175
v 5.140982 55.815849 5.661312
v 5.903232 56.741570 7.024238
v 7.745177 58.849636 6.157439
v 7.541782 59.672710 7.332178
v 4.574521 57.473404 8.204679
v 7.745177 58.849636 6.157439
v 9.090994 62.687500 2.889839
v 9.735390 63.508675 3.281418
v 7.541782 59.672710 7.332178
v 10.271436 64.137863 0.428208
v 9.516790 63.341400 0.485235
v 10.324658 63.763390 -1.048769
v 9.560509 63.010639 -0.765540
v 10.336065 62.978329 -2.373677
v 9.583320 62.280712 -1.864243
v 10.229618 61.041340 -3.713793
v 9.448358 60.448265 -2.892615
v 9.944488 57.555145 -4.415214
v 9.457864 57.089424 -3.324113
v 9.457864 57.089424 -3.324113
v 7.709061 55.815849 -3.441968
v 7.498063 56.266350 -4.624310
v 9.944488 57.555145 -4.415214
v 7.952373 54.928139 -3.202456
v 7.830717 55.380547 -4.424719
v 7.498063 56.266350 -4.624310
v 7.709061 55.815849 -3.441968
v 4.511794 48.670464 2.433630
v 3.048121 53.453060 1.661876
v 4.966102 52.848576 1.675183
v 6.315722 48.191437 2.914551
v 3.048121 53.453060 1.661876
v 2.728774 54.854004 0.084151
v 4.722791 54.268536 -0.033703
v 4.966102 52.848576 1.675183
v 5.834800 54.500439 -3.808836
v 6.095219 54.122166 -2.630295
v 5.677027 54.937641 -2.928730
v 5.211314 55.293098 -4.044545
v 7.952373 54.928139 -3.202456
v 6.095219 54.122166 -2.630295
v 5.834800 54.500439 -3.808836
v 7.830717 55.380547 -4.424719
v 10.497641 60.957703 1.992628
v 11.161044 58.482765 4.091192
v 12.018338 58.275570 5.222210
v 11.225675 62.166664 2.083869
v 10.507145 61.598293 0.715241
v 10.497641 60.957703 1.992628
v 11.225675 62.166664 2.083869
v 11.214269 62.841469 0.361679
v 10.478631 61.486145 -0.111639
v 11.176250 62.710312 -0.670496
v 10.602188 61.016636 -1.022156
v 11.320719 62.151447 -1.782505
v 10.655414 59.851395 -1.368116
v 11.419564 60.697285 -2.411694
v 11.322618 62.140045 -1.803416
v 11.183855 57.157856 -1.472663
v 12.286361 56.420315 -2.145572
v 12.286361 56.420315 -2.145572
v 13.772843 56.836620 1.715100
v 11.930898 57.372658 1.490798
v 11.731306 57.034306 -0.130648
v 11.183855 57.157856 -1.472663
v 12.018338 58.275570 5.222210
v 11.719901 57.800350 3.074224
v 11.161044 58.482765 4.091192
v 12.569592 53.095692 -0.786447
v 13.660692 52.675606 3.372662
v 13.772843 56.836620 1.715100
v 12.286361 56.420315 -2.145572
v 12.018338 58.275570 5.222210
v 13.772843 56.836620 1.715100
v 13.660692 52.675606 3.372662
v 13.014396 55.325417 6.476787
v 5.646613 63.274872 0.470029
v 5.220816 62.620964 2.872731
v 5.578182 60.379837 -2.907823
v 5.690332 62.944115 -0.780746
v 5.715044 62.214176 -1.877549
v 6.095219 54.122166 -2.630295
v 5.140982 55.815849 5.661312
v 4.966102 52.848576 1.675183
v 10.233419 57.536129 7.976575
v 7.541782 59.672710 7.332178
v 9.735390 63.508675 3.281418
v 7.745177 58.849636 6.157439
v 5.903232 56.741570 7.024238
v 5.140982 55.815849 5.661312
v 5.677027 54.937641 -2.928730
v 6.095219 54.122166 -2.630295
v 4.722791 54.268536 -0.033703
v 4.620143 54.749451 -2.358469
v 4.966102 52.848576 1.675183
v 9.090994 62.687500 2.889839
v 5.220816 62.620964 2.872731
v 5.646613 63.274872 0.470029
v 9.516790 63.341400 0.485235
v 9.516790 63.341400 0.485235
v 5.646613 63.274872 0.470029
v 5.690332 62.944115 -0.780746
v 9.560509 63.010639 -0.765540
v 5.715044 62.214176 -1.877549
v 9.583320 62.280712 -1.864243
v 9.583320 62.280712 -1.864243
v 5.715044 62.214176 -1.877549
v 5.578182 60.379837 -2.907823
v 9.448358 60.448265 -2.892615
v 7.709061 55.815849 -3.441968
v 9.457864 57.089424 -3.324113
v 7.745177 58.849636 6.157439
v 5.140982 55.815849 5.661312
v 5.220816 62.620964 2.872731
v 9.090994 62.687500 2.889839
v 10.655414 59.851395 -1.368116
v 11.183855 57.157856 -1.472663
v 11.731306 57.034306 -0.130648
v 10.602188 61.016636 -1.022156
v 10.478631 61.486145 -0.111639
v 11.930898 57.372658 1.490798
v 10.507145 61.598293 0.715241
v 10.497641 60.957703 1.992628
v 11.719901 57.800350 3.074224
v 11.161044 58.482765 4.091192
v 7.108386 48.894764 7.938559
v 7.499966 47.529934 7.324576
v 4.966102 52.848576 1.675183
v 5.140982 55.815849 5.661312
v 6.315722 48.191437 2.914551
v 6.095219 54.122166 -2.630295
v 7.952373 54.928139 -3.202456
v 7.709061 55.815849 -3.441968
v 5.578182 60.379837 -2.907823
v 9.281085 35.238903 9.504877
v 9.514892 35.505028 9.130406
v 9.214554 35.516434 8.489811
v 8.619581 35.197079 8.795853
v 8.916117 40.175465 10.692923
v 9.406542 39.601406 9.890756
v 9.514892 35.505028 9.130406
v 9.281085 35.238903 9.504877
v 12.159006 40.593658 10.405890
v 12.046855 39.907444 9.061975
v 9.406542 39.601406 9.890756
v 8.916117 40.175465 10.692923
v 13.278621 35.786358 9.352807
v 13.071425 35.774948 8.366255
v 12.046855 39.907444 9.061975
v 12.159006 40.593658 10.405890
v 13.071425 35.774948 8.366255
v 13.278621 35.786358 9.352807
v 14.128310 35.966934 7.685743
v 13.236801 36.042965 7.377801
v 13.550445 37.215805 4.577816
v 12.900348 36.803314 5.070142
v 12.753980 40.055710 2.581900
v 12.331985 39.504456 3.880196
v 12.900348 36.803314 5.070142
v 13.550445 37.215805 4.577816
v 8.283128 36.185532 4.431448
v 9.043475 36.641739 4.862947
v 9.045377 38.884773 4.463764
v 8.558753 39.392307 3.465805
v 8.619581 35.197079 8.795853
v 9.214554 35.516434 8.489811
v 9.043475 36.641739 4.862947
v 8.283128 36.185532 4.431448
v 10.626904 39.751572 2.386111
v 10.797982 39.253544 3.756638
v 12.331985 39.504456 3.880196
v 12.753980 40.055710 2.581900
v 8.558753 39.392307 3.465805
v 9.045377 38.884773 4.463764
v 12.046855 39.907444 9.061975
v 13.236801 36.042965 7.377801
v 12.331985 39.504456 3.880196
v 12.900348 36.803314 5.070142
v 13.071425 35.774948 8.366255
v 9.045377 38.884773 4.463764
v 9.043475 36.641739 4.862947
v 9.406542 39.601406 9.890756
v 9.214554 35.516434 8.489811
v 9.514892 35.505028 9.130406
v 12.331985 39.504456 3.880196
v 10.797982 39.253544 3.756638
v 12.046855 39.907444 9.061975
v 9.045377 38.884773 4.463764
v 9.406542 39.601406 9.890756
v 2.130000 59.016911 -0.510818
v 11.510805 59.378078 -0.470903
v 11.495599 59.940742 -1.529689
v 2.183224 59.661316 -1.723573
v 2.183224 59.661316 -1.723573
v 11.495599 59.940742 -1.529689
v 11.470886 60.921585 -2.014413
v 2.261161 60.786621 -2.276728
v 2.261161 60.786621 -2.276728
v 11.470886 60.921585 -2.014413
v 11.449978 61.944256 -1.738786
v 2.337195 61.957565 -1.963085
v 2.337195 61.957565 -1.963085
v 11.449978 61.944256 -1.738786
v 11.436670 62.620964 -0.809260
v 2.379014 62.731220 -0.898597
v 2.379014 62.731220 -0.898597
v 11.436670 62.620964 -0.809260
v 11.438573 62.695099 0.422506
v 2.371410 62.816753 0.509950
v 2.371410 62.816753 0.509950
v 11.438573 62.695099 0.422506
v 11.455679 62.143845 1.481292
v 2.318187 62.185665 1.724608
v 2.318187 62.185665 1.724608
v 11.455679 62.143845 1.481292
v 11.478491 61.168705 1.967915
v 2.238349 61.069859 2.279662
v 2.238349 61.069859 2.279662
v 11.478491 61.168705 1.967915
v 11.501301 60.140331 1.690388
v 2.164216 59.893215 1.962217
v 2.164216 59.893215 1.962217
v 11.501301 60.140331 1.690388
v 11.512706 59.454113 0.758961
v 2.122397 59.106262 0.895829
v 2.122397 59.106262 0.895829
v 11.512706 59.454113 0.758961
v 11.510805 59.378078 -0.470903
v 2.130000 59.016911 -0.510818
v 11.501301 60.140331 1.690388
v 11.495599 59.940742 -1.529689
v 11.512706 59.454113 0.758961
v 11.510805 59.378078 -0.470903
v 11.470886 60.921585 -2.014413
v 11.436670 62.620964 -0.809260
v 11.449978 61.944256 -1.738786
v 11.438573 62.695099 0.422506
v 11.478491 61.168705 1.967915
v 11.455679 62.143845 1.481292
v 2.261161 60.786621 -2.276728
v 2.164216 59.893215 1.962217
v 2.183224 59.661316 -1.723573
v 2.130000 59.016911 -0.510818
v 2.122397 59.106262 0.895829
v 2.318187 62.185665 1.724608
v 2.238349 61.069859 2.279662
v 2.371410 62.816753 0.509950
v 2.337195 61.957565 -1.963085
v 2.379014 62.731220 -0.898597
v 14.905766 38.038883 4.952288
v 14.099796 35.809162 4.482773
v 13.953430 34.054653 5.149980
v 14.101698 34.079365 5.520649
v 14.094094 33.984325 6.794234
v 13.193081 32.743053 6.695389
v 13.202586 32.838097 5.421805
v 14.084590 33.980522 6.845558
v 14.997009 37.919132 7.725662
v 14.189137 35.655197 7.951865
v 14.016160 33.959610 7.214328
v 14.542699 38.054092 7.678139
v 14.455259 38.166245 5.035927
v 14.905766 38.038883 4.952288
v 14.997009 37.919132 7.725662
v 14.905766 38.038883 4.952288
v 14.455259 38.166245 5.035927
v 13.653091 35.934616 4.579718
v 14.099796 35.809162 4.482773
v 14.099796 35.809162 4.482773
v 13.653091 35.934616 4.579718
v 13.506724 34.178207 5.246925
v 13.953430 34.054653 5.149980
v 13.953430 34.054653 5.149980
v 13.506724 34.178207 5.246925
v 13.662596 34.242840 5.577675
v 14.101698 34.079365 5.520649
v 14.016160 33.959610 7.214328
v 13.559949 34.088871 7.166805
v 13.736731 35.788258 7.892939
v 14.189137 35.655197 7.951865
v 14.189137 35.655197 7.951865
v 13.736731 35.788258 7.892939
v 14.542699 38.054092 7.678139
v 14.997009 37.919132 7.725662
v 14.094094 33.984325 6.794234
v 13.926818 34.037552 6.796136
v 14.084590 33.980522 6.845558
v 14.016160 33.959610 7.214328
v 13.559949 34.088871 7.166805
v 13.647390 34.151604 6.786632
v 14.101698 34.079365 5.520649
v 13.662596 34.242840 5.577675
v 12.877537 33.012978 5.435111
v 13.202586 32.838097 5.421805
v 14.094094 33.984325 6.794234
v 13.193081 32.743053 6.695389
v 12.868032 32.917934 6.708695
v 13.926818 34.037552 6.796136
v 13.647390 34.151604 6.786632
v 13.647390 34.151604 6.786632
v 12.868032 32.917934 6.708695
v 12.877537 33.012978 5.435111
v 13.662596 34.242840 5.577675
v 14.542699 38.054092 7.678139
v 13.559949 34.088871 7.166805
v 13.736731 35.788258 7.892939
v 14.455259 38.166245 5.035927
v 13.653091 35.934616 4.579718
v 13.506724 34.178207 5.246925
v 6.811852 36.795719 7.784589
v 8.281227 34.834019 8.045008
v 8.902812 33.197361 7.372100
v 8.796364 33.174557 6.957710
v 6.682592 36.759594 5.011215
v 8.676609 33.182156 5.686025
v 10.037633 32.216515 6.839855
v 9.917878 32.224117 5.568172
v 8.802067 33.172653 5.305851
v 8.094942 34.784588 4.577817
v 6.682592 36.759594 5.011215
v 7.096983 37.008610 5.053034
v 7.216737 37.046635 7.695248
v 6.811852 36.795719 7.784589
v 6.682592 36.759594 5.011215
v 8.094942 34.784588 4.577817
v 8.507431 35.033604 4.631042
v 7.096983 37.008610 5.053034
v 8.094942 34.784588 4.577817
v 8.802067 33.172653 5.305851
v 9.214555 33.421665 5.360977
v 8.507431 35.033604 4.631042
v 8.802067 33.172653 5.305851
v 8.676609 33.182156 5.686025
v 9.066287 33.465385 5.699332
v 9.214555 33.421665 5.360977
v 8.902812 33.197361 7.372100
v 8.281227 34.834019 8.045008
v 8.686113 35.081135 7.942361
v 9.315302 33.444481 7.280858
v 8.281227 34.834019 8.045008
v 6.811852 36.795719 7.784589
v 7.216737 37.046635 7.695248
v 8.686113 35.081135 7.942361
v 8.796364 33.174557 6.957710
v 8.902812 33.197361 7.372100
v 9.315302 33.444481 7.280858
v 9.187943 33.457779 6.906386
v 8.676609 33.182156 5.686025
v 9.917878 32.224117 5.568172
v 10.174496 32.475033 5.547262
v 9.066287 33.465385 5.699332
v 10.037633 32.216515 6.839855
v 8.796364 33.174557 6.957710
v 9.187943 33.457779 6.906386
v 10.294251 32.467430 6.818945
v 9.187943 33.457779 6.906386
v 9.066287 33.465385 5.699332
v 10.174496 32.475033 5.547262
v 10.294251 32.467430 6.818945
v 7.216737 37.046635 7.695248
v 8.686113 35.081135 7.942361
v 9.315302 33.444481 7.280858
v 7.096983 37.008610 5.053034
v 8.507431 35.033604 4.631042
v 9.214555 33.421665 5.360977
v -9.168814 94.120308 -1.892735
v -8.296315 95.120163 -1.117179
v -8.440781 94.949081 -0.001367
v -11.763508 92.787788 -0.871968
v -11.324405 93.131859 -2.314728
v -8.644176 94.584114 1.080228
v -9.661143 93.475914 1.051716
v -11.485977 92.500755 0.679145
v -12.683525 90.597992 -6.027132
v -8.089116 93.565247 -4.219401
v -7.456126 92.014137 -5.511993
v -10.372063 89.016457 -7.707501
v -11.807222 85.551163 -8.564795
v -14.595801 87.374107 -7.186664
v -11.674159 81.753235 -8.943069
v -15.899797 83.405083 -7.728413
v -13.113120 80.451141 -8.610416
v -17.059332 81.171570 -7.063109
v -17.582069 82.123901 -6.658223
v -17.369173 84.998009 -6.068952
v -18.268290 82.085876 -3.837330
v -18.131430 84.766106 -3.225250
v -17.559265 83.990555 -0.687585
v -17.513645 81.272308 -1.155199
v -15.861785 82.561096 1.466104
v -17.006109 88.320740 -2.331840
v -16.232454 88.480415 -5.109013
v -14.808701 91.200562 -1.493555
v -14.076867 91.303215 -4.147170
v -16.582218 87.621216 0.144997
v -15.131853 86.509209 2.146615
v -14.470348 90.653107 0.734268
v -12.428813 89.560120 2.920271
v -13.122630 84.722397 3.135069
v -9.978588 88.062225 4.334521
v -9.096583 92.306870 2.618034
v -8.163256 90.185501 4.207164
v -8.203173 87.381706 4.612051
v -10.170576 83.922119 4.011374
v -8.644176 94.584114 1.080228
v -8.376152 94.202042 0.909150
v -9.395019 93.177467 0.819810
v -9.661143 93.475914 1.051716
v -8.440781 94.949081 -0.001367
v -8.296315 95.120163 -1.117179
v -8.028291 94.698174 -1.050649
v -8.134740 94.523293 -0.073601
v -8.376152 94.202042 0.909150
v -8.644176 94.584114 1.080228
v -9.096583 92.306870 2.618034
v -9.661143 93.475914 1.051716
v -9.395019 93.177467 0.819810
v -8.885587 92.067352 2.298688
v -8.163256 90.185501 4.207164
v -8.014987 90.025818 3.826989
v -8.203173 87.381706 4.612051
v -8.163256 90.185501 4.207164
v -8.014987 90.025818 3.826989
v -8.060609 87.290474 4.214767
v -10.170576 83.922119 4.011374
v -8.203173 87.381706 4.612051
v -8.060609 87.290474 4.214767
v -10.003301 83.866997 3.615993
v -13.122630 84.722397 3.135069
v -10.170576 83.922119 4.011374
v -10.003301 83.866997 3.615993
v -12.892626 84.684364 2.762499
v -15.483514 80.791389 0.595505
v -15.861785 82.561096 1.466104
v -15.551944 82.616219 1.167668
v -15.150862 80.920654 0.333184
v -15.150862 80.920654 0.333184
v -17.099251 81.283714 -1.341485
v -17.513645 81.272308 -1.155199
v -15.483514 80.791389 0.595505
v -18.268290 82.085876 -3.837330
v -17.800674 82.026955 -3.837330
v -17.582069 82.123901 -6.658223
v -17.196196 82.047867 -6.433920
v -17.059332 81.171570 -7.063109
v -17.582069 82.123901 -6.658223
v -17.196196 82.047867 -6.433920
v -16.797012 81.135452 -6.696239
v -13.113120 80.451141 -8.610416
v -17.059332 81.171570 -7.063109
v -16.797012 81.135452 -6.696239
v -12.911627 80.415016 -8.215034
v -11.674159 81.753235 -8.943069
v -13.113120 80.451141 -8.610416
v -12.911627 80.415016 -8.215034
v -11.499279 81.682892 -8.540083
v -11.807222 85.551163 -8.564795
v -11.674159 81.753235 -8.943069
v -11.499279 81.682892 -8.540083
v -11.643744 85.425713 -8.169414
v -10.372063 89.016457 -7.707501
v -10.239002 88.784554 -7.346335
v -7.374389 91.698593 -5.196448
v -7.456126 92.014137 -5.511993
v -7.957957 93.217384 -3.958982
v -8.942611 93.719223 -1.786287
v -9.168814 94.120308 -1.892735
v -8.089116 93.565247 -4.219401
v -7.374389 91.698593 -5.196448
v -7.456126 92.014137 -5.511993
v -15.861785 82.561096 1.466104
v -13.122630 84.722397 3.135069
v -12.892626 84.684364 2.762499
v -15.551944 82.616219 1.167668
v -15.483514 80.791389 0.595505
v -8.028291 94.698174 -1.050649
v -8.296315 95.120163 -1.117179
v -9.168814 94.120308 -1.892735
v -8.942611 93.719223 -1.786287
v -8.014987 90.025818 3.826989
v -12.892626 84.684364 2.762499
v -10.003301 83.866997 3.615993
v -8.060609 87.290474 4.214767
v -10.239002 88.784554 -7.346335
v -8.942611 93.719223 -1.786287
v -7.957957 93.217384 -3.958982
v -7.374389 91.698593 -5.196448
v -17.196196 82.047867 -6.433920
v -11.643744 85.425713 -8.169414
v -9.395019 93.177467 0.819810
v -8.376152 94.202042 0.909150
v -8.134740 94.523293 -0.073601
v -17.800674 82.026955 -3.837330
v -8.028291 94.698174 -1.050649
v -8.942611 93.719223 -1.786287
v -17.196196 82.047867 -6.433920
v -9.395019 93.177467 0.819810
v -17.800674 82.026955 -3.837330
v -17.099251 81.283714 -1.341485
v -8.885587 92.067352 2.298688
v -15.551944 82.616219 1.167668
v -15.150862 80.920654 0.333184
v -12.892626 84.684364 2.762499
v -8.014987 90.025818 3.826989
v -11.499279 81.682892 -8.540083
v -12.911627 80.415016 -8.215034
v -16.797012 81.135452 -6.696239
v -17.196196 82.047867 -6.433920
v -11.643744 85.425713 -8.169414
v -16.057577 81.660088 -0.191456
v -10.615378 85.572083 3.306151
v -10.699017 85.467537 3.640704
v -16.202042 81.513718 0.106981
v -10.699017 85.467537 3.640704
v -10.615378 85.572083 3.306151
v -10.047021 83.581863 2.853744
v -10.132559 83.477318 3.190198
v -12.915436 80.205917 1.072626
v -12.784276 80.340881 0.764684
v -15.150862 80.504356 -0.347326
v -15.297225 80.356094 -0.050791
v -15.297225 80.356094 -0.050791
v -15.150862 80.504356 -0.347326
v -16.057577 81.660088 -0.191456
v -16.202042 81.513718 0.106981
v -10.047021 83.581863 2.853744
v -12.784276 80.340881 0.764684
v -12.915436 80.205917 1.072626
v -10.132559 83.477318 3.190198
v -10.132559 83.477318 3.190198
v -12.915436 80.205917 1.072626
v -15.297225 80.356094 -0.050791
v -16.202042 81.513718 0.106981
v -10.699017 85.467537 3.640704
v -15.150862 80.504356 -0.347326
v -12.784276 80.340881 0.764684
v -10.047021 83.581863 2.853744
v -16.057577 81.660088 -0.191456
v -10.615378 85.572083 3.306151
v -12.246327 79.069260 -2.099912
v -16.916771 80.282013 -1.892718
v -15.964433 82.101151 -0.142015
v -11.811028 81.076584 0.340807
v -13.649173 87.026306 0.646848
v -13.369743 87.180283 -4.008387
v -9.845527 88.275185 -2.240576
v -10.795962 88.094612 1.203804
v -10.953734 85.743225 -3.633915
v -9.950076 86.720276 -2.409753
v -9.845527 88.275185 -2.240576
v -13.369743 87.180283 -4.008387
v -11.582922 82.572571 -6.536547
v -15.800958 83.407059 -6.694320
v -11.811028 81.076584 0.340807
v -15.964433 82.101151 -0.142015
v -15.270618 84.408813 0.350313
v -11.839544 83.456474 0.749496
v -11.620940 85.114037 1.215208
v -13.649173 87.026306 0.646848
v -10.795962 88.094612 1.203804
v -10.799766 86.203232 1.222812
v -11.582922 82.572571 -6.536547
v -15.800958 83.407059 -6.694320
v -16.816025 80.747734 -5.551895
v -12.225420 79.711754 -5.766693
v -11.582922 82.572571 -6.536547
v -12.225420 79.711754 -5.766693
v -12.246327 79.069260 -2.099912
v -11.811028 81.076584 0.340807
v -11.839544 83.456474 0.749496
v -11.620940 85.114037 1.215208
v -10.953734 85.743225 -3.633915
v -14.192822 73.995834 -3.398207
v -14.763082 74.396919 -6.939532
v -16.916771 80.282013 -1.892718
v -16.816025 80.747734 -5.551895
v -15.800958 83.407059 -6.694320
v -15.964433 82.101151 -0.142015
v -15.270618 84.408813 0.350313
v -13.369743 87.180283 -4.008387
v -13.649173 87.026306 0.646848
v -18.530611 74.583199 -3.322172
v -18.737804 75.016594 -6.515638
v -10.953734 85.743225 -3.633915
v -11.620940 85.114037 1.215208
v -10.799766 86.203232 1.222812
v -9.950076 86.720276 -2.409753
v -9.845527 88.275185 -2.240576
v -9.950076 86.720276 -2.409753
v -10.799766 86.203232 1.222812
v -10.795962 88.094612 1.203804
v -16.916771 80.282013 -1.892718
v -12.246327 79.069260 -2.099912
v -14.192822 73.995834 -3.398207
v -18.530611 74.583199 -3.322172
v -12.225420 79.711754 -5.766693
v -16.816025 80.747734 -5.551895
v -18.737804 75.016594 -6.515638
v -14.763082 74.396919 -6.939532
v -14.694651 73.727798 -3.727060
v -15.137553 74.149796 -6.566961
v -18.315815 74.651627 -6.232409
v -18.169447 74.212524 -3.685239
v -18.530611 74.583199 -3.322172
v -14.192822 73.995834 -3.398207
v -14.694651 73.727798 -3.727060
v -18.169447 74.212524 -3.685239
v -18.737804 75.016594 -6.515638
v -18.530611 74.583199 -3.322172
v -18.169447 74.212524 -3.685239
v -18.315815 74.651627 -6.232409
v -14.763082 74.396919 -6.939532
v -18.737804 75.016594 -6.515638
v -18.315815 74.651627 -6.232409
v -15.137553 74.149796 -6.566961
v -14.192822 73.995834 -3.398207
v -14.763082 74.396919 -6.939532
v -15.137553 74.149796 -6.566961
v -14.694651 73.727798 -3.727060
v -12.219719 78.016174 -4.525425
v -12.381290 77.514351 -5.270565
v -12.660720 76.624733 -5.473959
v -12.812790 77.288147 -2.126524
v -13.428671 75.199081 -2.816540
v -12.812790 77.288147 -2.126524
v -13.428671 75.199081 -2.816540
v -14.907551 75.064117 -1.919330
v -14.175714 77.196907 -1.216008
v -14.907551 75.064117 -1.919330
v -18.247383 75.575455 -2.225369
v -17.736050 78.189148 -1.440310
v -14.175714 77.196907 -1.216008
v -14.565394 78.808838 -7.903273
v -14.842920 77.274841 -8.308159
v -14.392414 77.995270 -7.802526
v -15.306731 79.204224 -8.254935
v -15.548144 77.328064 -8.625605
v -18.410858 79.234642 -2.704390
v -17.736050 78.189148 -1.440310
v -18.247383 75.575455 -2.225369
v -19.186415 75.756035 -3.753670
v -18.796734 78.637772 -3.333579
v -19.060957 78.479988 -4.512119
v -19.313770 75.942314 -5.000643
v -18.754913 79.050255 -5.538589
v -18.882273 76.223640 -6.407289
v -18.306311 79.801094 -5.911159
v -17.251322 79.495056 -7.606737
v -17.401493 77.214012 -8.078155
v -17.251322 79.495056 -7.606737
v -17.401493 77.214012 -8.078155
v -15.548144 77.328064 -8.625605
v -15.306731 79.204224 -8.254935
v -12.381290 77.514351 -5.270565
v -12.219719 78.016174 -4.525425
v -12.824195 78.075111 -4.580550
v -12.968663 77.563774 -5.251556
v -12.660720 76.624733 -5.473959
v -12.381290 77.514351 -5.270565
v -12.968663 77.563774 -5.251556
v -13.217673 76.681755 -5.460653
v -12.219719 78.016174 -4.525425
v -12.812790 77.288147 -2.126524
v -13.303214 77.394592 -2.481987
v -12.824195 78.075111 -4.580550
v -14.396214 77.316658 -1.763458
v -14.175714 77.196907 -1.216008
v -17.466124 78.268997 -1.921230
v -17.736050 78.189148 -1.440310
v -18.068701 79.268860 -3.012330
v -18.410858 79.234642 -2.704390
v -13.428671 75.199081 -2.816540
v -12.660720 76.624733 -5.473959
v -13.217673 76.681755 -5.460653
v -13.844962 75.307426 -3.133986
v -14.907551 75.064117 -1.919330
v -15.044413 75.187675 -2.432566
v -18.247383 75.575455 -2.225369
v -17.914732 75.660988 -2.670173
v -19.186415 75.756035 -3.753670
v -18.650368 75.780739 -3.955164
v -19.313770 75.942314 -5.000643
v -18.754913 75.942314 -4.993040
v -18.882273 76.223640 -6.407289
v -18.386145 76.189430 -6.190589
v -17.401493 77.214012 -8.078155
v -17.129667 77.137970 -7.623844
v -15.548144 77.328064 -8.625605
v -15.610869 77.236824 -8.081956
v -14.842920 77.274841 -8.308159
v -15.114745 77.204514 -7.823437
v -18.410858 79.234642 -2.704390
v -18.796734 78.637772 -3.333579
v -18.321518 78.658669 -3.552179
v -18.068701 79.268860 -3.012330
v -18.796734 78.637772 -3.333579
v -19.060957 78.479988 -4.512119
v -18.547720 78.478088 -4.538732
v -18.321518 78.658669 -3.552179
v -19.060957 78.479988 -4.512119
v -18.754913 79.050255 -5.538589
v -18.294907 79.021736 -5.371311
v -18.547720 78.478088 -4.538732
v -18.306311 79.801094 -5.911159
v -17.251322 79.495056 -7.606737
v -17.011812 79.417114 -7.173338
v -17.909029 79.751671 -5.662147
v -15.416985 79.112984 -7.726492
v -15.306731 79.204224 -8.254935
v -14.884737 78.738510 -7.441361
v -14.565394 78.808838 -7.903273
v -18.754913 79.050255 -5.538589
v -18.306311 79.801094 -5.911159
v -17.909029 79.751671 -5.662147
v -18.294907 79.021736 -5.371311
v -14.565394 78.808838 -7.903273
v -14.392414 77.995270 -7.802526
v -14.749779 77.934441 -7.380534
v -14.884737 78.738510 -7.441361
v -14.392414 77.995270 -7.802526
v -14.842920 77.274841 -8.308159
v -15.114745 77.204514 -7.823437
v -14.749779 77.934441 -7.380534
v -12.968663 77.563774 -5.251556
v -12.824195 78.075111 -4.580550
v -13.217673 76.681755 -5.460653
v -13.303214 77.394592 -2.481987
v -13.844962 75.307426 -3.133986
v -17.129667 77.137970 -7.623844
v -17.011812 79.417114 -7.173338
v -15.416985 79.112984 -7.726492
v -15.610869 77.236824 -8.081956
v -15.044413 75.187675 -2.432566
v -14.396214 77.316658 -1.763458
v -17.466124 78.268997 -1.921230
v -17.914732 75.660988 -2.670173
v -18.754913 75.942314 -4.993040
v -18.547720 78.478088 -4.538732
v -18.294907 79.021736 -5.371311
v -18.386145 76.189430 -6.190589
v -18.650368 75.780739 -3.955164
v -18.321518 78.658669 -3.552179
v -17.011812 79.417114 -7.173338
v -17.909029 79.751671 -5.662147
v -17.129667 77.137970 -7.623844
v -17.914732 75.660988 -2.670173
v -17.466124 78.268997 -1.921230
v -18.068701 79.268860 -3.012330
v -13.844962 75.307426 -3.133986
v -13.303214 77.394592 -2.481987
v -14.396214 77.316658 -1.763458
v -15.044413 75.187675 -2.432566
v -14.749779 77.934441 -7.380534
v -15.114745 77.204514 -7.823437
v -15.610869 77.236824 -8.081956
v -15.416985 79.112984 -7.726492
v -14.884737 78.738510 -7.441361
v -15.359958 79.476051 -5.378914
v -15.019700 80.818062 -5.204036
v -17.722740 81.504272 -5.205935
v -18.062998 80.164162 -5.380817
v -15.019700 80.818062 -5.204036
v -14.886641 81.340813 -3.917146
v -17.589682 82.028931 -3.919046
v -17.722740 81.504272 -5.205935
v -14.886641 81.340813 -3.917146
v -15.892201 80.430290 -2.807037
v -17.798777 81.211540 -2.808936
v -17.589682 82.028931 -3.919046
v -15.892201 80.430290 -2.807037
v -15.435992 79.181419 -2.981917
v -18.139032 79.869530 -2.983819
v -17.798777 81.211540 -2.808936
v -15.435992 79.181419 -2.981917
v -15.569055 78.658676 -4.268807
v -18.272093 79.346794 -4.268807
v -18.139032 79.869530 -2.983819
v -15.569055 78.658676 -4.268807
v -15.359958 79.476051 -5.378914
v -18.062998 80.164162 -5.380817
v -18.272093 79.346794 -4.268807
v -18.062998 80.164162 -5.380817
v -17.722740 81.504272 -5.205935
v -17.931837 80.686905 -4.093928
v -17.589682 82.028931 -3.919046
v -17.798777 81.211540 -2.808936
v -18.139032 79.869530 -2.983819
v -18.272093 79.346794 -4.268807
v -13.913396 74.178322 -8.445028
v -13.662479 75.100243 -8.220724
v -18.475491 76.236954 -8.222627
v -18.726404 75.316940 -8.448829
v -13.662479 75.100243 -8.220724
v -13.588347 75.370171 -7.287395
v -18.403257 76.506882 -7.289298
v -18.475491 76.236954 -8.222627
v -13.588347 75.370171 -7.287395
v -13.767030 74.720070 -6.578371
v -18.580036 75.858688 -6.582172
v -18.403257 76.506882 -7.289298
v -13.767030 74.720070 -6.578371
v -14.017944 73.800041 -6.804574
v -18.830952 74.936760 -6.806476
v -18.580036 75.858688 -6.582172
v -14.017944 73.800041 -6.804574
v -14.090177 73.530121 -7.737903
v -18.905087 74.666840 -7.739804
v -18.830952 74.936760 -6.806476
v -14.090177 73.530121 -7.737903
v -13.913396 74.178322 -8.445028
v -18.726404 75.316940 -8.448829
v -18.905087 74.666840 -7.739804
v -13.662479 75.100243 -8.220724
v -13.913396 74.178322 -8.445028
v -13.839262 74.450142 -7.511699
v -13.588347 75.370171 -7.287395
v -13.767030 74.720070 -6.578371
v -14.017944 73.800041 -6.804574
v -14.090177 73.530121 -7.737903
v -18.726404 75.316940 -8.448829
v -18.475491 76.236954 -8.222627
v -18.654173 75.586861 -7.515500
v -18.403257 76.506882 -7.289298
v -18.580036 75.858688 -6.582172
v -18.830952 74.936760 -6.806476
v -18.905087 74.666840 -7.739804
v -18.502102 76.698868 -8.585691
v -18.676979 76.582916 -8.908839
v -17.958454 78.200562 -9.064709
v -17.819687 78.263290 -8.703544
v -19.136992 76.444153 -7.876664
v -19.260550 76.356705 -8.232127
v -18.676979 76.582916 -8.908839
v -18.502102 76.698868 -8.585691
v -19.260550 76.356705 -8.232127
v -19.136992 76.444153 -7.876664
v -19.241539 75.987946 -7.793027
v -19.378401 75.970833 -8.129480
v -17.534557 78.158745 -9.228184
v -17.677122 78.086517 -9.560837
v -15.918815 77.630302 -9.785139
v -15.922618 77.751961 -9.441082
v -17.958454 78.200562 -9.064709
v -17.819687 78.263290 -8.703544
v -15.027308 78.046600 -9.296615
v -15.922618 77.751961 -9.441082
v -15.918815 77.630302 -9.785139
v -15.025404 77.974365 -9.648277
v -15.025404 77.974365 -9.648277
v -14.071169 77.753860 -9.486703
v -14.004636 77.797577 -9.140744
v -15.027308 78.046600 -9.296615
v -14.071169 77.753860 -9.486703
v -14.139598 76.320602 -9.625467
v -14.067366 76.333908 -9.279508
v -14.004636 77.797577 -9.140744
v -14.521675 74.372208 -9.256698
v -14.603413 74.351303 -9.604557
v -15.346653 72.697533 -8.777677
v -15.384669 72.661423 -9.131241
v -16.975700 72.824890 -9.205375
v -16.964296 72.826790 -8.849912
v -15.346653 72.697533 -8.777677
v -15.384669 72.661423 -9.131241
v -19.060957 73.590942 -8.629411
v -18.935499 73.579544 -8.308163
v -19.378401 75.970833 -8.129480
v -19.241539 75.987946 -7.793027
v -18.935499 73.579544 -8.308163
v -19.060957 73.590942 -8.629411
v -15.918815 77.630302 -9.785139
v -14.139598 76.320602 -9.625467
v -14.071169 77.753860 -9.486703
v -15.025404 77.974365 -9.648277
v -16.120308 76.639954 -9.998037
v -16.521391 74.699150 -10.034154
v -17.966053 76.765404 -9.758529
v -18.340523 75.045113 -9.819356
v -19.060957 73.590942 -8.629411
v -16.975700 72.824890 -9.205375
v -14.603413 74.351303 -9.604557
v -15.384669 72.661423 -9.131241
v -17.677122 78.086517 -9.560837
v -17.966053 76.765404 -9.758529
v -17.677122 78.086517 -9.560837
v -17.958454 78.200562 -9.064709
v -18.676979 76.582916 -8.908839
v -18.340523 75.045113 -9.819356
v -19.260550 76.356705 -8.232127
v -19.378401 75.970833 -8.129480
v -19.060957 73.590942 -8.629411
v -18.502102 76.698868 -8.585691
v -18.935499 73.579544 -8.308163
v -19.241539 75.987946 -7.793027
v -19.136992 76.444153 -7.876664
v -17.819687 78.263290 -8.703544
v -17.534557 78.158745 -9.228184
v -15.346653 72.697533 -8.777677
v -15.027308 78.046600 -9.296615
v -14.004636 77.797577 -9.140744
v -16.964296 72.826790 -8.849912
v -15.922618 77.751961 -9.441082
v -17.534557 78.158745 -9.228184
v -18.935499 73.579544 -8.308163
v -15.346653 72.697533 -8.777677
v -14.004636 77.797577 -9.140744
v -14.067366 76.333908 -9.279508
v -14.521675 74.372208 -9.256698
v -18.374748 74.286674 -2.909692
v -14.641436 73.535835 -2.698696
v -15.512033 71.311806 -1.029730
v -18.382353 72.083557 -1.333869
v -17.857712 74.900650 -3.744175
v -14.470356 74.282867 -3.383010
v -17.701838 75.782669 -4.194682
v -14.097786 75.140167 -3.867731
v -14.641436 73.535835 -2.698696
v -14.882844 72.186211 -5.555705
v -15.297234 69.943176 -4.139557
v -15.512033 71.311806 -1.029730
v -14.470356 74.282867 -3.383010
v -14.525479 72.817299 -5.679263
v -14.882844 72.186211 -5.555705
v -18.346235 72.853409 -5.675460
v -18.169456 70.714928 -4.443697
v -15.297234 69.943176 -4.139557
v -14.525479 72.817299 -5.679263
v -17.890024 73.549141 -5.707775
v -18.346235 72.853409 -5.675460
v -18.374748 74.286674 -2.909692
v -18.382353 72.083557 -1.333869
v -18.169456 70.714928 -4.443697
v -17.551672 69.439438 -2.750020
v -18.382353 72.083557 -1.333869
v -15.512033 71.311806 -1.029730
v -17.551672 69.439438 -2.750020
v -15.512033 71.311806 -1.029730
v -15.297234 69.943176 -4.139557
v -17.551672 69.439438 -2.750020
v -15.297234 69.943176 -4.139557
v -18.169456 70.714928 -4.443697
v -17.551672 69.439438 -2.750020
v -17.890024 73.549141 -5.707775
v -17.857712 74.900650 -3.744175
v -18.374748 74.286674 -2.909692
v -18.346235 72.853409 -5.675460
v -14.998796 70.695930 -6.190597
v -14.822016 71.414459 -6.500439
v -18.291111 72.034142 -6.758958
v -18.465990 71.315605 -6.449115
v -14.822016 71.414459 -6.500439
v -14.728873 72.047455 -6.021420
v -18.196064 72.667130 -6.279938
v -18.291111 72.034142 -6.758958
v -14.728873 72.047455 -6.021420
v -14.812511 71.961914 -5.232557
v -18.279705 72.581596 -5.491075
v -18.196064 72.667130 -6.279938
v -14.812511 71.961914 -5.232557
v -14.987391 71.243385 -4.922715
v -18.456482 71.864960 -5.181233
v -18.279705 72.581596 -5.491075
v -14.987391 71.243385 -4.922715
v -15.080537 70.612282 -5.401736
v -18.549629 71.231972 -5.660254
v -18.456482 71.864960 -5.181233
v -15.080537 70.612282 -5.401736
v -14.998796 70.695930 -6.190597
v -18.465990 71.315605 -6.449115
v -18.549629 71.231972 -5.660254
v -14.822016 71.414459 -6.500439
v -14.998796 70.695930 -6.190597
v -14.905654 71.328918 -5.711577
v -14.728873 72.047455 -6.021420
v -14.812511 71.961914 -5.232557
v -14.987391 71.243385 -4.922715
v -15.080537 70.612282 -5.401736
v -18.465990 71.315605 -6.449115
v -18.291111 72.034142 -6.758958
v -18.372849 71.948593 -5.970096
v -18.196064 72.667130 -6.279938
v -18.279705 72.581596 -5.491075
v -18.456482 71.864960 -5.181233
v -18.549629 71.231972 -5.660254
v -20.304134 63.590458 5.691755
v -18.676987 63.622772 5.849529
v -19.038155 61.208656 2.853753
v -20.401081 61.579330 2.872762
v -20.724224 62.491749 4.241390
v -17.696135 61.444366 3.741461
v -17.663820 62.879528 5.450345
v -19.745279 72.887634 -0.668564
v -20.313639 73.119530 -4.576758
v -19.076172 74.220139 -2.067605
v -20.672905 71.325119 -3.219535
v -21.007456 69.640938 -1.995374
v -20.070328 70.789062 0.591713
v -20.304134 63.590458 5.691755
v -20.724224 62.491749 4.241390
v -20.672905 71.325119 -3.219535
v -21.007456 69.640938 -1.995374
v -20.513229 68.709511 -4.169971
v -20.313639 73.119530 -4.576758
v -20.057020 71.378334 -6.445314
v -20.724224 62.491749 4.241390
v -20.401081 61.579330 2.872762
v -13.787940 70.633194 -4.709819
v -16.270483 70.270126 -6.496637
v -17.296951 67.639320 -4.453200
v -14.949373 68.171562 -2.953413
v -19.038155 61.208656 2.853753
v -17.696135 61.444366 3.741461
v -14.679454 72.011322 -1.676026
v -13.787940 70.633194 -4.709819
v -14.949373 68.171562 -2.953413
v -15.405584 69.857643 -0.178138
v -17.696135 61.444366 3.741461
v -17.663820 62.879528 5.450345
v -15.582366 72.836311 -0.674267
v -15.405584 69.857643 -0.178138
v -17.222820 70.610382 0.762794
v -16.323708 72.594894 -0.588726
v -17.663820 62.879528 5.450345
v -18.676987 63.622772 5.849529
v -19.745279 72.887634 -0.668564
v -18.386152 74.087074 -1.687431
v -18.047798 73.022591 -0.478477
v -16.323708 72.594894 -0.588726
v -20.070328 70.789062 0.591713
v -17.222820 70.610382 0.762794
v -18.676987 63.622772 5.849529
v -20.304134 63.590458 5.691755
v -19.076172 74.220139 -2.067605
v -16.270483 70.270126 -6.496637
v -20.057020 71.378334 -6.445314
v -20.513229 68.709511 -4.169971
v -17.296951 67.639320 -4.453200
v -20.401081 61.579330 2.872762
v -19.038155 61.208656 2.853753
v -19.076172 74.220139 -2.067605
v -18.047798 73.022591 -0.478477
v -18.386152 74.087074 -1.687431
v -19.076172 74.220139 -2.067605
v -20.313639 73.119530 -4.576758
v -18.116232 70.040131 -2.645471
v -20.057020 71.378334 -6.445314
v -18.047798 73.022591 -0.478477
v -16.270483 70.270126 -6.496637
v -13.787940 70.633194 -4.709819
v -18.116232 70.040131 -2.645471
v -13.787940 70.633194 -4.709819
v -14.679454 72.011322 -1.676026
v -18.116232 70.040131 -2.645471
v -16.323708 72.594894 -0.588726
v -18.047798 73.022591 -0.478477
v -15.582366 72.836311 -0.674267
v -20.057020 71.378334 -6.445314
v -16.270483 70.270126 -6.496637
v -18.116232 70.040131 -2.645471
v -14.679454 72.011322 -1.676026
v -15.405584 69.857643 -0.178138
v -15.582366 72.836311 -0.674267
v -16.713383 72.199524 -4.725024
v -16.492884 73.014992 -5.004453
v -18.855669 73.497810 -5.202144
v -19.076170 72.682343 -4.922715
v -16.492884 73.014992 -5.004453
v -16.344614 73.796257 -4.610973
v -18.705498 74.277168 -4.810565
v -18.855669 73.497810 -5.202144
v -16.344614 73.796257 -4.610973
v -16.352221 74.085175 -3.776490
v -18.715004 74.568008 -3.974182
v -18.705498 74.277168 -4.810565
v -16.352221 74.085175 -3.776490
v -16.513796 73.712608 -2.987628
v -18.876579 74.195419 -3.187220
v -18.715004 74.568008 -3.974182
v -16.513796 73.712608 -2.987628
v -16.734295 72.897133 -2.708199
v -19.095179 73.379951 -2.907792
v -18.876579 74.195419 -3.187220
v -16.734295 72.897133 -2.708199
v -16.882563 72.117775 -3.101680
v -19.245350 72.598701 -3.299371
v -19.095179 73.379951 -2.907792
v -16.882563 72.117775 -3.101680
v -16.874958 71.826935 -3.938063
v -19.237743 72.309769 -4.135754
v -19.245350 72.598701 -3.299371
v -16.874958 71.826935 -3.938063
v -16.713383 72.199524 -4.725024
v -19.076170 72.682343 -4.922715
v -19.237743 72.309769 -4.135754
v -19.076170 72.682343 -4.922715
v -18.855669 73.497810 -5.202144
v -18.975424 73.438889 -4.054017
v -18.705498 74.277168 -4.810565
v -18.715004 74.568008 -3.974182
v -18.876579 74.195419 -3.187220
v -19.095179 73.379951 -2.907792
v -19.245350 72.598701 -3.299371
v -19.237743 72.309769 -4.135754
v -19.629320 70.887917 -7.789230
v -17.852007 71.617851 -10.505576
v -18.256895 69.268372 -9.001987
v -19.577999 68.306526 -6.563168
v -19.901150 66.664169 -4.666099
v -21.102501 70.334763 -3.536981
v -21.705078 65.677620 0.274270
v -19.840319 66.099609 -4.426587
v -20.220493 70.806175 -7.870968
v -20.169170 68.224792 -6.643005
v -18.838560 69.186630 -9.100832
v -18.433676 71.534203 -10.604424
v -20.501827 66.584328 -4.728827
v -21.722187 70.294846 -3.557889
v -22.320959 65.626289 0.240054
v -20.342152 66.031174 -4.493119
v -20.169170 68.224792 -6.643005
v -19.577999 68.306526 -6.563168
v -18.256895 69.268372 -9.001987
v -18.838560 69.186630 -9.100832
v -20.501827 66.584328 -4.728827
v -19.901150 66.664169 -4.666099
v -18.838560 69.186630 -9.100832
v -18.256895 69.268372 -9.001987
v -17.852007 71.617851 -10.505576
v -18.433676 71.534203 -10.604424
v -18.433676 71.534203 -10.604424
v -17.852007 71.617851 -10.505576
v -19.629320 70.887917 -7.789230
v -20.220493 70.806175 -7.870968
v -21.722187 70.294846 -3.557889
v -21.102501 70.334763 -3.536981
v -19.840319 66.099609 -4.426587
v -20.342152 66.031174 -4.493119
v -22.320959 65.626289 0.240054
v -21.705078 65.677620 0.274270
v -20.342152 66.031174 -4.493119
v -19.840319 66.099609 -4.426587
v -19.901150 66.664169 -4.666099
v -20.501827 66.584328 -4.728827
v -21.102501 70.334763 -3.536981
v -21.705078 65.677620 0.274270
v -22.320959 65.626289 0.240054
v -21.722187 70.294846 -3.557889
v -17.418608 75.910019 -4.462706
v -14.128199 75.351166 -4.135755
v -14.097786 75.140167 -3.867731
v -17.701838 75.782669 -4.194682
v -17.549757 74.623116 -6.323650
v -17.418608 75.910019 -4.462706
v -17.701838 75.782669 -4.194682
v -17.833000 74.322792 -6.306551
v -14.455139 73.896980 -6.361667
v -17.549757 74.623116 -6.323650
v -17.833000 74.322792 -6.306551
v -14.407628 73.560532 -6.293244
v -14.455139 73.896980 -6.361667
v -14.407628 73.560532 -6.293244
v -14.097786 75.140167 -3.867731
v -14.128199 75.351166 -4.135755
v -14.525479 72.817299 -5.679263
v -14.470356 74.282867 -3.383010
v -17.418608 75.910019 -4.462706
v -17.549757 74.623116 -6.323650
v -14.455139 73.896980 -6.361667
v -14.128199 75.351166 -4.135755
v -17.833000 74.322792 -6.306551
v -17.701838 75.782669 -4.194682
v -17.857712 74.900650 -3.744175
v -17.890024 73.549141 -5.707775
v -14.407628 73.560532 -6.293244
v -17.833000 74.322792 -6.306551
v -17.890024 73.549141 -5.707775
v -14.525479 72.817299 -5.679263
v 11.324492 93.131821 -2.314744
v 11.763595 92.787750 -0.871983
v 8.440868 94.949036 -0.001384
v 9.168901 94.120270 -1.892751
v 8.296400 95.120117 -1.117195
v 11.486068 92.500717 0.679129
v 9.661228 93.475876 1.051700
v 8.644261 94.584068 1.080212
v 8.089206 93.565208 -4.219417
v 12.683616 90.597954 -6.027145
v 7.456215 92.014099 -5.512009
v 10.370255 89.016418 -7.707515
v 11.807316 85.551125 -8.564808
v 14.595898 87.374062 -7.186676
v 11.674253 81.753197 -8.943079
v 15.899898 83.405045 -7.728425
v 13.113216 80.451111 -8.610427
v 17.059427 81.171532 -7.063119
v 17.582170 82.123871 -6.658233
v 17.369274 84.997978 -6.068963
v 18.268387 82.085854 -3.837340
v 18.131523 84.766075 -3.225261
v 17.559359 83.990524 -0.687597
v 17.513737 81.272278 -1.155210
v 15.861879 82.561058 1.466092
v 17.006205 88.320694 -2.331852
v 16.232552 88.480377 -5.109025
v 14.808794 91.200523 -1.493568
v 14.076958 91.303177 -4.147184
v 16.582310 87.621178 0.144984
v 15.131944 86.509171 2.146602
v 14.470437 90.653069 0.734254
v 12.428901 89.560081 2.920256
v 13.122721 84.722359 3.135056
v 9.978676 88.062187 4.334506
v 9.096670 92.306831 2.618018
v 8.163340 90.185463 4.207147
v 8.203259 87.381668 4.612035
v 10.170663 83.922081 4.011359
v 8.644261 94.584068 1.080212
v 9.661228 93.475876 1.051700
v 9.393207 93.177429 0.819794
v 8.376238 94.201996 0.909133
v 8.440868 94.949036 -0.001384
v 8.132927 94.523239 -0.073617
v 8.028378 94.698120 -1.050665
v 8.296400 95.120117 -1.117195
v 8.376238 94.201996 0.909133
v 8.644261 94.584068 1.080212
v 9.096670 92.306831 2.618018
v 8.885673 92.067314 2.298671
v 9.393207 93.177429 0.819794
v 9.661228 93.475876 1.051700
v 8.163340 90.185463 4.207147
v 8.015072 90.025780 3.826972
v 8.203259 87.381668 4.612035
v 8.060693 87.290436 4.214751
v 8.015072 90.025780 3.826972
v 8.163340 90.185463 4.207147
v 10.170663 83.922081 4.011359
v 10.001486 83.866959 3.615979
v 8.060693 87.290436 4.214751
v 8.203259 87.381668 4.612035
v 13.122721 84.722359 3.135056
v 12.890816 84.684326 2.762486
v 10.001486 83.866959 3.615979
v 10.170663 83.922081 4.011359
v 15.483605 80.791359 0.595493
v 15.150953 80.920616 0.333172
v 15.552037 82.616180 1.167655
v 15.861879 82.561058 1.466092
v 15.150953 80.920616 0.333172
v 15.483605 80.791359 0.595493
v 17.513737 81.272278 -1.155210
v 17.099346 81.283676 -1.341496
v 18.268387 82.085854 -3.837340
v 17.800770 82.026924 -3.837340
v 17.582170 82.123871 -6.658233
v 17.196291 82.047836 -6.433931
v 17.059427 81.171532 -7.063119
v 16.797112 81.135414 -6.696249
v 17.196291 82.047836 -6.433931
v 17.582170 82.123871 -6.658233
v 13.113216 80.451111 -8.610427
v 12.911723 80.414978 -8.215046
v 16.797112 81.135414 -6.696249
v 17.059427 81.171532 -7.063119
v 11.674253 81.753197 -8.943079
v 11.499373 81.682861 -8.540095
v 12.911723 80.414978 -8.215046
v 13.113216 80.451111 -8.610427
v 11.807316 85.551125 -8.564808
v 11.643841 85.425674 -8.169426
v 11.499373 81.682861 -8.540095
v 11.674253 81.753197 -8.943079
v 10.370255 89.016418 -7.707515
v 10.239094 88.784515 -7.346349
v 7.374478 91.698555 -5.196465
v 7.456215 92.014099 -5.512009
v 7.958045 93.217346 -3.958998
v 8.089206 93.565208 -4.219417
v 9.168901 94.120270 -1.892751
v 8.942698 93.719185 -1.786303
v 7.374478 91.698555 -5.196465
v 7.456215 92.014099 -5.512009
v 15.861879 82.561058 1.466092
v 15.552037 82.616180 1.167655
v 12.890816 84.684326 2.762486
v 13.122721 84.722359 3.135056
v 15.483605 80.791359 0.595493
v 8.028378 94.698120 -1.050665
v 8.942698 93.719185 -1.786303
v 9.168901 94.120270 -1.892751
v 8.296400 95.120117 -1.117195
v 8.015072 90.025780 3.826972
v 8.060693 87.290436 4.214751
v 10.001486 83.866959 3.615979
v 12.890816 84.684326 2.762486
v 10.239094 88.784515 -7.346349
v 7.374478 91.698555 -5.196465
v 7.958045 93.217346 -3.958998
v 8.942698 93.719185 -1.786303
v 17.196291 82.047836 -6.433931
v 11.643841 85.425674 -8.169426
v 8.132927 94.523239 -0.073617
v 8.376238 94.201996 0.909133
v 9.393207 93.177429 0.819794
v 17.800770 82.026924 -3.837340
v 8.028378 94.698120 -1.050665
v 8.942698 93.719185 -1.786303
v 17.196291 82.047836 -6.433931
v 9.393207 93.177429 0.819794
v 8.885673 92.067314 2.298671
v 17.099346 81.283676 -1.341496
v 17.800770 82.026924 -3.837340
v 15.552037 82.616180 1.167655
v 15.150953 80.920616 0.333172
v 12.890816 84.684326 2.762486
v 8.015072 90.025780 3.826972
v 16.797112 81.135414 -6.696249
v 12.911723 80.414978 -8.215046
v 11.499373 81.682861 -8.540095
v 17.196291 82.047836 -6.433931
v 11.643841 85.425674 -8.169426
v 16.055769 81.660049 -0.191468
v 16.202137 81.513680 0.106969
v 10.699106 85.467491 3.640689
v 10.615467 85.572044 3.306136
v 10.699106 85.467491 3.640689
v 10.132646 83.477272 3.190184
v 10.047107 83.581825 2.853729
v 10.615467 85.572044 3.306136
v 12.915525 80.205887 1.072613
v 15.297319 80.356056 -0.050803
v 15.150953 80.504326 -0.347338
v 12.784364 80.340843 0.764671
v 15.297319 80.356056 -0.050803
v 16.202137 81.513680 0.106969
v 16.055769 81.660049 -0.191468
v 15.150953 80.504326 -0.347338
v 10.047107 83.581825 2.853729
v 10.132646 83.477272 3.190184
v 12.915525 80.205887 1.072613
v 12.784364 80.340843 0.764671
v 15.297319 80.356056 -0.050803
v 12.915525 80.205887 1.072613
v 10.132646 83.477272 3.190184
v 16.202137 81.513680 0.106969
v 10.699106 85.467491 3.640689
v 10.047107 83.581825 2.853729
v 12.784364 80.340843 0.764671
v 15.150953 80.504326 -0.347338
v 16.055769 81.660049 -0.191468
v 10.615467 85.572044 3.306136
v 12.246405 79.069267 -2.099907
v 11.811106 81.076591 0.340812
v 15.964511 82.101166 -0.142009
v 16.916847 80.282028 -1.892712
v 13.649247 87.026321 0.646854
v 10.796039 88.094620 1.203809
v 9.845603 88.275192 -2.240571
v 13.369820 87.180290 -4.008380
v 10.953809 85.743233 -3.633909
v 13.369820 87.180290 -4.008380
v 9.845603 88.275192 -2.240571
v 9.950150 86.720284 -2.409748
v 11.583001 82.572578 -6.536541
v 15.801037 83.407066 -6.694313
v 11.811106 81.076591 0.340812
v 11.839618 83.456482 0.749501
v 15.270693 84.408821 0.350318
v 15.964511 82.101166 -0.142009
v 11.621017 85.114044 1.215214
v 13.649247 87.026321 0.646854
v 10.796039 88.094620 1.203809
v 10.799840 86.203239 1.222817
v 11.583001 82.572578 -6.536541
v 12.225494 79.711761 -5.766687
v 16.816103 80.747742 -5.551889
v 15.801037 83.407066 -6.694313
v 11.583001 82.572578 -6.536541
v 11.811106 81.076591 0.340812
v 12.246405 79.069267 -2.099907
v 12.225494 79.711761 -5.766687
v 11.839618 83.456482 0.749501
v 11.621017 85.114044 1.215214
v 10.953809 85.743233 -3.633909
v 14.192900 73.995842 -3.398201
v 14.763163 74.396927 -6.939526
v 16.916847 80.282028 -1.892712
v 15.964511 82.101166 -0.142009
v 15.801037 83.407066 -6.694313
v 16.816103 80.747742 -5.551889
v 15.270693 84.408821 0.350318
v 13.369820 87.180290 -4.008380
v 13.649247 87.026321 0.646854
v 18.528790 74.583214 -3.322166
v 18.737886 75.016609 -6.515632
v 10.953809 85.743233 -3.633909
v 9.950150 86.720284 -2.409748
v 10.799840 86.203239 1.222817
v 11.621017 85.114044 1.215214
v 9.845603 88.275192 -2.240571
v 10.796039 88.094620 1.203809
v 10.799840 86.203239 1.222817
v 9.950150 86.720284 -2.409748
v 16.916847 80.282028 -1.892712
v 18.528790 74.583214 -3.322166
v 14.192900 73.995842 -3.398201
v 12.246405 79.069267 -2.099907
v 12.225494 79.711761 -5.766687
v 14.763163 74.396927 -6.939526
v 18.737886 75.016609 -6.515632
v 16.816103 80.747742 -5.551889
v 14.694730 73.727814 -3.727054
v 18.167624 74.212540 -3.685233
v 18.313992 74.651642 -6.232402
v 15.137633 74.149803 -6.566956
v 18.528790 74.583214 -3.322166
v 18.167624 74.212540 -3.685233
v 14.694730 73.727814 -3.727054
v 14.192900 73.995842 -3.398201
v 18.737886 75.016609 -6.515632
v 18.313992 74.651642 -6.232402
v 18.167624 74.212540 -3.685233
v 18.528790 74.583214 -3.322166
v 14.763163 74.396927 -6.939526
v 15.137633 74.149803 -6.566956
v 18.313992 74.651642 -6.232402
v 18.737886 75.016609 -6.515632
v 14.192900 73.995842 -3.398201
v 14.694730 73.727814 -3.727054
v 15.137633 74.149803 -6.566956
v 14.763163 74.396927 -6.939526
v 12.219793 78.016182 -4.525420
v 12.660797 76.624741 -5.473954
v 12.381369 77.514351 -5.270560
v 12.812865 77.288155 -2.126519
v 13.428748 75.199097 -2.816535
v 12.812865 77.288155 -2.126519
v 14.175792 77.196915 -1.216002
v 14.907627 75.064133 -1.919325
v 13.428748 75.199097 -2.816535
v 14.907627 75.064133 -1.919325
v 14.175792 77.196915 -1.216002
v 17.736126 78.189163 -1.440304
v 18.247459 75.575470 -2.225363
v 14.565471 78.808846 -7.903266
v 14.392492 77.995277 -7.802521
v 14.842999 77.274849 -8.308152
v 15.306811 79.204231 -8.254930
v 15.548223 77.328064 -8.625598
v 18.247459 75.575470 -2.225363
v 17.736126 78.189163 -1.440304
v 18.410933 79.234657 -2.704384
v 19.186491 75.756050 -3.753664
v 18.796812 78.637779 -3.333573
v 19.061031 78.480003 -4.512113
v 19.313850 75.942337 -5.000637
v 18.754992 79.050270 -5.538583
v 18.882351 76.223656 -6.407282
v 18.306387 79.801109 -5.911153
v 17.251404 79.495071 -7.606731
v 17.401573 77.214020 -8.078149
v 17.251404 79.495071 -7.606731
v 15.306811 79.204231 -8.254930
v 15.548223 77.328064 -8.625598
v 17.401573 77.214020 -8.078149
v 12.381369 77.514351 -5.270560
v 12.968737 77.563782 -5.251551
v 12.824272 78.075119 -4.580544
v 12.219793 78.016182 -4.525420
v 12.660797 76.624741 -5.473954
v 13.217752 76.681770 -5.460647
v 12.968737 77.563782 -5.251551
v 12.381369 77.514351 -5.270560
v 12.219793 78.016182 -4.525420
v 12.824272 78.075119 -4.580544
v 13.303292 77.394600 -2.481982
v 12.812865 77.288155 -2.126519
v 14.394393 77.316666 -1.763452
v 14.175792 77.196915 -1.216002
v 17.466200 78.269005 -1.921224
v 17.736126 78.189163 -1.440304
v 18.068775 79.268867 -3.012324
v 18.410933 79.234657 -2.704384
v 13.428748 75.199097 -2.816535
v 13.845039 75.307449 -3.133981
v 13.217752 76.681770 -5.460647
v 12.660797 76.624741 -5.473954
v 14.907627 75.064133 -1.919325
v 15.044490 75.187683 -2.432560
v 18.247459 75.575470 -2.225363
v 17.914806 75.661003 -2.670168
v 19.186491 75.756050 -3.753664
v 18.650446 75.780754 -3.955158
v 19.313850 75.942337 -5.000637
v 18.754993 75.942337 -4.993033
v 18.882351 76.223656 -6.407282
v 18.386225 76.189438 -6.190582
v 17.401573 77.214020 -8.078149
v 17.129749 77.137978 -7.623839
v 15.548223 77.328064 -8.625598
v 15.610951 77.236832 -8.081949
v 14.842999 77.274849 -8.308152
v 15.114823 77.204521 -7.823431
v 18.410933 79.234657 -2.704384
v 18.068775 79.268867 -3.012324
v 18.321594 78.658684 -3.552172
v 18.796812 78.637779 -3.333573
v 18.796812 78.637779 -3.333573
v 18.321594 78.658684 -3.552172
v 18.547796 78.478104 -4.538725
v 19.061031 78.480003 -4.512113
v 19.061031 78.480003 -4.512113
v 18.547796 78.478104 -4.538725
v 18.294981 79.021751 -5.371305
v 18.754992 79.050270 -5.538583
v 18.306387 79.801109 -5.911153
v 17.909103 79.751686 -5.662140
v 17.011894 79.417130 -7.173331
v 17.251404 79.495071 -7.606731
v 15.417061 79.112991 -7.726486
v 15.306811 79.204231 -8.254930
v 14.882917 78.738518 -7.441356
v 14.565471 78.808846 -7.903266
v 18.754992 79.050270 -5.538583
v 18.294981 79.021751 -5.371305
v 17.909103 79.751686 -5.662140
v 18.306387 79.801109 -5.911153
v 14.565471 78.808846 -7.903266
v 14.882917 78.738518 -7.441356
v 14.749856 77.934448 -7.380528
v 14.392492 77.995277 -7.802521
v 14.392492 77.995277 -7.802521
v 14.749856 77.934448 -7.380528
v 15.114823 77.204521 -7.823431
v 14.842999 77.274849 -8.308152
v 12.968737 77.563782 -5.251551
v 13.217752 76.681770 -5.460647
v 12.824272 78.075119 -4.580544
v 13.303292 77.394600 -2.481982
v 13.845039 75.307449 -3.133981
v 17.129749 77.137978 -7.623839
v 15.610951 77.236832 -8.081949
v 15.417061 79.112991 -7.726486
v 17.011894 79.417130 -7.173331
v 15.044490 75.187683 -2.432560
v 17.914806 75.661003 -2.670168
v 17.466200 78.269005 -1.921224
v 14.394393 77.316666 -1.763452
v 18.754993 75.942337 -4.993033
v 18.386225 76.189438 -6.190582
v 18.294981 79.021751 -5.371305
v 18.547796 78.478104 -4.538725
v 18.650446 75.780754 -3.955158
v 18.321594 78.658684 -3.552172
v 17.011894 79.417130 -7.173331
v 17.909103 79.751686 -5.662140
v 17.129749 77.137978 -7.623839
v 17.914806 75.661003 -2.670168
v 17.466200 78.269005 -1.921224
v 18.068775 79.268867 -3.012324
v 13.845039 75.307449 -3.133981
v 15.044490 75.187683 -2.432560
v 14.394393 77.316666 -1.763452
v 13.303292 77.394600 -2.481982
v 15.610951 77.236832 -8.081949
v 15.114823 77.204521 -7.823431
v 14.749856 77.934448 -7.380528
v 15.417061 79.112991 -7.726486
v 14.882917 78.738518 -7.441356
v 15.360034 79.476059 -5.378909
v 18.063074 80.164169 -5.380811
v 17.722818 81.504295 -5.205929
v 15.017877 80.818069 -5.204031
v 15.017877 80.818069 -5.204031
v 17.722818 81.504295 -5.205929
v 17.589758 82.028938 -3.919039
v 14.886717 81.340828 -3.917140
v 14.886717 81.340828 -3.917140
v 17.589758 82.028938 -3.919039
v 17.798853 81.211555 -2.808930
v 15.892279 80.430298 -2.807031
v 15.892279 80.430298 -2.807031
v 17.798853 81.211555 -2.808930
v 18.139109 79.869545 -2.983812
v 15.436069 79.181427 -2.981911
v 15.436069 79.181427 -2.981911
v 18.139109 79.869545 -2.983812
v 18.272169 79.346802 -4.268800
v 15.567230 78.658684 -4.268801
v 15.567230 78.658684 -4.268801
v 18.272169 79.346802 -4.268800
v 18.063074 80.164169 -5.380811
v 15.360034 79.476059 -5.378909
v 18.063074 80.164169 -5.380811
v 17.930012 80.686920 -4.093921
v 17.722818 81.504295 -5.205929
v 17.589758 82.028938 -3.919039
v 17.798853 81.211555 -2.808930
v 18.139109 79.869545 -2.983812
v 18.272169 79.346802 -4.268800
v 13.913463 74.178337 -8.445018
v 18.726473 75.316948 -8.448818
v 18.475555 76.236969 -8.222615
v 13.662547 75.100258 -8.220714
v 13.662547 75.100258 -8.220714
v 18.475555 76.236969 -8.222615
v 18.403326 76.506889 -7.289287
v 13.588414 75.370178 -7.287385
v 13.588414 75.370178 -7.287385
v 18.403326 76.506889 -7.289287
v 18.580105 75.858704 -6.582161
v 13.765195 74.720078 -6.578360
v 13.765195 74.720078 -6.578360
v 18.580105 75.858704 -6.582161
v 18.831018 74.936775 -6.806464
v 14.018012 73.800049 -6.804564
v 14.018012 73.800049 -6.804564
v 18.831018 74.936775 -6.806464
v 18.905153 74.666855 -7.739792
v 14.090244 73.530128 -7.737892
v 14.090244 73.530128 -7.737892
v 18.905153 74.666855 -7.739792
v 18.726473 75.316948 -8.448818
v 13.913463 74.178337 -8.445018
v 13.662547 75.100258 -8.220714
v 13.839330 74.450150 -7.511688
v 13.913463 74.178337 -8.445018
v 13.588414 75.370178 -7.287385
v 13.765195 74.720078 -6.578360
v 14.018012 73.800049 -6.804564
v 14.090244 73.530128 -7.737892
v 18.726473 75.316948 -8.448818
v 18.654240 75.586876 -7.515490
v 18.475555 76.236969 -8.222615
v 18.403326 76.506889 -7.289287
v 18.580105 75.858704 -6.582161
v 18.831018 74.936775 -6.806464
v 18.905153 74.666855 -7.739792
v 18.502174 76.698883 -8.585682
v 17.819759 78.263298 -8.703535
v 17.958523 78.200569 -9.064700
v 18.677053 76.582924 -8.908830
v 19.137066 76.444168 -7.876655
v 18.502174 76.698883 -8.585682
v 18.677053 76.582924 -8.908830
v 19.260622 76.356720 -8.232119
v 19.260622 76.356720 -8.232119
v 19.378475 75.970848 -8.129471
v 19.241611 75.987961 -7.793018
v 19.137066 76.444168 -7.876655
v 17.534628 78.158752 -9.228175
v 15.920789 77.751968 -9.441072
v 15.918888 77.630310 -9.785130
v 17.677193 78.086525 -9.560827
v 17.958523 78.200569 -9.064700
v 17.819759 78.263298 -8.703535
v 15.025477 78.046600 -9.296606
v 15.025477 77.974365 -9.648269
v 15.918888 77.630310 -9.785130
v 15.920789 77.751968 -9.441072
v 15.025477 77.974365 -9.648269
v 15.025477 78.046600 -9.296606
v 14.004709 77.797585 -9.140736
v 14.071239 77.753868 -9.486694
v 14.071239 77.753868 -9.486694
v 14.004709 77.797585 -9.140736
v 14.067439 76.333916 -9.279500
v 14.137771 76.320610 -9.625459
v 14.521748 74.372215 -9.256690
v 14.603485 74.351311 -9.604548
v 15.346725 72.697540 -8.777668
v 15.382842 72.661430 -9.131233
v 16.975773 72.824905 -9.205365
v 15.382842 72.661430 -9.131233
v 15.346725 72.697540 -8.777668
v 16.964369 72.826805 -8.849902
v 19.061029 73.590958 -8.629402
v 18.935574 73.579552 -8.308153
v 19.378475 75.970848 -8.129471
v 19.061029 73.590958 -8.629402
v 18.935574 73.579552 -8.308153
v 19.241611 75.987961 -7.793018
v 15.918888 77.630310 -9.785130
v 15.025477 77.974365 -9.648269
v 14.071239 77.753868 -9.486694
v 14.137771 76.320610 -9.625459
v 16.120380 76.639961 -9.998029
v 16.521463 74.699165 -10.034145
v 17.966127 76.765411 -9.758519
v 18.340601 75.045128 -9.819346
v 19.061029 73.590958 -8.629402
v 16.975773 72.824905 -9.205365
v 14.603485 74.351311 -9.604548
v 15.382842 72.661430 -9.131233
v 17.677193 78.086525 -9.560827
v 17.966127 76.765411 -9.758519
v 18.677053 76.582924 -8.908830
v 17.958523 78.200569 -9.064700
v 17.677193 78.086525 -9.560827
v 18.340601 75.045128 -9.819346
v 19.260622 76.356720 -8.232119
v 19.378475 75.970848 -8.129471
v 19.061029 73.590958 -8.629402
v 18.502174 76.698883 -8.585682
v 19.137066 76.444168 -7.876655
v 19.241611 75.987961 -7.793018
v 18.935574 73.579552 -8.308153
v 17.819759 78.263298 -8.703535
v 17.534628 78.158752 -9.228175
v 15.346725 72.697540 -8.777668
v 14.004709 77.797585 -9.140736
v 15.025477 78.046600 -9.296606
v 16.964369 72.826805 -8.849902
v 15.920789 77.751968 -9.441072
v 17.534628 78.158752 -9.228175
v 18.935574 73.579552 -8.308153
v 15.346725 72.697540 -8.777668
v 14.521748 74.372215 -9.256690
v 14.067439 76.333916 -9.279500
v 14.004709 77.797585 -9.140736
v 18.374802 74.286682 -2.909676
v 18.382404 72.083572 -1.333853
v 15.512088 71.311813 -1.029714
v 14.641489 73.535843 -2.698680
v 17.857771 74.900658 -3.744160
v 14.470415 74.282867 -3.382995
v 17.701902 75.782669 -4.194667
v 14.097854 75.140167 -3.867717
v 14.641489 73.535843 -2.698680
v 15.512088 71.311813 -1.029714
v 15.297291 69.943184 -4.139543
v 14.882904 72.186218 -5.555689
v 14.470415 74.282867 -3.382995
v 14.525543 72.817299 -5.679247
v 14.882904 72.186218 -5.555689
v 15.297291 69.943184 -4.139543
v 18.169508 70.714935 -4.443681
v 18.346292 72.853416 -5.675444
v 14.525543 72.817299 -5.679247
v 17.890085 73.549141 -5.707760
v 18.346292 72.853416 -5.675444
v 18.169508 70.714935 -4.443681
v 18.382404 72.083572 -1.333853
v 18.374802 74.286682 -2.909676
v 17.551723 69.439445 -2.750005
v 18.382404 72.083572 -1.333853
v 17.551723 69.439445 -2.750005
v 15.512088 71.311813 -1.029714
v 15.512088 71.311813 -1.029714
v 17.551723 69.439445 -2.750005
v 15.297291 69.943184 -4.139543
v 15.297291 69.943184 -4.139543
v 17.551723 69.439445 -2.750005
v 18.169508 70.714935 -4.443681
v 17.890085 73.549141 -5.707760
v 18.346292 72.853416 -5.675444
v 18.374802 74.286682 -2.909676
v 17.857771 74.900658 -3.744160
v 14.998863 70.695930 -6.190582
v 18.466051 71.315605 -6.449100
v 18.289270 72.034142 -6.758944
v 14.822081 71.414459 -6.500424
v 14.822081 71.414459 -6.500424
v 18.289270 72.034142 -6.758944
v 18.196127 72.667137 -6.279922
v 14.728938 72.047455 -6.021405
v 14.728938 72.047455 -6.021405
v 18.196127 72.667137 -6.279922
v 18.279766 72.581596 -5.491060
v 14.810675 71.961922 -5.232542
v 14.810675 71.961922 -5.232542
v 18.279766 72.581596 -5.491060
v 18.456547 71.864967 -5.181218
v 14.987455 71.243385 -4.922700
v 14.987455 71.243385 -4.922700
v 18.456547 71.864967 -5.181218
v 18.549692 71.231972 -5.660239
v 15.080600 70.612282 -5.401721
v 15.080600 70.612282 -5.401721
v 18.549692 71.231972 -5.660239
v 18.466051 71.315605 -6.449100
v 14.998863 70.695930 -6.190582
v 14.822081 71.414459 -6.500424
v 14.903809 71.328918 -5.711563
v 14.998863 70.695930 -6.190582
v 14.728938 72.047455 -6.021405
v 14.810675 71.961922 -5.232542
v 14.987455 71.243385 -4.922700
v 15.080600 70.612282 -5.401721
v 18.466051 71.315605 -6.449100
v 18.372908 71.948601 -5.970081
v 18.289270 72.034142 -6.758944
v 18.196127 72.667137 -6.279922
v 18.279766 72.581596 -5.491060
v 18.456547 71.864967 -5.181218
v 18.549692 71.231972 -5.660239
v 20.304190 63.590462 5.691770
v 20.724281 62.491756 4.241404
v 20.401134 61.579334 2.872776
v 19.038212 61.208664 2.853767
v 18.677042 63.622776 5.849545
v 17.696192 61.444374 3.741475
v 17.663877 62.879536 5.450359
v 19.745329 72.887642 -0.668548
v 19.076223 74.220154 -2.067589
v 20.313692 73.119545 -4.576742
v 20.672955 71.325127 -3.219520
v 21.007507 69.640953 -1.995358
v 20.068480 70.789070 0.591729
v 20.304190 63.590462 5.691770
v 20.724281 62.491756 4.241404
v 20.513283 68.709526 -4.169956
v 21.007507 69.640953 -1.995358
v 20.672955 71.325127 -3.219520
v 20.313692 73.119545 -4.576742
v 20.057074 71.378342 -6.445298
v 20.724281 62.491756 4.241404
v 20.401134 61.579334 2.872776
v 13.787997 70.633194 -4.709804
v 14.949430 68.171570 -2.953398
v 17.297009 67.639328 -4.453185
v 16.270538 70.270134 -6.496622
v 19.038212 61.208664 2.853767
v 17.696192 61.444374 3.741475
v 14.679506 72.011337 -1.676010
v 15.405639 69.857651 -0.178123
v 14.949430 68.171570 -2.953398
v 13.787997 70.633194 -4.709804
v 17.696192 61.444374 3.741475
v 17.663877 62.879536 5.450359
v 15.582420 72.836319 -0.674251
v 16.323761 72.594910 -0.588711
v 17.222874 70.610390 0.762810
v 15.405639 69.857651 -0.178123
v 17.663877 62.879536 5.450359
v 18.677042 63.622776 5.849545
v 19.745329 72.887642 -0.668548
v 18.047850 73.022598 -0.478461
v 18.386204 74.087090 -1.687415
v 16.323761 72.594910 -0.588711
v 20.068480 70.789070 0.591729
v 17.222874 70.610390 0.762810
v 18.677042 63.622776 5.849545
v 20.304190 63.590462 5.691770
v 19.076223 74.220154 -2.067589
v 16.270538 70.270134 -6.496622
v 17.297009 67.639328 -4.453185
v 20.513283 68.709526 -4.169956
v 20.057074 71.378342 -6.445298
v 20.401134 61.579334 2.872776
v 19.038212 61.208664 2.853767
v 19.076223 74.220154 -2.067589
v 18.386204 74.087090 -1.687415
v 18.047850 73.022598 -0.478461
v 19.076223 74.220154 -2.067589
v 18.116283 70.040138 -2.645456
v 20.313692 73.119545 -4.576742
v 20.057074 71.378342 -6.445298
v 18.047850 73.022598 -0.478461
v 16.270538 70.270134 -6.496622
v 18.116283 70.040138 -2.645456
v 13.787997 70.633194 -4.709804
v 13.787997 70.633194 -4.709804
v 18.116283 70.040138 -2.645456
v 14.679506 72.011337 -1.676010
v 16.323761 72.594910 -0.588711
v 18.047850 73.022598 -0.478461
v 15.582420 72.836319 -0.674251
v 20.057074 71.378342 -6.445298
v 18.116283 70.040138 -2.645456
v 16.270538 70.270134 -6.496622
v 14.679506 72.011337 -1.676010
v 15.582420 72.836319 -0.674251
v 15.405639 69.857651 -0.178123
v 16.713440 72.199532 -4.725009
v 19.076225 72.682350 -4.922700
v 18.855721 73.497818 -5.202128
v 16.492939 73.014999 -5.004437
v 16.492939 73.014999 -5.004437
v 18.855721 73.497818 -5.202128
v 18.705551 74.277184 -4.810549
v 16.344669 73.796265 -4.610957
v 16.344669 73.796265 -4.610957
v 18.705551 74.277184 -4.810549
v 18.715055 74.568016 -3.974165
v 16.352272 74.085190 -3.776474
v 16.352272 74.085190 -3.776474
v 18.715055 74.568016 -3.974165
v 18.876629 74.195442 -3.187205
v 16.513849 73.712624 -2.987612
v 16.513849 73.712624 -2.987612
v 18.876629 74.195442 -3.187205
v 19.095234 73.379967 -2.907776
v 16.732449 72.897148 -2.708184
v 16.732449 72.897148 -2.708184
v 19.095234 73.379967 -2.907776
v 19.245399 72.598709 -3.299355
v 16.882618 72.117790 -3.101664
v 16.882618 72.117790 -3.101664
v 19.245399 72.598709 -3.299355
v 19.235895 72.309776 -4.135738
v 16.875013 71.826950 -3.938048
v 16.875013 71.826950 -3.938048
v 19.235895 72.309776 -4.135738
v 19.076225 72.682350 -4.922700
v 16.713440 72.199532 -4.725009
v 19.076225 72.682350 -4.922700
v 18.975475 73.438896 -4.054001
v 18.855721 73.497818 -5.202128
v 18.705551 74.277184 -4.810549
v 18.715055 74.568016 -3.974165
v 18.876629 74.195442 -3.187205
v 19.095234 73.379967 -2.907776
v 19.245399 72.598709 -3.299355
v 19.235895 72.309776 -4.135738
v 19.629377 70.887917 -7.789215
v 19.578053 68.306534 -6.563153
v 18.256948 69.268379 -9.001973
v 17.852060 71.617851 -10.505562
v 19.901203 66.664177 -4.666085
v 21.102554 70.334770 -3.536966
v 21.705130 65.677635 0.274285
v 19.840374 66.099617 -4.426573
v 20.220549 70.806175 -7.870953
v 18.433729 71.534210 -10.604409
v 18.838615 69.186638 -9.100818
v 20.169226 68.224800 -6.642991
v 20.501877 66.584343 -4.728813
v 21.722235 70.294853 -3.557874
v 22.321014 65.626305 0.240068
v 20.342207 66.031181 -4.493104
v 20.169226 68.224800 -6.642991
v 18.838615 69.186638 -9.100818
v 18.256948 69.268379 -9.001973
v 19.578053 68.306534 -6.563153
v 20.501877 66.584343 -4.728813
v 19.901203 66.664177 -4.666085
v 18.838615 69.186638 -9.100818
v 18.433729 71.534210 -10.604409
v 17.852060 71.617851 -10.505562
v 18.256948 69.268379 -9.001973
v 18.433729 71.534210 -10.604409
v 20.220549 70.806175 -7.870953
v 19.629377 70.887917 -7.789215
v 17.852060 71.617851 -10.505562
v 21.722235 70.294853 -3.557874
v 21.102554 70.334770 -3.536966
v 19.840374 66.099617 -4.426573
v 21.705130 65.677635 0.274285
v 22.321014 65.626305 0.240068
v 20.342207 66.031181 -4.493104
v 20.342207 66.031181 -4.493104
v 20.501877 66.584343 -4.728813
v 19.901203 66.664177 -4.666085
v 19.840374 66.099617 -4.426573
v 21.102554 70.334770 -3.536966
v 21.722235 70.294853 -3.557874
v 22.321014 65.626305 0.240068
v 21.705130 65.677635 0.274285
v 17.418673 75.910019 -4.462690
v 17.701902 75.782669 -4.194667
v 14.097854 75.140167 -3.867717
v 14.128267 75.351166 -4.135739
v 17.549841 74.623131 -6.323643
v 17.833061 74.322792 -6.306535
v 17.701902 75.782669 -4.194667
v 17.418673 75.910019 -4.462690
v 14.455220 73.896988 -6.361660
v 14.407692 73.560547 -6.293229
v 17.833061 74.322792 -6.306535
v 17.549841 74.623131 -6.323643
v 14.455220 73.896988 -6.361660
v 14.128267 75.351166 -4.135739
v 14.097854 75.140167 -3.867717
v 14.407692 73.560547 -6.293229
v 14.525543 72.817299 -5.679247
v 14.470415 74.282867 -3.382995
v 17.418673 75.910019 -4.462690
v 14.128267 75.351166 -4.135739
v 14.455220 73.896988 -6.361660
v 17.549841 74.623131 -6.323643
v 17.833061 74.322792 -6.306535
v 17.890085 73.549141 -5.707760
v 17.857771 74.900658 -3.744160
v 17.701902 75.782669 -4.194667
v 14.407692 73.560547 -6.293229
v 14.525543 72.817299 -5.679247
v 17.890085 73.549141 -5.707760
v 17.833061 74.322792 -6.306535
v -17.747448 59.990143 7.035665
v -17.720837 61.615395 7.303687
v -19.503853 61.113564 7.959488
v -18.429861 59.834274 7.393028
v -17.243717 60.414036 8.577272
v -17.304544 61.489929 9.269190
v -17.720837 61.615395 7.303687
v -17.747448 59.990143 7.035665
v -17.304544 61.489929 9.269190
v -18.481184 60.817020 9.666471
v -19.503853 61.113564 7.959488
v -17.720837 61.615395 7.303687
v -18.481184 60.817020 9.666471
v -17.947041 60.290482 8.965050
v -18.429861 59.834274 7.393028
v -19.503853 61.113564 7.959488
v -18.429861 59.834274 7.393028
v -17.947041 60.290482 8.965050
v -17.243717 60.414036 8.577272
v -17.747448 59.990143 7.035665
v -18.481184 60.817020 9.666471
v -17.304544 61.489929 9.269190
v -17.243717 60.414036 8.577272
v -17.947041 60.290482 8.965050
v -17.428095 59.081478 10.495212
v -18.167532 60.111755 9.151296
v -18.292992 61.008965 9.877428
v -17.437601 59.554802 11.160516
v -16.451048 60.041424 10.936215
v -17.203794 61.360622 9.497255
v -17.163874 60.474815 8.776824
v -16.373114 59.450249 10.054211
v -16.373114 59.450249 10.054211
v -17.163874 60.474815 8.776824
v -18.167532 60.111755 9.151296
v -17.428095 59.081478 10.495212
v -16.451048 60.041424 10.936215
v -17.437601 59.554802 11.160516
v -18.292992 61.008965 9.877428
v -17.203794 61.360622 9.497255
v -17.163874 60.474815 8.776824
v -17.203794 61.360622 9.497255
v -18.292992 61.008965 9.877428
v -18.167532 60.111755 9.151296
v -17.428095 59.081478 10.495212
v -17.437601 59.554802 11.160516
v -16.451048 60.041424 10.936215
v -16.373114 59.450249 10.054211
v -15.795228 58.341991 11.282188
v -15.854156 58.172821 10.613084
v -16.827400 57.931404 10.846888
v -16.650620 58.125290 11.409545
v -16.449129 59.967239 10.943833
v -16.179205 59.174580 10.204393
v -15.854156 58.172821 10.613084
v -15.795228 58.341991 11.282188
v -17.386255 59.471111 11.196647
v -16.449129 59.967239 10.943833
v -15.795228 58.341991 11.282188
v -16.650620 58.125290 11.409545
v -17.386255 59.471111 11.196647
v -16.650620 58.125290 11.409545
v -16.827400 57.931404 10.846888
v -17.372952 58.974991 10.586469
v -17.372952 58.974991 10.586469
v -16.827400 57.931404 10.846888
v -15.854156 58.172821 10.613084
v -16.179205 59.174580 10.204393
v -17.372952 58.974991 10.586469
v -16.179205 59.174580 10.204393
v -16.449129 59.967239 10.943833
v -17.386255 59.471111 11.196647
v -19.956274 64.398331 6.569968
v -19.984785 61.915787 2.595244
v -18.264496 61.818851 2.581938
v -18.235987 64.308990 6.569968
v -18.264496 61.818851 2.581938
v -17.679024 60.670723 3.304269
v -17.426212 63.463104 7.317010
v -18.235987 64.308990 6.569968
v -17.679024 60.670723 3.304269
v -17.753159 59.767811 4.005690
v -17.608692 62.660931 8.024134
v -17.426212 63.463104 7.317010
v -17.772167 60.638405 9.375654
v -18.239780 57.359398 4.845876
v -19.119888 57.733864 8.297859
v -18.678883 55.958454 5.950284
v -18.775829 59.015057 10.269065
v -20.486612 59.771610 4.034204
v -20.480911 60.811386 3.254847
v -20.408680 63.575249 7.225769
v -20.292728 62.691353 8.007027
v -19.956274 64.398331 6.569968
v -19.984785 61.915787 2.595244
v -20.556946 56.005974 6.395087
v -20.057018 58.996056 10.594113
v -19.984785 61.915787 2.595244
v -19.144600 60.701138 3.306170
v -18.264496 61.818851 2.581938
v -17.679024 60.670723 3.304269
v -17.753159 59.767811 4.005690
v -20.486612 59.771610 4.034204
v -20.480911 60.811386 3.254847
v -18.239780 57.359398 4.845876
v -20.556946 56.005974 6.395087
v -18.678883 55.958454 5.950284
v -19.009638 63.520126 7.286597
v -19.956274 64.398331 6.569968
v -18.235987 64.308990 6.569968
v -17.426212 63.463104 7.317010
v -17.608692 62.660931 8.024134
v -20.292728 62.691353 8.007027
v -20.408680 63.575249 7.225769
v -17.772167 60.638405 9.375654
v -20.057018 58.996056 10.594113
v -18.775829 59.015057 10.269065
v -20.556946 56.005974 6.395087
v -20.057018 58.996056 10.594113
v -18.775829 59.015057 10.269065
v -19.119888 57.733864 8.297859
v -18.678883 55.958454 5.950284
v -20.805958 63.949726 7.014772
v -20.937119 57.749077 9.217881
v -21.150019 56.813850 7.649662
v -21.370520 61.286598 2.977318
v -20.501820 59.689865 10.212036
v -20.935219 56.819546 5.543497
v -20.393473 63.930714 6.972953
v -20.087433 59.668964 10.175921
v -20.501820 59.689865 10.212036
v -20.805958 63.949726 7.014772
v -20.501820 59.689865 10.212036
v -20.087433 59.668964 10.175921
v -20.524630 57.728168 9.176063
v -20.937119 57.749077 9.217881
v -20.937119 57.749077 9.217881
v -20.524630 57.728168 9.176063
v -20.688105 56.796738 7.604042
v -21.150019 56.813850 7.649662
v -21.150019 56.813850 7.649662
v -20.688105 56.796738 7.604042
v -20.471407 56.800537 5.501677
v -20.935219 56.819546 5.543497
v -20.471407 56.800537 5.501677
v -20.726122 61.366440 2.889878
v -21.370520 61.286598 2.977318
v -20.935219 56.819546 5.543497
v -21.370520 61.286598 2.977318
v -20.726122 61.366440 2.889878
v -20.393473 63.930714 6.972953
v -20.805958 63.949726 7.014772
v -20.087433 59.668964 10.175921
v -20.471407 56.800537 5.501677
v -20.688105 56.796738 7.604042
v -20.524630 57.728168 9.176063
v -19.777601 58.786945 10.092238
v -18.912703 58.933319 9.755783
v -18.342442 57.296661 10.902012
v -19.013453 56.823341 11.255574
v -18.342442 57.296661 10.902012
v -18.912703 58.933319 9.755783
v -19.209240 58.233791 9.063867
v -18.646580 56.610447 10.179681
v -18.646580 56.610447 10.179681
v -19.209240 58.233791 9.063867
v -20.015211 58.138756 9.447844
v -19.254858 56.291100 10.649196
v -20.015211 58.138756 9.447844
v -19.777601 58.786945 10.092238
v -19.013453 56.823341 11.255574
v -19.254858 56.291100 10.649196
v -18.342442 57.296661 10.902012
v -18.646580 56.610447 10.179681
v -19.254858 56.291100 10.649196
v -19.013453 56.823341 11.255574
v -18.912703 58.933319 9.755783
v -19.777601 58.786945 10.092238
v -20.015211 58.138756 9.447844
v -19.209240 58.233791 9.063867
v -17.606821 56.498283 11.244152
v -18.087740 56.180840 11.595813
v -19.091402 56.779617 11.316385
v -18.321552 57.273846 10.930508
v -18.087740 56.180840 11.595813
v -18.304441 55.597275 11.017949
v -19.235868 56.279686 10.770835
v -19.091402 56.779617 11.316385
v -18.304441 55.597275 11.017949
v -18.032616 55.679012 10.831663
v -18.572466 56.585735 10.249996
v -19.235868 56.279686 10.770835
v -18.032616 55.679012 10.831663
v -17.606821 56.498283 11.244152
v -18.321552 57.273846 10.930508
v -18.572466 56.585735 10.249996
v -19.091402 56.779617 11.316385
v -19.235868 56.279686 10.770835
v -18.572466 56.585735 10.249996
v -18.321552 57.273846 10.930508
v -18.087740 56.180840 11.595813
v -17.606821 56.498283 11.244152
v -18.032616 55.679012 10.831663
v -18.304441 55.597275 11.017949
v -16.838865 54.848339 11.341098
v -16.751427 55.405293 11.776397
v -16.557541 55.526947 11.472258
v -16.622171 55.114456 11.206136
v -18.064932 55.525047 11.054066
v -17.935673 56.072491 11.626225
v -16.751427 55.405293 11.776397
v -16.838865 54.848339 11.341098
v -17.935673 56.072491 11.626225
v -17.606821 56.450771 11.295477
v -16.557541 55.526947 11.472258
v -16.751427 55.405293 11.776397
v -17.606821 56.450771 11.295477
v -17.781702 55.764553 10.729015
v -16.622171 55.114456 11.206136
v -16.557541 55.526947 11.472258
v -17.781702 55.764553 10.729015
v -18.064932 55.525047 11.054066
v -16.838865 54.848339 11.341098
v -16.622171 55.114456 11.206136
v -18.064932 55.525047 11.054066
v -17.781702 55.764553 10.729015
v -17.606821 56.450771 11.295477
v -17.935673 56.072491 11.626225
v -16.369274 53.964424 10.379355
v -16.369272 54.409233 10.930609
v -16.118359 54.490971 10.753827
v -16.163979 54.260960 10.299520
v -17.646658 54.468151 10.282412
v -17.608641 54.779896 10.862178
v -16.369272 54.409233 10.930609
v -16.369274 53.964424 10.379355
v -17.608641 54.779896 10.862178
v -17.386238 55.388172 10.596056
v -16.118359 54.490971 10.753827
v -16.369272 54.409233 10.930609
v -17.386238 55.388172 10.596056
v -17.428059 54.966175 9.782484
v -16.163979 54.260960 10.299520
v -16.118359 54.490971 10.753827
v -17.428059 54.966175 9.782484
v -17.646658 54.468151 10.282412
v -16.369274 53.964424 10.379355
v -16.163979 54.260960 10.299520
v -17.646658 54.468151 10.282412
v -17.428059 54.966175 9.782484
v -17.386238 55.388172 10.596056
v -17.608641 54.779896 10.862178
v -17.348221 55.346359 10.643577
v -17.705585 54.863533 10.780441
v -19.032394 55.983147 10.252000
v -18.289156 56.332905 10.086625
v -17.705585 54.863533 10.780441
v -17.831043 54.492859 10.215882
v -19.028593 55.616272 9.582892
v -19.032394 55.983147 10.252000
v -17.831043 54.492859 10.215882
v -17.422356 54.804596 9.850914
v -18.368990 55.646687 9.307266
v -19.028593 55.616272 9.582892
v -17.422356 54.804596 9.850914
v -17.348221 55.346359 10.643577
v -18.289156 56.332905 10.086625
v -18.368990 55.646687 9.307266
v -19.032394 55.983147 10.252000
v -19.028593 55.616272 9.582892
v -18.368990 55.646687 9.307266
v -18.289156 56.332905 10.086625
v -17.705585 54.863533 10.780441
v -17.348221 55.346359 10.643577
v -17.422356 54.804596 9.850914
v -17.831043 54.492859 10.215882
v -20.127337 57.832684 9.174186
v -19.308062 58.233768 8.858641
v -18.234068 56.616123 9.949741
v -19.022932 56.005951 10.333715
v -18.234068 56.616123 9.949741
v -19.308062 58.233768 8.858641
v -19.431616 57.671116 8.018456
v -18.378534 55.962231 9.151376
v -18.378534 55.962231 9.151376
v -19.431616 57.671116 8.018456
v -20.207172 57.332756 8.377720
v -19.097063 55.580154 9.548658
v -20.207172 57.332756 8.377720
v -20.127337 57.832684 9.174186
v -19.022932 56.005951 10.333715
v -19.097063 55.580154 9.548658
v -18.234068 56.616123 9.949741
v -18.378534 55.962231 9.151376
v -19.097063 55.580154 9.548658
v -19.022932 56.005951 10.333715
v -19.308062 58.233768 8.858641
v -20.127337 57.832684 9.174186
v -20.207172 57.332756 8.377720
v -19.431616 57.671116 8.018456
v -16.532822 53.567192 9.200847
v -16.582245 53.848518 9.873757
v -16.352243 54.059525 9.660860
v -16.337032 53.878937 9.179938
v -17.795004 54.183079 8.940428
v -17.823515 54.426395 9.552510
v -16.582245 53.848518 9.873757
v -16.532822 53.567192 9.200847
v -17.823515 54.426395 9.552510
v -17.667645 55.011864 9.419449
v -16.352243 54.059525 9.660860
v -16.582245 53.848518 9.873757
v -17.667645 55.011864 9.419449
v -17.612518 54.679207 8.569757
v -16.337032 53.878937 9.179938
v -16.352243 54.059525 9.660860
v -17.612518 54.679207 8.569757
v -17.795004 54.183079 8.940428
v -16.532822 53.567192 9.200847
v -16.337032 53.878937 9.179938
v -17.795004 54.183079 8.940428
v -17.612518 54.679207 8.569757
v -17.667645 55.011864 9.419449
v -17.823515 54.426395 9.552510
v -17.587807 55.028969 9.463170
v -18.019308 54.523342 9.598131
v -19.057184 55.458569 9.086797
v -18.389977 55.523201 9.111507
v -18.019308 54.523342 9.598131
v -18.053522 54.171673 8.875797
v -18.965940 55.021355 8.320744
v -19.057184 55.458569 9.086797
v -18.053522 54.171673 8.875797
v -17.572601 54.589870 8.564054
v -18.351959 55.046070 8.250410
v -18.965940 55.021355 8.320744
v -17.572601 54.589870 8.564054
v -17.587807 55.028969 9.463170
v -18.389977 55.523201 9.111507
v -18.351959 55.046070 8.250410
v -19.057184 55.458569 9.086797
v -18.965940 55.021355 8.320744
v -18.351959 55.046070 8.250410
v -18.389977 55.523201 9.111507
v -18.019308 54.523342 9.598131
v -17.587807 55.028969 9.463170
v -17.572601 54.589870 8.564054
v -18.053522 54.171673 8.875797
v -20.209089 57.159817 8.071695
v -19.424032 57.621731 8.007067
v -18.446983 55.658131 9.050647
v -19.152206 55.479450 9.138085
v -18.446983 55.658131 9.050647
v -19.424032 57.621731 8.007067
v -19.355598 57.133209 7.115558
v -18.359543 55.336884 8.149632
v -18.359543 55.336884 8.149632
v -19.355598 57.133209 7.115558
v -20.110245 56.724514 7.248618
v -19.064762 55.103077 8.282693
v -20.110245 56.724514 7.248618
v -20.209089 57.159817 8.071695
v -19.152206 55.479450 9.138085
v -19.064762 55.103077 8.282693
v -18.446983 55.658131 9.050647
v -18.359543 55.336884 8.149632
v -19.064762 55.103077 8.282693
v -19.152206 55.479450 9.138085
v -19.424032 57.621731 8.007067
v -20.209089 57.159817 8.071695
v -20.110245 56.724514 7.248618
v -19.355598 57.133209 7.115558
v -20.037998 56.865143 6.933064
v -18.973511 57.186398 6.919759
v -18.405148 55.279816 8.035568
v -19.095165 55.247501 7.963335
v -18.405148 55.279816 8.035568
v -18.973511 57.186398 6.919759
v -18.914583 56.699772 6.130896
v -18.304401 54.907249 7.159267
v -18.304401 54.907249 7.159267
v -18.914583 56.699772 6.130896
v -19.739561 56.426048 6.205030
v -19.002024 54.869228 7.201086
v -19.739561 56.426048 6.205030
v -20.037998 56.865143 6.933064
v -19.095165 55.247501 7.963335
v -19.002024 54.869228 7.201086
v -18.405148 55.279816 8.035568
v -18.304401 54.907249 7.159267
v -19.002024 54.869228 7.201086
v -19.095165 55.247501 7.963335
v -18.973511 57.186398 6.919759
v -20.037998 56.865143 6.933064
v -19.739561 56.426048 6.205030
v -18.914583 56.699772 6.130896
v -17.713209 54.646805 8.381554
v -18.325285 54.247620 8.499409
v -19.102741 55.122025 7.932949
v -18.355701 55.217064 7.955760
v -18.325285 54.247620 8.499409
v -18.353802 53.901665 7.849309
v -19.040014 54.808384 7.381695
v -19.102741 55.122025 7.932949
v -18.353802 53.901665 7.849309
v -17.698000 54.207706 7.575584
v -18.329088 54.743752 7.184004
v -19.040014 54.808384 7.381695
v -17.698000 54.207706 7.575584
v -17.713209 54.646805 8.381554
v -18.355701 55.217064 7.955760
v -18.329088 54.743752 7.184004
v -19.102741 55.122025 7.932949
v -19.040014 54.808384 7.381695
v -18.329088 54.743752 7.184004
v -18.355701 55.217064 7.955760
v -18.325285 54.247620 8.499409
v -17.713209 54.646805 8.381554
v -17.698000 54.207706 7.575584
v -18.353802 53.901665 7.849309
v -17.179062 53.272476 8.256096
v -17.230387 53.563309 8.860574
v -16.979471 53.719181 8.674287
v -16.956659 53.532894 8.240889
v -18.220737 53.979603 7.908237
v -18.256855 54.241920 8.449986
v -17.230387 53.563309 8.860574
v -17.179062 53.272476 8.256096
v -18.256855 54.241920 8.449986
v -17.969826 54.652504 8.370150
v -16.979471 53.719181 8.674287
v -17.230387 53.563309 8.860574
v -17.969826 54.652504 8.370150
v -17.908998 54.306553 7.604098
v -16.956659 53.532894 8.240889
v -16.979471 53.719181 8.674287
v -17.908998 54.306553 7.604098
v -18.220737 53.979603 7.908237
v -17.179062 53.272476 8.256096
v -16.956659 53.532894 8.240889
v -18.220737 53.979603 7.908237
v -17.908998 54.306553 7.604098
v -17.969826 54.652504 8.370150
v -18.256855 54.241920 8.449986
v 17.747496 59.990128 7.035678
v 18.429911 59.834259 7.393042
v 19.503901 61.113552 7.959502
v 17.720882 61.615372 7.303701
v 17.241865 60.414028 8.577285
v 17.747496 59.990128 7.035678
v 17.720882 61.615372 7.303701
v 17.304594 61.489918 9.269202
v 17.304594 61.489918 9.269202
v 17.720882 61.615372 7.303701
v 19.503901 61.113552 7.959502
v 18.481230 60.817013 9.666483
v 18.481230 60.817013 9.666483
v 19.503901 61.113552 7.959502
v 18.429911 59.834259 7.393042
v 17.947086 60.290474 8.965062
v 18.429911 59.834259 7.393042
v 17.747496 59.990128 7.035678
v 17.241865 60.414028 8.577285
v 17.947086 60.290474 8.965062
v 18.481230 60.817013 9.666483
v 17.947086 60.290474 8.965062
v 17.241865 60.414028 8.577285
v 17.304594 61.489918 9.269202
v 17.428143 59.081490 10.495215
v 17.437649 59.554817 11.160520
v 18.293041 61.008984 9.877431
v 18.167583 60.111771 9.151299
v 16.451096 60.041439 10.936219
v 16.371262 59.450260 10.054214
v 17.162022 60.474834 8.776828
v 17.201942 61.360641 9.497259
v 16.371262 59.450260 10.054214
v 17.428143 59.081490 10.495215
v 18.167583 60.111771 9.151299
v 17.162022 60.474834 8.776828
v 16.451096 60.041439 10.936219
v 17.201942 61.360641 9.497259
v 18.293041 61.008984 9.877431
v 17.437649 59.554817 11.160520
v 17.162022 60.474834 8.776828
v 18.167583 60.111771 9.151299
v 18.293041 61.008984 9.877431
v 17.201942 61.360641 9.497259
v 17.428143 59.081490 10.495215
v 16.371262 59.450260 10.054214
v 16.451096 60.041439 10.936219
v 17.437649 59.554817 11.160520
v 15.795286 58.342003 11.282199
v 16.650679 58.125301 11.409555
v 16.827457 57.931416 10.846897
v 15.854214 58.172829 10.613093
v 16.449184 59.967247 10.943845
v 15.795286 58.342003 11.282199
v 15.854214 58.172829 10.613093
v 16.179262 59.174587 10.204406
v 17.386311 59.471115 11.196658
v 16.650679 58.125301 11.409555
v 15.795286 58.342003 11.282199
v 16.449184 59.967247 10.943845
v 17.386311 59.471115 11.196658
v 17.371105 58.974998 10.586478
v 16.827457 57.931416 10.846897
v 16.650679 58.125301 11.409555
v 17.371105 58.974998 10.586478
v 16.179262 59.174587 10.204406
v 15.854214 58.172829 10.613093
v 16.827457 57.931416 10.846897
v 17.371105 58.974998 10.586478
v 17.386311 59.471115 11.196658
v 16.449184 59.967247 10.943845
v 16.179262 59.174587 10.204406
v 19.956333 64.398308 6.569980
v 18.236046 64.308968 6.569980
v 18.264559 61.818832 2.581949
v 19.984848 61.915768 2.595254
v 18.264559 61.818832 2.581949
v 18.236046 64.308968 6.569980
v 17.424374 63.463081 7.317021
v 17.679090 60.670696 3.304280
v 17.679090 60.670696 3.304280
v 17.424374 63.463081 7.317021
v 17.608759 62.660912 8.024145
v 17.753223 59.767784 4.005701
v 17.772232 60.638382 9.375665
v 18.239851 57.359379 4.845886
v 19.119951 57.733845 8.297869
v 18.678951 55.958435 5.950293
v 18.775894 59.015034 10.269073
v 20.486679 59.771584 4.034214
v 20.290890 62.691334 8.007038
v 20.408743 63.575230 7.225780
v 20.480976 60.811359 3.254857
v 19.956333 64.398308 6.569980
v 19.984848 61.915768 2.595254
v 20.557011 56.005955 6.395096
v 20.057083 58.996029 10.594123
v 19.984848 61.915768 2.595254
v 18.264559 61.818832 2.581949
v 19.144663 60.701111 3.306181
v 17.679090 60.670696 3.304280
v 17.753223 59.767784 4.005701
v 20.486679 59.771584 4.034214
v 20.480976 60.811359 3.254857
v 18.239851 57.359379 4.845886
v 20.557011 56.005955 6.395096
v 18.678951 55.958435 5.950293
v 19.009701 63.520107 7.286608
v 18.236046 64.308968 6.569980
v 19.956333 64.398308 6.569980
v 17.424374 63.463081 7.317021
v 17.608759 62.660912 8.024145
v 20.290890 62.691334 8.007038
v 20.408743 63.575230 7.225780
v 17.772232 60.638382 9.375665
v 20.057083 58.996029 10.594123
v 18.775894 59.015034 10.269073
v 20.557011 56.005955 6.395096
v 19.119951 57.733845 8.297869
v 18.775894 59.015034 10.269073
v 20.057083 58.996029 10.594123
v 18.678951 55.958435 5.950293
v 20.806025 63.949707 7.014783
v 21.370584 61.286575 2.977328
v 21.150084 56.813831 7.649672
v 20.937187 57.749054 9.217891
v 20.499985 59.689842 10.212048
v 20.935286 56.819527 5.543506
v 20.393536 63.930695 6.972964
v 20.806025 63.949707 7.014783
v 20.499985 59.689842 10.212048
v 20.087496 59.668941 10.175931
v 20.499985 59.689842 10.212048
v 20.937187 57.749054 9.217891
v 20.524696 57.728149 9.176072
v 20.087496 59.668941 10.175931
v 20.937187 57.749054 9.217891
v 21.150084 56.813831 7.649672
v 20.686272 56.796719 7.604052
v 20.524696 57.728149 9.176072
v 21.150084 56.813831 7.649672
v 20.935286 56.819527 5.543506
v 20.471474 56.800518 5.501687
v 20.686272 56.796719 7.604052
v 20.471474 56.800518 5.501687
v 20.935286 56.819527 5.543506
v 21.370584 61.286575 2.977328
v 20.724289 61.366413 2.889889
v 21.370584 61.286575 2.977328
v 20.806025 63.949707 7.014783
v 20.393536 63.930695 6.972964
v 20.724289 61.366413 2.889889
v 20.087496 59.668941 10.175931
v 20.524696 57.728149 9.176072
v 20.686272 56.796719 7.604052
v 20.471474 56.800518 5.501687
v 19.777670 58.786942 10.092255
v 19.013519 56.823341 11.255590
v 18.342512 57.296661 10.902028
v 18.912773 58.933311 9.755800
v 18.342512 57.296661 10.902028
v 18.646650 56.610447 10.179697
v 19.209311 58.233788 9.063884
v 18.912773 58.933311 9.755800
v 18.646650 56.610447 10.179697
v 19.254930 56.291100 10.649212
v 20.013380 58.138752 9.447860
v 19.209311 58.233788 9.063884
v 20.013380 58.138752 9.447860
v 19.254930 56.291100 10.649212
v 19.013519 56.823341 11.255590
v 19.777670 58.786942 10.092255
v 18.342512 57.296661 10.902028
v 19.013519 56.823341 11.255590
v 19.254930 56.291100 10.649212
v 18.646650 56.610447 10.179697
v 18.912773 58.933311 9.755800
v 19.209311 58.233788 9.063884
v 20.013380 58.138752 9.447860
v 19.777670 58.786942 10.092255
v 17.606901 56.498287 11.244145
v 18.321629 57.273849 10.930501
v 19.091482 56.779621 11.316380
v 18.087824 56.180847 11.595806
v 18.087824 56.180847 11.595806
v 19.091482 56.779621 11.316380
v 19.235949 56.279690 10.770829
v 18.304520 55.597279 11.017941
v 18.304520 55.597279 11.017941
v 19.235949 56.279690 10.770829
v 18.570642 56.585739 10.249990
v 18.032694 55.679016 10.831656
v 18.032694 55.679016 10.831656
v 18.570642 56.585739 10.249990
v 18.321629 57.273849 10.930501
v 17.606901 56.498287 11.244145
v 19.091482 56.779621 11.316380
v 18.321629 57.273849 10.930501
v 18.570642 56.585739 10.249990
v 19.235949 56.279690 10.770829
v 18.087824 56.180847 11.595806
v 18.304520 55.597279 11.017941
v 18.032694 55.679016 10.831656
v 17.606901 56.498287 11.244145
v 16.838947 54.848343 11.341090
v 16.622250 55.114460 11.206128
v 16.557619 55.526951 11.472252
v 16.749605 55.405296 11.776391
v 18.065010 55.525051 11.054059
v 16.838947 54.848343 11.341090
v 16.749605 55.405296 11.776391
v 17.935753 56.072498 11.626220
v 17.935753 56.072498 11.626220
v 16.749605 55.405296 11.776391
v 16.557619 55.526951 11.472252
v 17.606901 56.450775 11.295468
v 17.606901 56.450775 11.295468
v 16.557619 55.526951 11.472252
v 16.622250 55.114460 11.206128
v 17.779879 55.764557 10.729010
v 17.779879 55.764557 10.729010
v 16.622250 55.114460 11.206128
v 16.838947 54.848343 11.341090
v 18.065010 55.525051 11.054059
v 18.065010 55.525051 11.054059
v 17.935753 56.072498 11.626220
v 17.606901 56.450775 11.295468
v 17.779879 55.764557 10.729010
v 16.369349 53.964397 10.379359
v 16.164055 54.260933 10.299523
v 16.118431 54.490940 10.753831
v 16.369349 54.409203 10.930613
v 17.646732 54.468117 10.282413
v 16.369349 53.964397 10.379359
v 16.369349 54.409203 10.930613
v 17.606813 54.779869 10.862183
v 17.606813 54.779869 10.862183
v 16.369349 54.409203 10.930613
v 16.118431 54.490940 10.753831
v 17.386312 55.388142 10.596060
v 17.386312 55.388142 10.596060
v 16.118431 54.490940 10.753831
v 16.164055 54.260933 10.299523
v 17.428129 54.966152 9.782486
v 17.428129 54.966152 9.782486
v 16.164055 54.260933 10.299523
v 16.369349 53.964397 10.379359
v 17.646732 54.468117 10.282413
v 17.646732 54.468117 10.282413
v 17.606813 54.779869 10.862183
v 17.386312 55.388142 10.596060
v 17.428129 54.966152 9.782486
v 17.348295 55.346325 10.643581
v 18.287325 56.332882 10.086627
v 19.032469 55.983116 10.252004
v 17.705660 54.863506 10.780445
v 17.705660 54.863506 10.780445
v 19.032469 55.983116 10.252004
v 19.028666 55.616249 9.582895
v 17.831118 54.492836 10.215885
v 17.831118 54.492836 10.215885
v 19.028666 55.616249 9.582895
v 18.369062 55.646664 9.307270
v 17.422430 54.804573 9.850917
v 17.422430 54.804573 9.850917
v 18.369062 55.646664 9.307270
v 18.287325 56.332882 10.086627
v 17.348295 55.346325 10.643581
v 19.032469 55.983116 10.252004
v 18.287325 56.332882 10.086627
v 18.369062 55.646664 9.307270
v 19.028666 55.616249 9.582895
v 17.705660 54.863506 10.780445
v 17.831118 54.492836 10.215885
v 17.422430 54.804573 9.850917
v 17.348295 55.346325 10.643581
v 20.127405 57.832664 9.174199
v 19.022999 56.005936 10.333732
v 18.234137 56.616104 9.949755
v 19.308128 58.233749 8.858654
v 18.234137 56.616104 9.949755
v 18.378605 55.962212 9.151389
v 19.431684 57.671097 8.018469
v 19.308128 58.233749 8.858654
v 18.378605 55.962212 9.151389
v 19.097134 55.580132 9.548672
v 20.205341 57.332737 8.377734
v 19.431684 57.671097 8.018469
v 20.205341 57.332737 8.377734
v 19.097134 55.580132 9.548672
v 19.022999 56.005936 10.333732
v 20.127405 57.832664 9.174199
v 18.234137 56.616104 9.949755
v 19.022999 56.005936 10.333732
v 19.097134 55.580132 9.548672
v 18.378605 55.962212 9.151389
v 19.308128 58.233749 8.858654
v 19.431684 57.671097 8.018469
v 20.205341 57.332737 8.377734
v 20.127405 57.832664 9.174199
v 16.532856 53.567204 9.200856
v 16.337067 53.878944 9.179947
v 16.352274 54.059528 9.660870
v 16.582279 53.848534 9.873767
v 17.795036 54.183083 8.940437
v 16.532856 53.567204 9.200856
v 16.582279 53.848534 9.873767
v 17.823549 54.426399 9.552520
v 17.823549 54.426399 9.552520
v 16.582279 53.848534 9.873767
v 16.352274 54.059528 9.660870
v 17.667679 55.011868 9.419458
v 17.667679 55.011868 9.419458
v 16.352274 54.059528 9.660870
v 16.337067 53.878944 9.179947
v 17.612551 54.679211 8.569767
v 17.612551 54.679211 8.569767
v 16.337067 53.878944 9.179947
v 16.532856 53.567204 9.200856
v 17.795036 54.183083 8.940437
v 17.795036 54.183083 8.940437
v 17.823549 54.426399 9.552520
v 17.667679 55.011868 9.419458
v 17.612551 54.679211 8.569767
v 17.587841 55.028973 9.463180
v 18.390011 55.523205 9.111518
v 19.057219 55.458572 9.086806
v 18.019339 54.523346 9.598141
v 18.019339 54.523346 9.598141
v 19.057219 55.458572 9.086806
v 18.965975 55.021366 8.320753
v 18.053556 54.171677 8.875808
v 18.053556 54.171677 8.875808
v 18.965975 55.021366 8.320753
v 18.351992 55.046082 8.250421
v 17.572634 54.589878 8.564064
v 17.572634 54.589878 8.564064
v 18.351992 55.046082 8.250421
v 18.390011 55.523205 9.111518
v 17.587841 55.028973 9.463180
v 19.057219 55.458572 9.086806
v 18.390011 55.523205 9.111518
v 18.351992 55.046082 8.250421
v 18.965975 55.021366 8.320753
v 18.019339 54.523346 9.598141
v 18.053556 54.171677 8.875808
v 17.572634 54.589878 8.564064
v 17.587841 55.028973 9.463180
v 20.209156 57.159813 8.071705
v 19.152273 55.479443 9.138094
v 18.447048 55.658123 9.050654
v 19.424095 57.621727 8.007076
v 18.447048 55.658123 9.050654
v 18.359608 55.336872 8.149640
v 19.355663 57.133202 7.115567
v 19.424095 57.621727 8.007076
v 18.359608 55.336872 8.149640
v 19.064829 55.103065 8.282701
v 20.110310 56.724510 7.248627
v 19.355663 57.133202 7.115567
v 20.110310 56.724510 7.248627
v 19.064829 55.103065 8.282701
v 19.152273 55.479443 9.138094
v 20.209156 57.159813 8.071705
v 18.447048 55.658123 9.050654
v 19.152273 55.479443 9.138094
v 19.064829 55.103065 8.282701
v 18.359608 55.336872 8.149640
v 19.424095 57.621727 8.007076
v 19.355663 57.133202 7.115567
v 20.110310 56.724510 7.248627
v 20.209156 57.159813 8.071705
v 20.038054 56.865128 6.933076
v 19.095224 55.247490 7.963348
v 18.405207 55.279804 8.035582
v 18.973566 57.186386 6.919772
v 18.405207 55.279804 8.035582
v 18.304461 54.907234 7.159279
v 18.914639 56.699757 6.130909
v 18.973566 57.186386 6.919772
v 18.304461 54.907234 7.159279
v 19.002079 54.869217 7.201098
v 19.739616 56.426033 6.205043
v 18.914639 56.699757 6.130909
v 19.739616 56.426033 6.205043
v 19.002079 54.869217 7.201098
v 19.095224 55.247490 7.963348
v 20.038054 56.865128 6.933076
v 18.405207 55.279804 8.035582
v 19.095224 55.247490 7.963348
v 19.002079 54.869217 7.201098
v 18.304461 54.907234 7.159279
v 18.973566 57.186386 6.919772
v 18.914639 56.699757 6.130909
v 19.739616 56.426033 6.205043
v 20.038054 56.865128 6.933076
v 17.713280 54.646816 8.381564
v 18.355772 55.217075 7.955769
v 19.102812 55.122032 7.932959
v 18.325357 54.247631 8.499416
v 18.325357 54.247631 8.499416
v 19.102812 55.122032 7.932959
v 19.040085 54.808388 7.381704
v 18.353872 53.901669 7.849319
v 18.353872 53.901669 7.849319
v 19.040085 54.808388 7.381704
v 18.327259 54.743759 7.184013
v 17.698072 54.207714 7.575593
v 17.698072 54.207714 7.575593
v 18.327259 54.743759 7.184013
v 18.355772 55.217075 7.955769
v 17.713280 54.646816 8.381564
v 19.102812 55.122032 7.932959
v 18.355772 55.217075 7.955769
v 18.327259 54.743759 7.184013
v 19.040085 54.808388 7.381704
v 18.325357 54.247631 8.499416
v 18.353872 53.901669 7.849319
v 17.698072 54.207714 7.575593
v 17.713280 54.646816 8.381564
v 17.179134 53.272484 8.256104
v 16.956732 53.532902 8.240898
v 16.979542 53.719193 8.674296
v 17.230457 53.563316 8.860582
v 18.218910 53.979614 7.908246
v 17.179134 53.272484 8.256104
v 17.230457 53.563316 8.860582
v 18.256927 54.241932 8.449995
v 18.256927 54.241932 8.449995
v 17.230457 53.563316 8.860582
v 16.979542 53.719193 8.674296
v 17.969894 54.652512 8.370158
v 17.969894 54.652512 8.370158
v 16.979542 53.719193 8.674296
v 16.956732 53.532902 8.240898
v 17.909067 54.306557 7.604106
v 17.909067 54.306557 7.604106
v 16.956732 53.532902 8.240898
v 17.179134 53.272484 8.256104
v 18.218910 53.979614 7.908246
v 18.218910 53.979614 7.908246
v 18.256927 54.241932 8.449995
v 17.969894 54.652512 8.370158
v 17.909067 54.306557 7.604106
v -15.437862 28.399559 -2.303335
v -15.542413 27.156385 -2.706320
v -15.415053 28.180960 -2.559953
v -16.580290 23.940111 -1.181821
v -16.814096 25.004601 0.722853
v -16.686733 22.833803 -0.976527
v -16.720955 23.118931 1.429976
v -16.709547 22.052546 0.470037
v -15.145127 28.353937 -2.276722
v -15.124219 28.135336 -2.533341
v -15.251576 27.110767 -2.681607
v -16.525166 24.958977 0.749466
v -16.291357 23.894489 -1.157110
v -16.395903 22.788181 -0.951815
v -16.430117 23.073313 1.454687
v -16.418713 22.006920 0.496648
v -16.814096 25.004601 0.722853
v -16.525166 24.958977 0.749466
v -16.430117 23.073313 1.454687
v -16.720955 23.118931 1.429976
v -15.145127 28.353937 -2.276722
v -15.437862 28.399559 -2.303335
v -16.709547 22.052546 0.470037
v -16.720955 23.118931 1.429976
v -16.430117 23.073313 1.454687
v -16.418713 22.006920 0.496648
v -15.415053 28.180960 -2.559953
v -15.124219 28.135336 -2.533341
v -15.145127 28.353937 -2.276722
v -15.437862 28.399559 -2.303335
v -16.291357 23.894489 -1.157110
v -16.580290 23.940111 -1.181821
v -16.686733 22.833803 -0.976527
v -16.395903 22.788181 -0.951815
v -15.251576 27.110767 -2.681607
v -15.542413 27.156385 -2.706320
v -16.395903 22.788181 -0.951815
v -16.686733 22.833803 -0.976527
v -16.709547 22.052546 0.470037
v -16.418713 22.006920 0.496648
v -15.415053 28.180960 -2.559953
v -15.542413 27.156385 -2.706320
v -15.251576 27.110767 -2.681607
v -15.124219 28.135336 -2.533341
v -10.826347 35.307323 15.562960
v -9.073741 34.997486 15.063029
v -9.885414 33.081402 13.380758
v -11.273050 33.174553 13.399767
v -12.575150 33.678280 13.293318
v -12.556143 35.731228 14.994599
v -12.715813 30.775648 9.852741
v -10.820643 30.327042 10.001009
v -11.333877 29.201727 7.564091
v -12.556141 29.555286 7.448139
v -9.073741 34.997486 15.063029
v -8.661252 34.090763 12.844712
v -9.885414 33.081402 13.380758
v -10.541213 30.570353 9.814724
v -10.820643 30.327042 10.001009
v -12.556143 35.731228 14.994599
v -12.575150 33.678280 13.293318
v -13.284177 35.088722 12.770579
v -12.715813 30.775648 9.852741
v -12.915406 31.146317 9.698771
v -9.073741 34.997486 15.063029
v -10.826347 35.307323 15.562960
v -10.704693 35.824364 15.085839
v -9.231513 35.518330 14.669550
v -12.183570 36.139908 14.603021
v -12.556143 35.731228 14.994599
v -8.661252 34.090763 12.844712
v -9.073741 34.997486 15.063029
v -9.231513 35.518330 14.669550
v -8.980600 34.598305 12.551978
v -10.541213 30.570353 9.814724
v -8.661252 34.090763 12.844712
v -8.980600 34.598305 12.551978
v -10.875769 31.081688 9.544800
v -12.556143 35.731228 14.994599
v -13.284177 35.088722 12.770579
v -12.776641 35.423279 12.477846
v -12.183570 36.139908 14.603021
v -13.284177 35.088722 12.770579
v -12.915406 31.146317 9.698771
v -12.407871 31.499878 9.423143
v -12.776641 35.423279 12.477846
v -9.231513 35.518330 14.669550
v -11.022136 30.878298 9.514385
v -10.875769 31.081688 9.544800
v -8.980600 34.598305 12.551978
v -11.333877 29.201727 7.564091
v -10.820643 30.327042 10.001009
v -11.022136 30.878298 9.514385
v -11.141891 29.844221 7.246645
v -12.715813 30.775648 9.852741
v -12.556141 29.555286 7.448139
v -12.364151 30.199684 7.128793
v -12.179767 31.222351 9.398433
v -12.179767 31.222351 9.398433
v -12.407871 31.499878 9.423143
v -12.915406 31.146317 9.698771
v -12.715813 30.775648 9.852741
v -10.875769 31.081688 9.544800
v -11.022136 30.878298 9.514385
v -10.820643 30.327042 10.001009
v -10.541213 30.570353 9.814724
v -12.179767 31.222351 9.398433
v -12.364151 30.199684 7.128793
v -11.141891 29.844221 7.246645
v -11.022136 30.878298 9.514385
v -12.183570 36.139908 14.603021
v -10.704693 35.824364 15.085839
v -9.231513 35.518330 14.669550
v -12.179767 31.222351 9.398433
v -12.183570 36.139908 14.603021
v -12.776641 35.423279 12.477846
v -12.407871 31.499878 9.423143
v -13.877250 34.109776 0.893933
v -14.166181 33.149841 0.694340
v -13.862041 34.012829 0.677233
v -14.559663 32.895119 2.230245
v -15.040580 31.923773 1.525021
v -15.247776 30.840281 4.095000
v -16.048046 28.996431 2.538187
v -16.249537 28.342533 4.049378
v -15.770518 29.336687 4.910475
v -13.580711 33.967216 0.703845
v -13.869645 33.081402 0.719051
v -13.569306 34.067955 0.920545
v -14.266927 32.849499 2.256858
v -14.747847 31.878155 1.551633
v -15.757210 28.950813 2.564797
v -14.955040 30.794655 4.121613
v -15.475881 29.291067 4.935186
v -15.958703 28.296911 4.075991
v -14.559663 32.895119 2.230245
v -14.266927 32.849499 2.256858
v -14.955040 30.794655 4.121613
v -15.247776 30.840281 4.095000
v -13.877250 34.109776 0.893933
v -13.569306 34.067955 0.920545
v -15.475881 29.291067 4.935186
v -15.770518 29.336687 4.910475
v -16.249537 28.342533 4.049378
v -15.770518 29.336687 4.910475
v -15.475881 29.291067 4.935186
v -15.958703 28.296911 4.075991
v -13.869645 33.081402 0.719051
v -13.580711 33.967216 0.703845
v -13.862041 34.012829 0.677233
v -14.166181 33.149841 0.694340
v -13.869645 33.081402 0.719051
v -14.166181 33.149841 0.694340
v -14.747847 31.878155 1.551633
v -15.040580 31.923773 1.525021
v -15.757210 28.950813 2.564797
v -16.048046 28.996431 2.538187
v -16.048046 28.996431 2.538187
v -16.249537 28.342533 4.049378
v -15.757210 28.950813 2.564797
v -15.958703 28.296911 4.075991
v -13.877250 34.109776 0.893933
v -13.862041 34.012829 0.677233
v -13.580711 33.967216 0.703845
v -13.569306 34.067955 0.920545
v -13.236654 33.862663 -2.582762
v -13.552197 32.655609 -2.850786
v -13.232853 33.683983 -2.864092
v -13.997003 32.524448 -1.263558
v -14.373374 31.216652 -2.048617
v -14.776361 30.055216 -1.953574
v -16.774179 26.166035 0.169699
v -16.124081 28.869074 1.958420
v -16.662027 26.350420 3.192085
v -16.987076 25.111046 2.072472
v -12.943921 33.818939 -2.556150
v -12.940117 33.640263 -2.839381
v -13.259463 32.609989 -2.826075
v -13.704268 32.478828 -1.236945
v -14.080639 31.172932 -2.023906
v -14.481723 30.009598 -1.928863
v -15.833245 28.825350 1.983131
v -16.487146 26.120411 0.196312
v -16.371191 26.304796 3.218697
v -16.700045 25.065428 2.099084
v -16.124081 28.869074 1.958420
v -13.997003 32.524448 -1.263558
v -13.704268 32.478828 -1.236945
v -15.833245 28.825350 1.983131
v -13.236654 33.862663 -2.582762
v -12.943921 33.818939 -2.556150
v -16.662027 26.350420 3.192085
v -16.371191 26.304796 3.218697
v -16.987076 25.111046 2.072472
v -16.662027 26.350420 3.192085
v -16.371191 26.304796 3.218697
v -16.700045 25.065428 2.099084
v -13.259463 32.609989 -2.826075
v -12.940117 33.640263 -2.839381
v -13.232853 33.683983 -2.864092
v -13.552197 32.655609 -2.850786
v -14.373374 31.216652 -2.048617
v -14.080639 31.172932 -2.023906
v -13.259463 32.609989 -2.826075
v -13.552197 32.655609 -2.850786
v -14.776361 30.055216 -1.953574
v -14.481723 30.009598 -1.928863
v -16.774179 26.166035 0.169699
v -16.487146 26.120411 0.196312
v -13.236654 33.862663 -2.582762
v -13.232853 33.683983 -2.864092
v -12.940117 33.640263 -2.839381
v -12.943921 33.818939 -2.556150
v -16.774179 26.166035 0.169699
v -16.987076 25.111046 2.072472
v -16.700045 25.065428 2.099084
v -16.487146 26.120411 0.196312
v -14.361969 29.102882 -1.780594
v -14.529246 28.414764 -2.750041
v -9.864504 27.671522 -2.732931
v -9.889217 28.382450 -1.755883
v -9.889217 28.382450 -1.755883
v -9.864504 27.671522 -2.732931
v -8.902663 27.949049 -1.065867
v -9.410195 28.639065 -0.925202
v -8.248762 28.525013 3.760446
v -9.242919 31.256569 6.511008
v -8.843736 29.897446 5.984467
v -8.224051 24.535082 1.441383
v -9.697229 29.519171 7.993689
v -9.988062 30.893499 8.423285
v -9.242919 31.256569 6.511008
v -8.843736 29.897446 5.984467
v -9.417799 25.295431 3.845984
v -10.216166 26.624142 6.332326
v -11.130484 27.557472 8.697010
v -11.487848 24.704260 7.014740
v -8.224051 24.535082 1.441383
v -9.649703 24.297472 3.513333
v -9.602183 22.906036 2.349998
v -9.782765 20.514742 -0.056505
v -10.598241 20.624990 2.410827
v -12.540930 9.858447 -1.352902
v -11.541070 11.506501 -3.607334
v -12.723410 7.320782 -2.742439
v -12.126535 6.577543 -5.299111
v -12.122737 12.648928 -0.212379
v -12.981932 11.620555 0.572681
v -13.095984 10.607391 -0.029896
v -9.988062 30.893499 8.423285
v -9.697229 29.519171 7.993689
v -11.130484 27.557472 8.697010
v -11.326276 28.696096 8.763542
v -9.864504 27.671522 -2.732931
v -14.529246 28.414764 -2.750041
v -14.650899 26.171738 -3.379228
v -10.299805 25.470312 -3.375427
v -14.749748 23.065712 -3.371626
v -10.906182 22.430820 -3.396338
v -15.424557 12.810499 -5.913092
v -12.778541 12.352391 -5.998630
v -8.902663 27.949049 -1.065867
v -9.864504 27.671522 -2.732931
v -10.299805 25.470312 -3.375427
v -8.731585 24.958977 -1.590508
v -10.906182 22.430820 -3.396338
v -10.356827 21.761711 -1.989693
v -8.224051 24.535082 1.441383
v -9.782765 20.514742 -0.056505
v -12.778541 12.352391 -5.998630
v -11.964965 12.122385 -4.998773
v -11.541070 11.506501 -3.607334
v -12.189267 7.231443 -6.563190
v -12.126535 6.577543 -5.299111
v -8.902663 27.949049 -1.065867
v -8.731585 24.958977 -1.590508
v -8.224051 24.535082 1.441383
v -8.248762 28.525013 3.760446
v -14.361969 29.102882 -1.780594
v -14.799172 29.488760 -0.957517
v -15.308606 28.808245 -0.970823
v -14.529246 28.414764 -2.750041
v -15.445470 29.608515 3.711025
v -14.542550 32.111961 6.446380
v -15.044382 30.804161 5.885623
v -14.403789 30.330843 7.953770
v -13.782200 31.577812 8.377666
v -14.650899 26.171738 -3.379228
v -16.108871 26.040577 -1.366206
v -14.749748 23.065712 -3.371626
v -15.538609 22.590492 -1.963080
v -16.289454 25.956936 1.504112
v -16.110771 26.741999 4.123514
v -15.424557 12.810499 -5.913092
v -16.304659 12.831409 -4.920836
v -16.895830 12.367598 -3.510391
v -17.287407 7.965178 -6.470047
v -17.751221 7.351197 -5.173654
v -17.348232 7.942366 -2.628386
v -16.525158 10.518047 -1.238849
v -16.441523 23.430679 2.659840
v -16.342680 24.852531 3.652096
v -15.972008 14.209542 0.297056
v -13.782200 31.577812 8.377666
v -12.911602 29.100977 8.750236
v -13.386821 28.057402 8.689407
v -14.403789 30.330843 7.953770
v -11.130484 27.557472 8.697010
v -13.386821 28.057402 8.689407
v -12.911602 29.100977 8.750236
v -11.326276 28.696096 8.763542
v -13.386821 28.057402 8.689407
v -11.130484 27.557472 8.697010
v -11.487848 24.704260 7.014740
v -13.803110 25.048319 6.940606
v -13.386821 28.057402 8.689407
v -13.803110 25.048319 6.940606
v -14.692719 27.397800 6.381749
v -14.403789 30.330843 7.953770
v -16.110771 26.741999 4.123514
v -11.297762 24.322187 7.332184
v -9.864503 26.285788 6.495801
v -11.799588 12.468344 0.156391
v -12.995236 11.388651 1.101124
v -10.244678 20.455814 2.695957
v -9.301845 24.076975 3.773752
v -9.079443 25.046417 4.094999
v -9.260027 22.708347 2.631328
v -14.067331 24.734674 7.250447
v -11.297762 24.322187 7.332184
v -12.995236 11.388651 1.101124
v -15.612741 11.704194 1.108728
v -15.082397 27.156385 6.571836
v -14.067331 24.734674 7.250447
v -15.612741 11.704194 1.108728
v -16.291353 14.084085 0.690536
v -16.635414 24.708063 3.979046
v -16.738062 23.293816 2.994395
v -16.411112 26.550007 4.433356
v -15.407448 11.892378 0.551773
v -12.981932 11.620555 0.572681
v -13.095984 10.607391 -0.029896
v -15.508190 11.050292 0.061347
v -15.972008 14.209542 0.297056
v -15.407448 11.892378 0.551773
v -15.508190 11.050292 0.061347
v -16.525158 10.518047 -1.238849
v -11.487848 24.704260 7.014740
v -10.216166 26.624142 6.332326
v -9.864503 26.285788 6.495801
v -11.297762 24.322187 7.332184
v -13.803110 25.048319 6.940606
v -14.067331 24.734674 7.250447
v -14.692719 27.397800 6.381749
v -15.082397 27.156385 6.571836
v -12.122737 12.648928 -0.212379
v -12.981932 11.620555 0.572681
v -12.995236 11.388651 1.101124
v -11.799588 12.468344 0.156391
v -12.981932 11.620555 0.572681
v -15.407448 11.892378 0.551773
v -15.612741 11.704194 1.108728
v -12.995236 11.388651 1.101124
v -15.407448 11.892378 0.551773
v -15.972008 14.209542 0.297056
v -16.291353 14.084085 0.690536
v -15.612741 11.704194 1.108728
v -16.738062 23.293816 2.994395
v -16.441523 23.430679 2.659840
v -16.635414 24.708063 3.979046
v -16.342680 24.852531 3.652096
v -16.411112 26.550007 4.433356
v -16.110771 26.741999 4.123514
v -16.110771 26.741999 4.123514
v -14.692719 27.397800 6.381749
v -15.082397 27.156385 6.571836
v -16.411112 26.550007 4.433356
v -10.216166 26.624142 6.332326
v -9.417799 25.295431 3.845984
v -9.079443 25.046417 4.094999
v -9.864503 26.285788 6.495801
v -9.417799 25.295431 3.845984
v -9.649703 24.297472 3.513333
v -9.301845 24.076975 3.773752
v -9.079443 25.046417 4.094999
v -9.649703 24.297472 3.513333
v -9.602183 22.906036 2.349998
v -9.260027 22.708347 2.631328
v -9.301845 24.076975 3.773752
v -9.602183 22.906036 2.349998
v -10.598241 20.624990 2.410827
v -10.244678 20.455814 2.695957
v -9.260027 22.708347 2.631328
v -11.799588 12.468344 0.156391
v -12.122737 12.648928 -0.212379
v -14.799172 29.488760 -0.957517
v -13.217641 22.921244 4.258473
v -14.542550 32.111961 6.446380
v -13.782200 31.577812 8.377666
v -12.911602 29.100977 8.750236
v -9.988062 30.893499 8.423285
v -13.217641 22.921244 4.258473
v -9.242919 31.256569 6.511008
v -11.326276 28.696096 8.763542
v -9.410195 28.639065 -0.925202
v -14.361969 29.102882 -1.780594
v -13.217641 22.921244 4.258473
v -14.799172 29.488760 -0.957517
v -14.361969 29.102882 -1.780594
v -9.889217 28.382450 -1.755883
v -13.217641 22.921244 4.258473
v -13.217641 22.921244 4.258473
v -9.889217 28.382450 -1.755883
v -9.410195 28.639065 -0.925202
v -12.911602 29.100977 8.750236
v -13.217641 22.921244 4.258473
v -11.326276 28.696096 8.763542
v -12.778541 12.352391 -5.998630
v -12.405968 12.122386 -4.875217
v -11.964965 12.122385 -4.998773
v -13.095984 10.607391 -0.029896
v -15.508190 11.050292 0.061347
v -15.424557 12.810499 -5.913092
v -15.962501 12.755373 -4.778272
v -16.304659 12.831409 -4.920836
v -12.189267 7.231443 -6.563190
v -11.964965 12.122385 -4.998773
v -12.405968 12.122386 -4.875217
v -12.649278 7.242848 -6.519471
v -12.126535 6.577543 -5.299111
v -12.189267 7.231443 -6.563190
v -12.649278 7.242848 -6.519471
v -12.584648 6.623162 -5.339028
v -12.540930 9.858447 -1.352902
v -12.723410 7.320782 -2.742439
v -13.132098 7.393016 -2.858393
v -12.902092 9.983905 -1.533483
v -16.304659 12.831409 -4.920836
v -17.287407 7.965178 -6.470047
v -16.833096 7.898647 -6.403518
v -15.962501 12.755373 -4.778272
v -17.751221 7.351197 -5.173654
v -17.348232 7.942366 -2.628386
v -16.918636 7.942366 -2.742438
v -17.228477 7.324584 -5.209770
v -12.723410 7.320782 -2.742439
v -12.126535 6.577543 -5.299111
v -12.584648 6.623162 -5.339028
v -13.132098 7.393016 -2.858393
v -17.348232 7.942366 -2.628386
v -16.525158 10.518047 -1.238849
v -16.133579 10.576974 -1.419430
v -16.918636 7.942366 -2.742438
v -17.287407 7.965178 -6.470047
v -17.751221 7.351197 -5.173654
v -17.228477 7.324584 -5.209770
v -16.833096 7.898647 -6.403518
v -16.133579 10.576974 -1.419430
v -17.228477 7.324584 -5.209770
v -16.918636 7.942366 -2.742438
v -16.833096 7.898647 -6.403518
v -15.962501 12.755373 -4.778272
v -15.508190 11.050292 0.061347
v -12.405968 12.122386 -4.875217
v -12.902092 9.983905 -1.533483
v -12.584648 6.623162 -5.339028
v -12.649278 7.242848 -6.519471
v -13.095984 10.607391 -0.029896
v -13.132098 7.393016 -2.858393
v -13.095984 10.607391 -0.029896
v -12.540930 9.858447 -1.352902
v -12.902092 9.983905 -1.533483
v -15.508190 11.050292 0.061347
v -16.133579 10.576974 -1.419430
v -16.525158 10.518047 -1.238849
v -13.768899 35.187569 2.910758
v -13.993200 33.990025 2.638933
v -8.060578 32.881813 2.608517
v -7.836275 34.085068 2.882243
v -13.993200 33.990025 2.638933
v -14.145269 33.155537 3.511433
v -8.212647 32.043530 3.481019
v -8.060578 32.881813 2.608517
v -14.145269 33.155537 3.511433
v -14.073039 33.522408 4.659559
v -8.140413 32.414204 4.631047
v -8.212647 32.043530 3.481019
v -14.073039 33.522408 4.659559
v -13.848738 34.723763 4.933286
v -7.916112 33.619350 4.904771
v -8.140413 32.414204 4.631047
v -13.848738 34.723763 4.933286
v -13.696667 35.552540 4.058885
v -7.764042 34.451935 4.030370
v -7.916112 33.619350 4.904771
v -13.696667 35.552540 4.058885
v -13.768899 35.187569 2.910758
v -7.836275 34.085068 2.882243
v -7.764042 34.451935 4.030370
v -13.993200 33.990025 2.638933
v -13.768899 35.187569 2.910758
v -13.920968 34.356892 3.785158
v -14.145269 33.155537 3.511433
v -14.073039 33.522408 4.659559
v -13.848738 34.723763 4.933286
v -13.696667 35.552540 4.058885
v -7.836275 34.085068 2.882243
v -8.060578 32.881813 2.608517
v -7.988344 33.250584 3.756644
v -8.212647 32.043530 3.481019
v -8.140413 32.414204 4.631047
v -7.916112 33.619350 4.904771
v -7.764042 34.451935 4.030370
v 15.438010 28.399561 -2.303339
v 15.415201 28.180962 -2.559958
v 15.542560 27.156387 -2.706324
v 16.580437 23.940113 -1.181824
v 16.814243 25.004602 0.722850
v 16.686884 22.833805 -0.976530
v 16.721102 23.118935 1.429974
v 16.709696 22.052547 0.470034
v 15.145277 28.353939 -2.276726
v 15.249825 27.110769 -2.681612
v 15.122466 28.135340 -2.533345
v 16.525311 24.958979 0.749463
v 16.291504 23.894491 -1.157113
v 16.396051 22.788183 -0.951819
v 16.428368 23.073315 1.454685
v 16.416962 22.006922 0.496645
v 16.814243 25.004602 0.722850
v 16.721102 23.118935 1.429974
v 16.428368 23.073315 1.454685
v 16.525311 24.958979 0.749463
v 15.145277 28.353939 -2.276726
v 15.438010 28.399561 -2.303339
v 16.709696 22.052547 0.470034
v 16.416962 22.006922 0.496645
v 16.428368 23.073315 1.454685
v 16.721102 23.118935 1.429974
v 15.415201 28.180962 -2.559958
v 15.438010 28.399561 -2.303339
v 15.145277 28.353939 -2.276726
v 15.122466 28.135340 -2.533345
v 16.291504 23.894491 -1.157113
v 16.396051 22.788183 -0.951819
v 16.686884 22.833805 -0.976530
v 16.580437 23.940113 -1.181824
v 15.249825 27.110769 -2.681612
v 15.542560 27.156387 -2.706324
v 16.396051 22.788183 -0.951819
v 16.416962 22.006922 0.496645
v 16.709696 22.052547 0.470034
v 16.686884 22.833805 -0.976530
v 15.415201 28.180962 -2.559958
v 15.122466 28.135340 -2.533345
v 15.249825 27.110769 -2.681612
v 15.542560 27.156387 -2.706324
v 10.826493 35.307327 15.562960
v 11.273199 33.174557 13.399767
v 9.885560 33.081409 13.380758
v 9.073888 34.997494 15.063031
v 12.575295 33.678284 13.293318
v 12.556287 35.731232 14.994599
v 12.715961 30.775654 9.852741
v 10.820790 30.327049 10.001009
v 11.332127 29.201733 7.564090
v 12.556289 29.555292 7.448137
v 9.073888 34.997494 15.063031
v 9.885560 33.081409 13.380758
v 8.659498 34.090767 12.844712
v 10.541362 30.570358 9.814723
v 10.820790 30.327049 10.001009
v 12.556287 35.731232 14.994599
v 13.284321 35.088730 12.770578
v 12.575295 33.678284 13.293318
v 12.715961 30.775654 9.852741
v 12.915552 31.146322 9.698770
v 9.073888 34.997494 15.063031
v 9.231660 35.518333 14.669550
v 10.704836 35.824371 15.085839
v 10.826493 35.307327 15.562960
v 12.183715 36.139915 14.603021
v 12.556287 35.731232 14.994599
v 8.659498 34.090767 12.844712
v 8.980746 34.598309 12.551978
v 9.231660 35.518333 14.669550
v 9.073888 34.997494 15.063031
v 10.541362 30.570358 9.814723
v 10.875916 31.081694 9.544800
v 8.980746 34.598309 12.551978
v 8.659498 34.090767 12.844712
v 12.556287 35.731232 14.994599
v 12.183715 36.139915 14.603021
v 12.776788 35.423286 12.477844
v 13.284321 35.088730 12.770578
v 13.284321 35.088730 12.770578
v 12.776788 35.423286 12.477844
v 12.408019 31.499884 9.423142
v 12.915552 31.146322 9.698770
v 9.231660 35.518333 14.669550
v 8.980746 34.598309 12.551978
v 10.875916 31.081694 9.544800
v 11.020382 30.878304 9.514384
v 11.332127 29.201733 7.564090
v 11.140139 29.844225 7.246644
v 11.020382 30.878304 9.514384
v 10.820790 30.327049 10.001009
v 12.715961 30.775654 9.852741
v 12.179914 31.222357 9.398432
v 12.364302 30.199690 7.128791
v 12.556289 29.555292 7.448137
v 12.179914 31.222357 9.398432
v 12.715961 30.775654 9.852741
v 12.915552 31.146322 9.698770
v 12.408019 31.499884 9.423142
v 10.875916 31.081694 9.544800
v 10.541362 30.570358 9.814723
v 10.820790 30.327049 10.001009
v 11.020382 30.878304 9.514384
v 12.179914 31.222357 9.398432
v 11.020382 30.878304 9.514384
v 11.140139 29.844225 7.246644
v 12.364302 30.199690 7.128791
v 10.704836 35.824371 15.085839
v 12.183715 36.139915 14.603021
v 9.231660 35.518333 14.669550
v 12.179914 31.222357 9.398432
v 12.408019 31.499884 9.423142
v 12.776788 35.423286 12.477844
v 12.183715 36.139915 14.603021
v 13.877394 34.109779 0.893929
v 13.862187 34.012833 0.677229
v 14.166327 33.149841 0.694336
v 14.559810 32.895123 2.230242
v 15.040730 31.923777 1.525017
v 15.247923 30.840282 4.094998
v 16.048191 28.996433 2.538184
v 16.249683 28.342535 4.049376
v 15.768763 29.336691 4.910473
v 13.580857 33.967216 0.703842
v 13.569452 34.067959 0.920541
v 13.869792 33.081406 0.719047
v 14.267075 32.849503 2.256854
v 14.747995 31.878157 1.551630
v 15.757358 28.950815 2.564795
v 14.953289 30.794657 4.121611
v 15.476029 29.291069 4.935184
v 15.956950 28.296913 4.075989
v 14.559810 32.895123 2.230242
v 15.247923 30.840282 4.094998
v 14.953289 30.794657 4.121611
v 14.267075 32.849503 2.256854
v 13.877394 34.109779 0.893929
v 13.569452 34.067959 0.920541
v 15.476029 29.291069 4.935184
v 15.768763 29.336691 4.910473
v 16.249683 28.342535 4.049376
v 15.956950 28.296913 4.075989
v 15.476029 29.291069 4.935184
v 15.768763 29.336691 4.910473
v 13.869792 33.081406 0.719047
v 14.166327 33.149841 0.694336
v 13.862187 34.012833 0.677229
v 13.580857 33.967216 0.703842
v 13.869792 33.081406 0.719047
v 14.747995 31.878157 1.551630
v 14.166327 33.149841 0.694336
v 15.040730 31.923777 1.525017
v 15.757358 28.950815 2.564795
v 16.048191 28.996433 2.538184
v 16.048191 28.996433 2.538184
v 15.757358 28.950815 2.564795
v 16.249683 28.342535 4.049376
v 15.956950 28.296913 4.075989
v 13.877394 34.109779 0.893929
v 13.569452 34.067959 0.920541
v 13.580857 33.967216 0.703842
v 13.862187 34.012833 0.677229
v 13.236800 33.862663 -2.582767
v 13.232999 33.683987 -2.864097
v 13.552345 32.655613 -2.850791
v 13.995249 32.524452 -1.263562
v 14.373523 31.216656 -2.048622
v 14.776507 30.055218 -1.953578
v 16.772423 26.166037 0.169696
v 16.122324 28.869076 1.958417
v 16.662172 26.350422 3.192083
v 16.987223 25.111050 2.072469
v 12.944065 33.818943 -2.556155
v 13.259611 32.609993 -2.826079
v 12.940264 33.640266 -2.839386
v 13.704416 32.478832 -1.236949
v 14.080788 31.172934 -2.023911
v 14.481873 30.009600 -1.928867
v 15.833393 28.825354 1.983128
v 16.487293 26.120413 0.196309
v 16.371340 26.304798 3.218695
v 16.700191 25.065430 2.099082
v 16.122324 28.869076 1.958417
v 15.833393 28.825354 1.983128
v 13.704416 32.478832 -1.236949
v 13.995249 32.524452 -1.263562
v 13.236800 33.862663 -2.582767
v 12.944065 33.818943 -2.556155
v 16.662172 26.350422 3.192083
v 16.371340 26.304798 3.218695
v 16.987223 25.111050 2.072469
v 16.700191 25.065430 2.099082
v 16.371340 26.304798 3.218695
v 16.662172 26.350422 3.192083
v 13.259611 32.609993 -2.826079
v 13.552345 32.655613 -2.850791
v 13.232999 33.683987 -2.864097
v 12.940264 33.640266 -2.839386
v 14.373523 31.216656 -2.048622
v 13.552345 32.655613 -2.850791
v 13.259611 32.609993 -2.826079
v 14.080788 31.172934 -2.023911
v 14.776507 30.055218 -1.953578
v 14.481873 30.009600 -1.928867
v 16.772423 26.166037 0.169696
v 16.487293 26.120413 0.196309
v 13.236800 33.862663 -2.582767
v 12.944065 33.818943 -2.556155
v 12.940264 33.640266 -2.839386
v 13.232999 33.683987 -2.864097
v 16.772423 26.166037 0.169696
v 16.487293 26.120413 0.196309
v 16.700191 25.065430 2.099082
v 16.987223 25.111050 2.072469
v 14.362118 29.102884 -1.780598
v 9.889364 28.382452 -1.755887
v 9.864655 27.671524 -2.732936
v 14.529394 28.414768 -2.750045
v 9.889364 28.382452 -1.755887
v 9.410344 28.639069 -0.925206
v 8.902811 27.949051 -1.065871
v 9.864655 27.671524 -2.732936
v 8.248911 28.525017 3.760444
v 9.243067 31.256575 6.511006
v 8.843884 29.897448 5.984465
v 8.224201 24.535084 1.441380
v 9.697376 29.519176 7.993688
v 8.843884 29.897448 5.984465
v 9.243067 31.256575 6.511006
v 9.988210 30.893505 8.423285
v 9.417950 25.295435 3.845982
v 10.216314 26.624146 6.332325
v 11.130633 27.557478 8.697010
v 11.488000 24.704266 7.014738
v 8.224201 24.535084 1.441380
v 9.649856 24.297474 3.513330
v 9.602334 22.906038 2.349996
v 9.782917 20.514744 -0.056508
v 10.598392 20.624992 2.410825
v 12.541083 9.858451 -1.352903
v 11.541224 11.506506 -3.607337
v 12.723569 7.320787 -2.742441
v 12.126694 6.577548 -5.299115
v 12.122892 12.648932 -0.212380
v 12.982087 11.620558 0.572680
v 13.096138 10.607395 -0.029897
v 9.988210 30.893505 8.423285
v 11.326423 28.696100 8.763541
v 11.130633 27.557478 8.697010
v 9.697376 29.519176 7.993688
v 9.864655 27.671524 -2.732936
v 10.299954 25.470314 -3.375431
v 14.651050 26.171740 -3.379232
v 14.529394 28.414768 -2.750045
v 14.749897 23.065714 -3.371630
v 10.906333 22.430822 -3.396342
v 15.424706 12.810503 -5.913095
v 12.778693 12.352394 -5.998633
v 8.902811 27.949051 -1.065871
v 8.731734 24.958979 -1.590512
v 10.299954 25.470314 -3.375431
v 9.864655 27.671524 -2.732936
v 10.906333 22.430822 -3.396342
v 10.356980 21.761713 -1.989697
v 8.224201 24.535084 1.441380
v 9.782917 20.514744 -0.056508
v 12.778693 12.352394 -5.998633
v 11.965120 12.122389 -4.998776
v 11.541224 11.506506 -3.607337
v 12.189424 7.231448 -6.563194
v 12.126694 6.577548 -5.299115
v 8.902811 27.949051 -1.065871
v 8.248911 28.525017 3.760444
v 8.224201 24.535084 1.441380
v 8.731734 24.958979 -1.590512
v 14.362118 29.102884 -1.780598
v 14.529394 28.414768 -2.750045
v 15.308751 28.808247 -0.970827
v 14.799318 29.488762 -0.957521
v 15.445615 29.608519 3.711022
v 14.542699 32.111965 6.446377
v 15.044531 30.804163 5.885620
v 14.403934 30.330849 7.953768
v 13.782351 31.577820 8.377664
v 14.651050 26.171740 -3.379232
v 16.109020 26.040579 -1.366209
v 14.749897 23.065714 -3.371630
v 15.538757 22.590494 -1.963084
v 16.289604 25.956938 1.504109
v 16.110920 26.742001 4.123512
v 15.424706 12.810503 -5.913095
v 16.304811 12.831414 -4.920840
v 16.895981 12.367604 -3.510394
v 17.285660 7.965185 -6.470052
v 17.751377 7.351203 -5.173657
v 17.348389 7.942373 -2.628388
v 16.525312 10.518056 -1.238851
v 16.441673 23.430681 2.659838
v 16.342827 24.852533 3.652094
v 15.972159 14.209548 0.297054
v 13.782351 31.577820 8.377664
v 14.403934 30.330849 7.953768
v 13.386969 28.057407 8.689406
v 12.911750 29.100983 8.750235
v 11.130633 27.557478 8.697010
v 11.326423 28.696100 8.763541
v 12.911750 29.100983 8.750235
v 13.386969 28.057407 8.689406
v 13.386969 28.057407 8.689406
v 13.801362 25.048325 6.940604
v 11.488000 24.704266 7.014738
v 11.130633 27.557478 8.697010
v 13.386969 28.057407 8.689406
v 14.403934 30.330849 7.953768
v 14.690969 27.397802 6.381747
v 13.801362 25.048325 6.940604
v 16.110920 26.742001 4.123512
v 11.296011 24.322191 7.332183
v 12.995392 11.388655 1.101123
v 11.799745 12.468347 0.156389
v 9.864654 26.285793 6.495799
v 10.244828 20.455816 2.695956
v 9.301996 24.076977 3.773750
v 9.079593 25.046419 4.094997
v 9.260177 22.708349 2.631326
v 14.065582 24.734680 7.250446
v 15.612895 11.704199 1.108727
v 12.995392 11.388655 1.101123
v 11.296011 24.322191 7.332183
v 15.080647 27.156391 6.571835
v 16.291506 14.084091 0.690535
v 15.612895 11.704199 1.108727
v 14.065582 24.734680 7.250446
v 16.635561 24.708065 3.979044
v 16.738209 23.293818 2.994393
v 16.411257 26.550009 4.433354
v 15.407599 11.892383 0.551771
v 15.508347 11.050297 0.061346
v 13.096138 10.607395 -0.029897
v 12.982087 11.620558 0.572680
v 15.972159 14.209548 0.297054
v 16.525312 10.518056 -1.238851
v 15.508347 11.050297 0.061346
v 15.407599 11.892383 0.551771
v 11.488000 24.704266 7.014738
v 11.296011 24.322191 7.332183
v 9.864654 26.285793 6.495799
v 10.216314 26.624146 6.332325
v 13.801362 25.048325 6.940604
v 14.065582 24.734680 7.250446
v 14.690969 27.397802 6.381747
v 15.080647 27.156391 6.571835
v 12.122892 12.648932 -0.212380
v 11.799745 12.468347 0.156389
v 12.995392 11.388655 1.101123
v 12.982087 11.620558 0.572680
v 12.982087 11.620558 0.572680
v 12.995392 11.388655 1.101123
v 15.612895 11.704199 1.108727
v 15.407599 11.892383 0.551771
v 15.407599 11.892383 0.551771
v 15.612895 11.704199 1.108727
v 16.291506 14.084091 0.690535
v 15.972159 14.209548 0.297054
v 16.738209 23.293818 2.994393
v 16.441673 23.430681 2.659838
v 16.635561 24.708065 3.979044
v 16.342827 24.852533 3.652094
v 16.411257 26.550009 4.433354
v 16.110920 26.742001 4.123512
v 16.110920 26.742001 4.123512
v 16.411257 26.550009 4.433354
v 15.080647 27.156391 6.571835
v 14.690969 27.397802 6.381747
v 10.216314 26.624146 6.332325
v 9.864654 26.285793 6.495799
v 9.079593 25.046419 4.094997
v 9.417950 25.295435 3.845982
v 9.417950 25.295435 3.845982
v 9.079593 25.046419 4.094997
v 9.301996 24.076977 3.773750
v 9.649856 24.297474 3.513330
v 9.649856 24.297474 3.513330
v 9.301996 24.076977 3.773750
v 9.260177 22.708349 2.631326
v 9.602334 22.906038 2.349996
v 9.602334 22.906038 2.349996
v 9.260177 22.708349 2.631326
v 10.244828 20.455816 2.695956
v 10.598392 20.624992 2.410825
v 11.799745 12.468347 0.156389
v 12.122892 12.648932 -0.212380
v 14.799318 29.488762 -0.957521
v 14.542699 32.111965 6.446377
v 13.217793 22.921246 4.258472
v 13.782351 31.577820 8.377664
v 12.911750 29.100983 8.750235
v 9.988210 30.893505 8.423285
v 9.243067 31.256575 6.511006
v 13.217793 22.921246 4.258472
v 11.326423 28.696100 8.763541
v 9.410344 28.639069 -0.925206
v 14.362118 29.102884 -1.780598
v 14.799318 29.488762 -0.957521
v 13.217793 22.921246 4.258472
v 14.362118 29.102884 -1.780598
v 13.217793 22.921246 4.258472
v 9.889364 28.382452 -1.755887
v 13.217793 22.921246 4.258472
v 9.410344 28.639069 -0.925206
v 9.889364 28.382452 -1.755887
v 12.911750 29.100983 8.750235
v 11.326423 28.696100 8.763541
v 13.217793 22.921246 4.258472
v 12.778693 12.352394 -5.998633
v 11.965120 12.122389 -4.998776
v 12.406121 12.122389 -4.875221
v 13.096138 10.607395 -0.029897
v 15.508347 11.050297 0.061346
v 15.424706 12.810503 -5.913095
v 15.962655 12.755378 -4.778275
v 16.304811 12.831414 -4.920840
v 12.189424 7.231448 -6.563194
v 12.649434 7.242852 -6.519475
v 12.406121 12.122389 -4.875221
v 11.965120 12.122389 -4.998776
v 12.126694 6.577548 -5.299115
v 12.584805 6.623167 -5.339032
v 12.649434 7.242852 -6.519475
v 12.189424 7.231448 -6.563194
v 12.541083 9.858451 -1.352903
v 12.902249 9.983911 -1.533485
v 13.132256 7.393021 -2.858395
v 12.723569 7.320787 -2.742441
v 16.304811 12.831414 -4.920840
v 15.962655 12.755378 -4.778275
v 16.833254 7.898653 -6.403522
v 17.285660 7.965185 -6.470052
v 17.751377 7.351203 -5.173657
v 17.228634 7.324591 -5.209774
v 16.918795 7.942373 -2.742441
v 17.348389 7.942373 -2.628388
v 12.723569 7.320787 -2.742441
v 13.132256 7.393021 -2.858395
v 12.584805 6.623167 -5.339032
v 12.126694 6.577548 -5.299115
v 17.348389 7.942373 -2.628388
v 16.918795 7.942373 -2.742441
v 16.133732 10.576982 -1.419433
v 16.525312 10.518056 -1.238851
v 17.285660 7.965185 -6.470052
v 16.833254 7.898653 -6.403522
v 17.228634 7.324591 -5.209774
v 17.751377 7.351203 -5.173657
v 16.133732 10.576982 -1.419433
v 16.918795 7.942373 -2.742441
v 17.228634 7.324591 -5.209774
v 16.833254 7.898653 -6.403522
v 15.962655 12.755378 -4.778275
v 15.508347 11.050297 0.061346
v 12.406121 12.122389 -4.875221
v 12.649434 7.242852 -6.519475
v 12.584805 6.623167 -5.339032
v 12.902249 9.983911 -1.533485
v 13.096138 10.607395 -0.029897
v 13.132256 7.393021 -2.858395
v 13.096138 10.607395 -0.029897
v 12.902249 9.983911 -1.533485
v 12.541083 9.858451 -1.352903
v 15.508347 11.050297 0.061346
v 16.525312 10.518056 -1.238851
v 16.133732 10.576982 -1.419433
v 13.769043 35.187572 2.910755
v 7.836421 34.085072 2.882240
v 8.060725 32.881817 2.608515
v 13.993347 33.990025 2.638930
v 13.993347 33.990025 2.638930
v 8.060725 32.881817 2.608515
v 8.212794 32.043533 3.481016
v 14.145418 33.155540 3.511430
v 14.145418 33.155540 3.511430
v 8.212794 32.043533 3.481016
v 8.140561 32.414204 4.631044
v 14.073184 33.522411 4.659557
v 14.073184 33.522411 4.659557
v 8.140561 32.414204 4.631044
v 7.916258 33.619354 4.904768
v 13.848881 34.723766 4.933283
v 13.848881 34.723766 4.933283
v 7.916258 33.619354 4.904768
v 7.764188 34.451939 4.030367
v 13.696810 35.552544 4.058881
v 13.696810 35.552544 4.058881
v 7.764188 34.451939 4.030367
v 7.836421 34.085072 2.882240
v 13.769043 35.187572 2.910755
v 13.993347 33.990025 2.638930
v 13.921114 34.356895 3.785155
v 13.769043 35.187572 2.910755
v 14.145418 33.155540 3.511430
v 14.073184 33.522411 4.659557
v 13.848881 34.723766 4.933283
v 13.696810 35.552544 4.058881
v 7.836421 34.085072 2.882240
v 7.988491 33.250587 3.756641
v 8.060725 32.881817 2.608515
v 8.212794 32.043533 3.481016
v 8.140561 32.414204 4.631044
v 7.916258 33.619354 4.904768
v 7.764188 34.451939 4.030367
v -12.369845 10.554163 1.028893
v -13.048454 4.492283 6.060501
v -17.821543 4.593029 5.974963
v -17.428066 10.692924 1.129640
v -12.088514 3.408786 3.853588
v -13.048454 4.492283 6.060501
v -12.369845 10.554163 1.028893
v -11.721649 5.900829 0.089862
v -11.603793 7.919556 -2.257715
v -11.556270 6.488200 -1.558196
v -17.428066 10.692924 1.129640
v -17.821543 4.593029 5.974963
v -18.273951 3.465811 3.595070
v -18.348085 5.355278 0.848310
v -17.842455 8.455601 -2.075231
v -18.017336 6.440677 -1.719768
v -13.329783 3.931526 5.258334
v -17.454678 4.247070 5.328667
v -17.821543 4.593029 5.974963
v -13.048454 4.492283 6.060501
v -12.765224 3.290932 3.739535
v -12.088514 3.408786 3.853588
v -18.273951 3.465811 3.595070
v -17.353931 3.422091 3.688212
v -16.947145 10.339362 0.473838
v -12.820352 10.004810 0.224823
v -12.369845 10.554163 1.028893
v -17.428066 10.692924 1.129640
v -11.603793 7.919556 -2.257715
v -12.584646 7.856827 -2.396479
v -16.823589 8.373862 -1.917459
v -17.842455 8.455601 -2.075231
v -12.584646 7.856827 -2.396479
v -12.518116 6.404562 -1.691257
v -11.556270 6.488200 -1.558196
v -11.603793 7.919556 -2.257715
v -12.518116 6.404562 -1.691257
v -12.675889 5.800084 -0.041300
v -11.721649 5.900829 0.089862
v -11.556270 6.488200 -1.558196
v -12.088514 3.408786 3.853588
v -12.765224 3.290932 3.739535
v -17.353931 3.422091 3.688212
v -17.403353 5.302054 0.945255
v -18.348085 5.355278 0.848310
v -18.273951 3.465811 3.595070
v -18.017336 6.440677 -1.719768
v -17.061195 6.370344 -1.619022
v -17.061195 6.370344 -1.619022
v -16.823589 8.373862 -1.917459
v -17.842455 8.455601 -2.075231
v -18.017336 6.440677 -1.719768
v -13.335489 2.576205 8.816762
v -17.665676 2.739679 8.862385
v -17.831051 4.499886 6.075707
v -12.877379 4.172937 6.031988
v -17.665676 2.739679 8.862385
v -17.979321 1.517416 6.389350
v -18.190313 1.637173 3.423990
v -17.831051 4.499886 6.075707
v -18.144695 0.152592 4.862949
v -18.123785 0.156393 6.284802
v -12.892587 1.481302 3.450603
v -12.865974 1.559238 6.290504
v -13.335489 2.576205 8.816762
v -12.877379 4.172937 6.031988
v -13.172014 0.148790 6.098516
v -13.173913 0.144989 4.771707
v -13.626324 2.332893 8.371959
v -16.979460 2.357603 8.478410
v -17.665676 2.739679 8.862385
v -13.335489 2.576205 8.816762
v -17.979321 1.517416 6.389350
v -17.201860 1.802547 6.550925
v -13.738472 1.572544 6.549023
v -12.865974 1.559238 6.290504
v -16.931940 3.982849 5.686028
v -13.493259 3.515234 5.686028
v -12.877379 4.172937 6.031988
v -17.831051 4.499886 6.075707
v -17.460379 1.728414 3.536140
v -18.190313 1.637173 3.423990
v -12.892587 1.481302 3.450603
v -13.519872 1.262702 3.467709
v -17.201860 1.802547 6.550925
v -17.618153 0.144988 6.294307
v -18.123785 0.156393 6.284802
v -17.979321 1.517416 6.389350
v -17.618153 0.144988 6.294307
v -17.650469 0.141185 4.832535
v -18.144695 0.152592 4.862949
v -18.123785 0.156393 6.284802
v -17.650469 0.141185 4.832535
v -17.460379 1.728414 3.536140
v -18.190313 1.637173 3.423990
v -18.144695 0.152592 4.862949
v -13.839220 0.133584 6.161245
v -13.738472 1.572544 6.549023
v -12.865974 1.559238 6.290504
v -13.172014 0.148790 6.098516
v -13.519872 1.262702 3.467709
v -13.810708 0.129781 4.781212
v -13.173913 0.144989 4.771707
v -12.892587 1.481302 3.450603
v -13.810708 0.129781 4.781212
v -13.839220 0.133584 6.161245
v -13.172014 0.148790 6.098516
v -13.173913 0.144989 4.771707
v -17.804436 1.884287 -1.541087
v -17.163843 1.762632 -8.532495
v -17.061195 6.370344 -1.619022
v -17.403353 5.302054 0.945255
v -16.717140 4.294594 -8.943083
v -16.823589 8.373862 -1.917459
v -15.924480 8.706517 -6.515669
v -16.029028 9.917373 -1.600014
v -16.947145 10.339362 0.473838
v -17.353931 3.422091 3.688212
v -17.460379 1.728414 3.536140
v -16.931940 3.982849 5.686028
v -17.454678 4.247070 5.328667
v -13.744184 31.691872 0.734259
v -13.985597 29.344292 7.604010
v -12.928712 33.986217 5.571977
v -13.149212 32.743042 7.946167
v -12.014393 36.181725 6.045295
v -12.578952 35.731220 10.099854
v -12.299522 35.056400 5.720246
v -11.366195 42.101040 8.681805
v -11.957365 39.865608 10.472424
v -11.793889 37.046619 5.832397
v -11.178011 42.722630 6.558530
v -11.537274 41.236149 4.693775
v -11.761576 37.409683 4.853448
v -11.831908 39.844700 3.878299
v -11.850919 37.052319 4.129216
v -12.584646 7.856827 -2.396479
v -12.820352 10.004810 0.224823
v -12.964821 9.552407 -1.427034
v -13.046560 8.206588 -6.536580
v -13.390614 4.178641 -9.003912
v -13.078871 1.707506 -8.671259
v -12.518116 6.404562 -1.691257
v -12.951509 1.623869 -1.588610
v -12.675889 5.800084 -0.041300
v -12.765224 3.290932 3.739535
v -13.519872 1.262702 3.467709
v -13.493259 3.515234 5.686028
v -13.329783 3.931526 5.258334
v -10.410053 28.893784 7.731369
v -9.404494 30.724321 1.564939
v -10.446172 32.292538 8.012696
v -9.801775 33.484390 5.590985
v -9.387387 35.670395 6.284805
v -9.862605 35.392864 10.168284
v -8.625137 41.916653 8.581058
v -9.241020 39.531067 10.542756
v -9.163083 36.628429 5.862810
v -8.651751 42.431793 6.628862
v -9.068041 40.930099 4.762206
v -9.330361 36.890747 4.921879
v -9.377883 39.464523 3.948632
v -9.412098 36.611320 4.197646
v -9.855001 35.432781 3.555151
v -12.820352 10.004810 0.224823
v -16.947145 10.339362 0.473838
v -16.029028 9.917373 -1.600014
v -12.964821 9.552407 -1.427034
v -13.046560 8.206588 -6.536580
v -15.924480 8.706517 -6.515669
v -16.717140 4.294594 -8.943083
v -13.390614 4.178641 -9.003912
v -9.988062 30.939125 0.017630
v -12.630273 31.610125 -0.533624
v -13.390614 4.178641 -9.003912
v -16.717140 4.294594 -8.943083
v -17.163843 1.762632 -8.532495
v -13.078871 1.707506 -8.671259
v -13.078871 1.707506 -8.671259
v -17.163843 1.762632 -8.532495
v -17.103016 0.150692 -7.986945
v -13.189119 0.144991 -8.066781
v -13.189119 0.144991 -8.066781
v -17.103016 0.150692 -7.986945
v -17.736006 0.158296 -3.065587
v -13.120690 0.146892 -3.153027
v -13.120690 0.146892 -3.153027
v -17.736006 0.158296 -3.065587
v -17.804436 1.884287 -1.541087
v -12.951509 1.623869 -1.588610
v -12.951509 1.623869 -1.588610
v -17.804436 1.884287 -1.541087
v -17.460379 1.728414 3.536140
v -13.519872 1.262702 3.467709
v -13.519872 1.262702 3.467709
v -17.460379 1.728414 3.536140
v -17.650469 0.141185 4.832535
v -13.810708 0.129781 4.781212
v -13.810708 0.129781 4.781212
v -17.650469 0.141185 4.832535
v -17.618153 0.144988 6.294307
v -13.839220 0.133584 6.161245
v -17.163843 1.762632 -8.532495
v -17.804436 1.884287 -1.541087
v -17.736006 0.158296 -3.065587
v -17.103016 0.150692 -7.986945
v -12.951509 1.623869 -1.588610
v -13.078871 1.707506 -8.671259
v -13.189119 0.144991 -8.066781
v -13.120690 0.146892 -3.153027
v -13.805004 0.143087 10.381180
v -17.469885 0.146889 10.445810
v -17.517405 2.313883 9.791911
v -13.850625 2.249254 9.727282
v -13.850625 2.249254 9.727282
v -17.517405 2.313883 9.791911
v -16.979460 2.357603 8.478410
v -13.626324 2.332893 8.371959
v -17.469885 0.146889 10.445810
v -13.805004 0.143087 10.381180
v -13.839220 0.133584 6.161245
v -17.618153 0.144988 6.294307
v -17.517405 2.313883 9.791911
v -17.469885 0.146889 10.445810
v -17.618153 0.144988 6.294307
v -16.979460 2.357603 8.478410
v -17.298805 1.709405 6.644066
v -13.839220 0.133584 6.161245
v -13.805004 0.143087 10.381180
v -13.850625 2.249254 9.727282
v -13.626324 2.332893 8.371959
v -13.738472 1.572544 6.549023
v -13.493259 3.515234 5.686028
v -16.931940 3.982849 5.686028
v -17.454678 4.247070 5.328667
v -13.329783 3.931526 5.258334
v -11.957365 39.865608 10.472424
v -9.241020 39.531067 10.542756
v -9.862605 35.392864 10.168284
v -12.578952 35.731220 10.099854
v -12.578952 35.731220 10.099854
v -9.862605 35.392864 10.168284
v -10.446172 32.292538 8.012696
v -13.149212 32.743042 7.946167
v -9.596482 34.611599 5.786774
v -10.269390 34.271347 4.948492
v -9.801775 33.484390 5.590985
v -12.565644 35.818657 3.484819
v -9.855001 35.432781 3.555151
v -9.377883 39.464523 3.948632
v -11.831908 39.844700 3.878299
v -9.068041 40.930099 4.762206
v -11.537274 41.236149 4.693775
v -11.178011 42.722630 6.558530
v -8.651751 42.431793 6.628862
v -11.178011 42.722630 6.558530
v -8.651751 42.431793 6.628862
v -8.625137 41.916653 8.581058
v -11.366195 42.101040 8.681805
v -12.630273 31.610125 -0.533624
v -12.453496 34.647720 4.897169
v -12.928712 33.986217 5.571977
v -13.744184 31.691872 0.734259
v -12.299522 35.056400 5.720246
v -12.964821 9.552407 -1.427034
v -16.029028 9.917373 -1.600014
v -13.985597 29.344292 7.604010
v -10.410053 28.893784 7.731369
v -13.149212 32.743042 7.946167
v -10.446172 32.292538 8.012696
v -9.988062 30.939125 0.017630
v -13.046560 8.206588 -6.536580
v -9.404494 30.724321 1.564939
v -8.090991 34.322674 5.868514
v -7.994046 34.183907 4.631046
v -13.810719 35.206573 4.412444
v -9.596482 34.611599 5.786774
v -12.299522 35.056400 5.720246
v -13.909562 35.385262 5.649912
v -11.793889 37.046619 5.832397
v -12.014393 36.181725 6.045295
v -13.687160 36.468754 5.982567
v -13.485668 37.331749 5.771569
v -12.014393 36.181725 6.045295
v -12.299522 35.056400 5.720246
v -13.909562 35.385262 5.649912
v -13.687160 36.468754 5.982567
v -12.565644 35.818657 3.484819
v -11.850919 37.052319 4.129216
v -13.455254 37.337448 3.979045
v -13.594018 36.138000 3.538044
v -13.407730 37.694813 4.786917
v -11.761576 37.409683 4.853448
v -11.793889 37.046619 5.832397
v -13.485668 37.331749 5.771569
v -9.412098 36.611320 4.197646
v -9.855001 35.432781 3.555151
v -7.870490 35.035496 4.049378
v -7.642385 36.324284 4.279383
v -9.596482 34.611599 5.786774
v -9.387387 35.670395 6.284805
v -7.870491 35.451794 6.203067
v -8.090991 34.322674 5.868514
v -9.387387 35.670395 6.284805
v -9.163083 36.628429 5.862810
v -7.739330 36.341400 5.954052
v -7.870491 35.451794 6.203067
v -7.594862 36.603718 5.009318
v -9.330361 36.890747 4.921879
v -9.412098 36.611320 4.197646
v -7.642385 36.324284 4.279383
v -11.831908 39.844700 3.878299
v -11.850919 37.052319 4.129216
v -12.565644 35.818657 3.484819
v -9.387387 35.670395 6.284805
v -9.596482 34.611599 5.786774
v -9.801775 33.484390 5.590985
v -7.994046 34.183907 4.631046
v -7.870490 35.035496 4.049378
v -9.855001 35.432781 3.555151
v -12.565644 35.818657 3.484819
v -13.810719 35.206573 4.412444
v -13.594018 36.138000 3.538044
v -12.630273 31.610125 -0.533624
v -13.744184 31.691872 0.734259
v -15.924480 8.706517 -6.515669
v -10.269390 34.271347 4.948492
v -9.988062 30.939125 0.017630
v -9.404494 30.724321 1.564939
v -9.801775 33.484390 5.590985
v -9.988062 30.939125 0.017630
v -10.269390 34.271347 4.948492
v -12.453496 34.647720 4.897169
v -12.630273 31.610125 -0.533624
v -12.299522 35.056400 5.720246
v -9.596482 34.611599 5.786774
v -13.407730 37.694813 4.786917
v -13.485668 37.331749 5.771569
v -13.654845 36.501068 4.921880
v -13.687160 36.468754 5.982567
v -13.909562 35.385262 5.649912
v -13.810719 35.206573 4.412444
v -13.594018 36.138000 3.538044
v -13.455254 37.337448 3.979045
v -7.594862 36.603718 5.009318
v -7.642385 36.324284 4.279383
v -7.838176 35.484108 5.142380
v -7.870490 35.035496 4.049378
v -7.994046 34.183907 4.631046
v -8.090991 34.322674 5.868514
v -7.870491 35.451794 6.203067
v -7.739330 36.341400 5.954052
v -13.407730 37.694813 4.786917
v -13.455254 37.337448 3.979045
v -11.850919 37.052319 4.129216
v -11.761576 37.409683 4.853448
v -7.594862 36.603718 5.009318
v -7.739330 36.341400 5.954052
v -9.163083 36.628429 5.862810
v -9.330361 36.890747 4.921879
v -11.957365 39.865608 10.472424
v -11.366195 42.101040 8.681805
v -8.625137 41.916653 8.581058
v -9.241020 39.531067 10.542756
v 12.370004 10.554172 1.028891
v 17.428223 10.692935 1.129638
v 17.821705 4.593039 5.974963
v 13.048615 4.492290 6.060501
v 12.370004 10.554172 1.028891
v 13.048615 4.492290 6.060501
v 12.086776 3.408793 3.853588
v 11.721807 5.900836 0.089860
v 11.603951 7.919563 -2.257718
v 11.556430 6.488207 -1.558198
v 18.274113 3.465820 3.595070
v 17.821705 4.593039 5.974963
v 17.428223 10.692935 1.129638
v 18.348248 5.355287 0.848308
v 17.842613 8.455610 -2.075234
v 18.017494 6.440686 -1.719771
v 13.329944 3.931534 5.258334
v 13.048615 4.492290 6.060501
v 17.821705 4.593039 5.974963
v 17.454836 4.247080 5.328667
v 12.765386 3.290939 3.739535
v 12.086776 3.408793 3.853588
v 18.274113 3.465820 3.595070
v 17.354092 3.422100 3.688212
v 16.947304 10.339373 0.473836
v 17.428223 10.692935 1.129638
v 12.370004 10.554172 1.028891
v 12.820511 10.004818 0.224821
v 11.603951 7.919563 -2.257718
v 12.584804 7.856834 -2.396481
v 16.823748 8.373871 -1.917462
v 17.842613 8.455610 -2.075234
v 12.584804 7.856834 -2.396481
v 11.603951 7.919563 -2.257718
v 11.556430 6.488207 -1.558198
v 12.518271 6.404569 -1.691259
v 12.518271 6.404569 -1.691259
v 11.556430 6.488207 -1.558198
v 11.721807 5.900836 0.089860
v 12.676044 5.800090 -0.041301
v 12.086776 3.408793 3.853588
v 12.765386 3.290939 3.739535
v 17.354092 3.422100 3.688212
v 18.274113 3.465820 3.595070
v 18.348248 5.355287 0.848308
v 17.403513 5.302063 0.945253
v 18.017494 6.440686 -1.719771
v 17.059456 6.370352 -1.619025
v 17.059456 6.370352 -1.619025
v 18.017494 6.440686 -1.719771
v 17.842613 8.455610 -2.075234
v 16.823748 8.373871 -1.917462
v 13.335648 2.576213 8.816764
v 12.877536 4.172946 6.031986
v 17.831211 4.499896 6.075706
v 17.665836 2.739689 8.862385
v 17.665836 2.739689 8.862385
v 17.831211 4.499896 6.075706
v 18.190475 1.637182 3.423989
v 17.979477 1.517426 6.389350
v 18.144854 0.152601 4.862949
v 18.123945 0.156402 6.284803
v 12.892744 1.481308 3.450602
v 12.877536 4.172946 6.031986
v 13.335648 2.576213 8.816764
v 12.866131 1.559245 6.290505
v 13.172173 0.148798 6.098516
v 13.174072 0.144996 4.771707
v 13.626482 2.332901 8.371960
v 13.335648 2.576213 8.816764
v 17.665836 2.739689 8.862385
v 16.979620 2.357613 8.478410
v 17.979477 1.517426 6.389350
v 17.202021 1.802557 6.550924
v 13.738632 1.572552 6.549024
v 12.866131 1.559245 6.290505
v 16.932098 3.982859 5.686027
v 17.831211 4.499896 6.075706
v 12.877536 4.172946 6.031986
v 13.493420 3.515242 5.686027
v 17.460539 1.728423 3.536140
v 18.190475 1.637182 3.423989
v 12.892744 1.481308 3.450602
v 13.520033 1.262709 3.467709
v 17.202021 1.802557 6.550924
v 17.979477 1.517426 6.389350
v 18.123945 0.156402 6.284803
v 17.618311 0.144998 6.294307
v 17.618311 0.144998 6.294307
v 18.123945 0.156402 6.284803
v 18.144854 0.152601 4.862949
v 17.650627 0.141194 4.832535
v 17.650627 0.141194 4.832535
v 18.144854 0.152601 4.862949
v 18.190475 1.637182 3.423989
v 17.460539 1.728423 3.536140
v 13.839379 0.133592 6.161246
v 13.172173 0.148798 6.098516
v 12.866131 1.559245 6.290505
v 13.738632 1.572552 6.549024
v 13.520033 1.262709 3.467709
v 12.892744 1.481308 3.450602
v 13.174072 0.144996 4.771707
v 13.810866 0.129789 4.781212
v 13.810866 0.129789 4.781212
v 13.174072 0.144996 4.771707
v 13.172173 0.148798 6.098516
v 13.839379 0.133592 6.161246
v 17.804600 1.884294 -1.541088
v 17.403513 5.302063 0.945253
v 17.059456 6.370352 -1.619025
v 17.164005 1.762637 -8.532498
v 16.717300 4.294600 -8.943087
v 16.823748 8.373871 -1.917462
v 15.924638 8.706522 -6.515673
v 16.029184 9.917379 -1.600017
v 16.947304 10.339373 0.473836
v 17.354092 3.422100 3.688212
v 17.460539 1.728423 3.536140
v 16.932098 3.982859 5.686027
v 17.454836 4.247080 5.328667
v 13.744333 31.691874 0.734255
v 13.985744 29.344296 7.604009
v 12.928860 33.986225 5.571974
v 13.149362 32.743053 7.946165
v 12.014541 36.181732 6.045291
v 12.579097 35.731232 10.099852
v 12.297771 35.056412 5.720242
v 11.366341 42.101044 8.681801
v 11.957515 39.865623 10.472421
v 11.794039 37.046631 5.832392
v 11.178155 42.722633 6.558525
v 11.537419 41.236153 4.693769
v 11.761724 37.409695 4.853444
v 11.832055 39.844711 3.878294
v 11.851066 37.052330 4.129211
v 12.963078 9.552412 -1.427037
v 12.820511 10.004818 0.224821
v 12.584804 7.856834 -2.396481
v 13.046717 8.206593 -6.536582
v 13.390774 4.178645 -9.003917
v 13.079032 1.707509 -8.671263
v 12.518271 6.404569 -1.691259
v 12.951673 1.623874 -1.588612
v 12.676044 5.800090 -0.041301
v 12.765386 3.290939 3.739535
v 13.520033 1.262709 3.467709
v 13.493420 3.515242 5.686027
v 13.329944 3.931534 5.258334
v 10.410204 28.893789 7.731368
v 9.404642 30.724325 1.564936
v 10.446320 32.292549 8.012694
v 9.801925 33.484398 5.590983
v 9.387533 35.670399 6.284801
v 9.862751 35.392872 10.168283
v 8.623383 41.916656 8.581054
v 9.241165 39.531078 10.542753
v 9.163231 36.628437 5.862805
v 8.651896 42.431801 6.628857
v 9.068187 40.930107 4.762201
v 9.330507 36.890755 4.921874
v 9.378029 39.464535 3.948627
v 9.412246 36.611332 4.197641
v 9.853248 35.432789 3.555146
v 12.820511 10.004818 0.224821
v 12.963078 9.552412 -1.427037
v 16.029184 9.917379 -1.600017
v 16.947304 10.339373 0.473836
v 13.046717 8.206593 -6.536582
v 13.390774 4.178645 -9.003917
v 16.717300 4.294600 -8.943087
v 15.924638 8.706522 -6.515673
v 9.988210 30.939129 0.017626
v 12.628521 31.610130 -0.533627
v 13.390774 4.178645 -9.003917
v 13.079032 1.707509 -8.671263
v 17.164005 1.762637 -8.532498
v 16.717300 4.294600 -8.943087
v 13.079032 1.707509 -8.671263
v 13.189283 0.144994 -8.066785
v 17.103178 0.150697 -7.986948
v 17.164005 1.762637 -8.532498
v 13.189283 0.144994 -8.066785
v 13.120851 0.146896 -3.153029
v 17.736166 0.158302 -3.065589
v 17.103178 0.150697 -7.986948
v 13.120851 0.146896 -3.153029
v 12.951673 1.623874 -1.588612
v 17.804600 1.884294 -1.541088
v 17.736166 0.158302 -3.065589
v 12.951673 1.623874 -1.588612
v 13.520033 1.262709 3.467709
v 17.460539 1.728423 3.536140
v 17.804600 1.884294 -1.541088
v 13.520033 1.262709 3.467709
v 13.810866 0.129789 4.781212
v 17.650627 0.141194 4.832535
v 17.460539 1.728423 3.536140
v 13.810866 0.129789 4.781212
v 13.839379 0.133592 6.161246
v 17.618311 0.144998 6.294307
v 17.650627 0.141194 4.832535
v 17.164005 1.762637 -8.532498
v 17.103178 0.150697 -7.986948
v 17.736166 0.158302 -3.065589
v 17.804600 1.884294 -1.541088
v 12.951673 1.623874 -1.588612
v 13.120851 0.146896 -3.153029
v 13.189283 0.144994 -8.066785
v 13.079032 1.707509 -8.671263
v 13.805163 0.143096 10.381183
v 13.850784 2.249263 9.727282
v 17.517565 2.313893 9.791911
v 17.470045 0.146900 10.445812
v 13.850784 2.249263 9.727282
v 13.626482 2.332901 8.371960
v 16.979620 2.357613 8.478410
v 17.517565 2.313893 9.791911
v 17.470045 0.146900 10.445812
v 17.618311 0.144998 6.294307
v 13.839379 0.133592 6.161246
v 13.805163 0.143096 10.381183
v 17.618311 0.144998 6.294307
v 17.470045 0.146900 10.445812
v 17.517565 2.313893 9.791911
v 16.979620 2.357613 8.478410
v 17.298965 1.709415 6.644066
v 13.850784 2.249263 9.727282
v 13.805163 0.143096 10.381183
v 13.839379 0.133592 6.161246
v 13.626482 2.332901 8.371960
v 13.738632 1.572552 6.549024
v 13.493420 3.515242 5.686027
v 13.329944 3.931534 5.258334
v 17.454836 4.247080 5.328667
v 16.932098 3.982859 5.686027
v 11.957515 39.865623 10.472421
v 12.579097 35.731232 10.099852
v 9.862751 35.392872 10.168283
v 9.241165 39.531078 10.542753
v 12.579097 35.731232 10.099852
v 13.149362 32.743053 7.946165
v 10.446320 32.292549 8.012694
v 9.862751 35.392872 10.168283
v 9.596630 34.611607 5.786771
v 9.801925 33.484398 5.590983
v 10.269540 34.271355 4.948489
v 12.565793 35.818668 3.484814
v 11.832055 39.844711 3.878294
v 9.378029 39.464535 3.948627
v 9.853248 35.432789 3.555146
v 9.068187 40.930107 4.762201
v 11.537419 41.236153 4.693769
v 11.178155 42.722633 6.558525
v 8.651896 42.431801 6.628857
v 11.178155 42.722633 6.558525
v 11.366341 42.101044 8.681801
v 8.623383 41.916656 8.581054
v 8.651896 42.431801 6.628857
v 12.628521 31.610130 -0.533627
v 13.744333 31.691874 0.734255
v 12.928860 33.986225 5.571974
v 12.451740 34.647728 4.897165
v 12.297771 35.056412 5.720242
v 12.963078 9.552412 -1.427037
v 10.410204 28.893789 7.731368
v 13.985744 29.344296 7.604009
v 16.029184 9.917379 -1.600017
v 13.149362 32.743053 7.946165
v 10.446320 32.292549 8.012694
v 9.988210 30.939129 0.017626
v 9.404642 30.724325 1.564936
v 13.046717 8.206593 -6.536582
v 12.297771 35.056412 5.720242
v 13.909709 35.385269 5.649909
v 13.810864 35.206581 4.412440
v 7.994196 34.183914 4.631042
v 9.596630 34.611607 5.786771
v 8.091140 34.322681 5.868510
v 11.794039 37.046631 5.832392
v 13.485815 37.331760 5.771567
v 13.687307 36.468761 5.982564
v 12.014541 36.181732 6.045291
v 12.014541 36.181732 6.045291
v 13.687307 36.468761 5.982564
v 13.909709 35.385269 5.649909
v 12.297771 35.056412 5.720242
v 12.565793 35.818668 3.484814
v 13.594165 36.138012 3.538039
v 13.455401 37.337460 3.979041
v 11.851066 37.052330 4.129211
v 13.407879 37.694824 4.786914
v 13.485815 37.331760 5.771567
v 11.794039 37.046631 5.832392
v 11.761724 37.409695 4.853444
v 9.412246 36.611332 4.197641
v 7.642533 36.324295 4.279379
v 7.870639 35.035503 4.049374
v 9.853248 35.432789 3.555146
v 9.596630 34.611607 5.786771
v 8.091140 34.322681 5.868510
v 7.870637 35.451797 6.203063
v 9.387533 35.670399 6.284801
v 9.387533 35.670399 6.284801
v 7.870637 35.451797 6.203063
v 7.739478 36.341408 5.954047
v 9.163231 36.628437 5.862805
v 7.595011 36.603725 5.009315
v 7.642533 36.324295 4.279379
v 9.412246 36.611332 4.197641
v 9.330507 36.890755 4.921874
v 11.832055 39.844711 3.878294
v 12.565793 35.818668 3.484814
v 11.851066 37.052330 4.129211
v 9.801925 33.484398 5.590983
v 9.596630 34.611607 5.786771
v 9.387533 35.670399 6.284801
v 7.994196 34.183914 4.631042
v 9.853248 35.432789 3.555146
v 7.870639 35.035503 4.049374
v 12.565793 35.818668 3.484814
v 13.810864 35.206581 4.412440
v 13.594165 36.138012 3.538039
v 12.628521 31.610130 -0.533627
v 15.924638 8.706522 -6.515673
v 13.744333 31.691874 0.734255
v 10.269540 34.271355 4.948489
v 9.801925 33.484398 5.590983
v 9.404642 30.724325 1.564936
v 9.988210 30.939129 0.017626
v 9.988210 30.939129 0.017626
v 12.628521 31.610130 -0.533627
v 12.451740 34.647728 4.897165
v 10.269540 34.271355 4.948489
v 12.297771 35.056412 5.720242
v 9.596630 34.611607 5.786771
v 13.407879 37.694824 4.786914
v 13.654993 36.501076 4.921876
v 13.485815 37.331760 5.771567
v 13.687307 36.468761 5.982564
v 13.909709 35.385269 5.649909
v 13.810864 35.206581 4.412440
v 13.594165 36.138012 3.538039
v 13.455401 37.337460 3.979041
v 7.595011 36.603725 5.009315
v 7.838322 35.484112 5.142376
v 7.642533 36.324295 4.279379
v 7.870639 35.035503 4.049374
v 7.994196 34.183914 4.631042
v 8.091140 34.322681 5.868510
v 7.870637 35.451797 6.203063
v 7.739478 36.341408 5.954047
v 13.407879 37.694824 4.786914
v 11.761724 37.409695 4.853444
v 11.851066 37.052330 4.129211
v 13.455401 37.337460 3.979041
v 7.595011 36.603725 5.009315
v 9.330507 36.890755 4.921874
v 9.163231 36.628437 5.862805
v 7.739478 36.341408 5.954047
v 11.957515 39.865623 10.472421
v 9.241165 39.531078 10.542753
v 8.623383 41.916656 8.581054
v 11.366341 42.101044 8.681801
v 2.846627 68.260864 6.009174
v 2.846627 68.260864 5.378086
v 1.497008 66.800995 6.246785
v 1.497008 66.800995 6.879775
v 1.497008 66.800995 6.879775
v 1.497008 66.800995 6.246785
v -0.029392 66.800995 6.246785
v -0.029392 66.800995 6.879775
v -1.553892 66.800995 6.246785
v -1.553892 66.800995 6.879775
v -1.553892 66.800995 6.879775
v -1.553892 66.800995 6.246785
v -2.905413 68.260864 5.378086
v -2.905413 68.260864 6.009174
v 3.333550 70.888786 5.142090
v 3.333551 70.888428 5.775079
v 3.657260 73.270058 6.378998
v 3.657259 73.270660 5.310708
v 1.458265 69.333717 6.918531
v 1.747714 71.793106 7.781011
v 3.657260 73.270058 6.378998
v 3.333551 70.888428 5.775079
v 1.747714 71.793106 7.781011
v 1.747713 71.793953 6.290728
v 3.657259 73.270660 5.310708
v 3.657260 73.270058 6.378998
v 1.747714 71.793106 7.781011
v -0.069519 71.792091 7.781011
v -0.069519 71.792931 6.290728
v 1.747713 71.793953 6.290728
v -1.886753 71.791061 7.781011
v -1.886754 71.791901 6.290728
v 1.458265 69.333717 6.918531
v -0.068134 69.332855 6.918531
v -0.069519 71.792091 7.781011
v 1.747714 71.793106 7.781011
v -3.469669 70.884956 5.142090
v -3.797959 73.266464 5.310708
v -3.797959 73.265862 6.378998
v -3.469669 70.884598 5.775079
v -1.592634 69.332001 6.918531
v -3.469669 70.884598 5.775079
v -3.797959 73.265862 6.378998
v -1.886753 71.791061 7.781011
v -1.886753 71.791061 7.781011
v -3.797959 73.265862 6.378998
v -3.797959 73.266464 5.310708
v -1.886754 71.791901 6.290728
v -1.592634 69.332001 6.918531
v -1.886753 71.791061 7.781011
v -0.069519 71.792091 7.781011
v -0.068134 69.332855 6.918531
v 3.333551 70.888428 5.775079
v 3.333550 70.888786 5.142090
v 1.458265 69.334068 6.285541
v 1.458265 69.333717 6.918531
v 1.458265 69.333717 6.918531
v 1.458265 69.334068 6.285541
v -0.068134 69.333214 6.285541
v -0.068134 69.332855 6.918531
v -1.592634 69.332359 6.285541
v -1.592634 69.332001 6.918531
v -1.592634 69.332001 6.918531
v -1.592634 69.332359 6.285541
v -3.469669 70.884956 5.142090
v -3.469669 70.884598 5.775079
v 1.046301 71.777977 6.969331
v 1.258544 72.939171 7.599173
v 2.235446 73.198814 6.588054
v 2.032676 72.092636 6.148331
v 1.046301 71.777977 6.969331
v -0.069511 71.777351 6.969331
v -0.070164 72.938431 7.599173
v 1.258544 72.939171 7.599173
v -1.185322 71.776726 6.969331
v -2.172052 72.090271 6.148331
v -2.376069 73.196213 6.588054
v -1.398875 72.937668 7.599173
v -1.185322 71.776726 6.969331
v -1.398875 72.937668 7.599173
v -0.070164 72.938431 7.599173
v -0.069511 71.777351 6.969331
v -5.321362 96.063065 -10.005692
v -5.272031 91.126495 -0.491828
v -5.277736 91.048561 -0.330253
v -6.695773 91.301376 -1.638067
v -6.583540 95.988945 -10.207195
v -4.958283 95.403473 -11.184227
v -5.321362 96.063065 -10.005692
v -6.583540 95.988945 -10.207195
v -6.859152 95.285614 -11.473181
v 5.319723 96.063065 -10.005589
v 5.272109 91.126495 -0.491725
v 4.956668 95.403473 -11.184130
v 6.859444 95.285614 -11.473047
v 6.313942 92.177696 -16.478048
v 6.521031 87.473015 -5.430177
v 6.695873 91.301376 -1.637936
v 6.374737 88.398750 -13.081188
v 6.612391 98.028580 -17.867584
v 6.502155 96.013657 -19.306543
v 6.247497 101.337990 -25.203053
v 6.199970 99.513153 -24.661303
v 6.583803 95.988945 -10.207067
v 6.199970 99.513153 -24.661303
v 5.483342 99.364899 -24.756355
v 5.279897 95.880592 -19.428209
v 6.502155 96.013657 -19.306543
v 5.416731 92.037025 -16.597811
v 6.313942 92.177696 -16.478048
v 5.433808 88.117424 -13.153431
v 6.374737 88.398750 -13.081188
v 6.374737 88.398750 -13.081188
v 5.433808 88.117424 -13.153431
v 5.578197 86.984497 -5.261010
v 6.521031 87.473015 -5.430177
v 5.483342 99.364899 -24.756355
v 5.468140 101.632629 -25.421659
v 5.192441 98.095108 -17.783957
v 5.279897 95.880592 -19.428209
v 4.956668 95.403473 -11.184130
v 5.416731 92.037025 -16.597811
v 5.578197 86.984497 -5.261010
v 5.433808 88.117424 -13.153431
v 5.272109 91.126495 -0.491725
v 5.277809 91.048561 -0.330150
v 5.483342 99.364899 -24.756355
v 6.199970 99.513153 -24.661303
v 6.247497 101.337990 -25.203053
v 5.468140 101.632629 -25.421659
v 5.468140 101.632629 -25.421659
v 6.247497 101.337990 -25.203053
v 6.612391 98.028580 -17.867584
v 5.192441 98.095108 -17.783957
v 6.859444 95.285614 -11.473047
v 4.956668 95.403473 -11.184130
v 6.583803 95.988945 -10.207067
v 6.695873 91.301376 -1.637936
v 5.277809 91.048561 -0.330150
v 5.319723 96.063065 -10.005589
v 5.272109 91.126495 -0.491725
v 4.956668 95.403473 -11.184130
v 6.859444 95.285614 -11.473047
v 6.583803 95.988945 -10.207067
v 5.319723 96.063065 -10.005589
vn -0.9843 -0.1279 -0.1216
vn -0.9994 -0.0000 -0.0353
vn -0.9765 -0.0980 -0.1922
vn -0.9765 -0.1120 -0.1843
vn -1.0000 -0.0004 -0.0039
vn -1.0000 -0.0003 -0.0039
vn -0.5373 0.5217 0.6627
vn -0.5372 0.5217 0.6627
vn -0.5529 -0.1879 0.8118
vn -0.6314 -0.7377 0.2392
vn -0.4509 -0.7407 -0.4980
vn -0.4431 -0.7291 -0.5216
vn -0.4824 -0.8034 -0.3490
vn -0.4589 -0.7304 -0.5059
vn -0.4510 -0.7243 -0.5215
vn -0.4980 -0.7904 -0.3569
vn -0.4979 -0.7904 -0.3569
vn -0.4902 -0.5167 -0.7020
vn -0.4901 -0.5167 -0.7020
vn -0.4902 -0.5167 -0.7019
vn -0.4903 -0.5167 -0.7019
vn -0.6234 0.7683 0.1451
vn -0.6314 0.7533 0.1843
vn -0.6392 0.7359 0.2235
vn 0.9972 -0.0000 0.0743
vn 0.9921 0.0521 0.1137
vn 0.9921 0.0293 0.1216
vn 0.9921 0.0294 0.1216
vn 0.9978 -0.0000 0.0665
vn 0.9966 -0.0000 0.0821
vn 0.9843 -0.0880 0.1529
vn 0.9916 -0.0000 0.1293
vn -0.9921 0.0776 0.0981
vn -0.9922 -0.0293 0.1216
vn -0.9608 0.0887 0.2627
vn -0.9996 -0.0000 -0.0274
vn -0.9999 -0.0000 -0.0117
vn -0.9843 -0.1515 0.0900
vn -0.9686 -0.2122 0.1294
vn -0.9686 -0.1959 0.1529
vn -0.9608 -0.1529 0.2314
vn -0.9605 -0.0000 0.2783
vn -0.4275 -0.8674 -0.2549
vn -0.4275 -0.8673 -0.2549
vn -0.4274 -0.8674 -0.2549
vn -0.4039 -0.8960 0.1843
vn -0.4039 -0.8961 0.1843
vn -0.4038 -0.8961 0.1843
vn -0.3255 -0.4576 0.8274
vn -0.3020 0.2719 0.9137
vn -0.3019 0.2719 0.9137
vn -0.3255 0.8179 0.4745
vn -0.3412 0.9349 -0.0981
vn -0.3412 0.9349 -0.0980
vn -0.2314 0.9631 0.1373
vn -0.2313 0.9631 0.1373
vn -0.2314 0.9298 0.2863
vn -0.2314 0.9248 0.3020
vn -0.2157 0.8534 0.4745
vn -0.2078 0.8465 0.4902
vn -0.2000 0.8089 0.5529
vn -0.8745 0.4842 0.0275
vn -0.8510 0.5000 0.1608
vn -0.8510 0.4947 0.1765
vn -0.8117 0.4999 0.3020
vn -0.8118 0.4999 0.3020
vn -0.6078 0.4127 0.6784
vn -0.6078 0.4126 0.6784
vn -0.6079 0.4126 0.6784
vn -0.2549 0.5131 -0.8196
vn 0.9529 0.2570 -0.1608
vn 0.9608 0.2202 -0.1686
vn 0.9608 0.2139 -0.1765
vn -0.0039 -0.2773 0.9608
vn -0.0039 -0.3882 0.9216
vn 0.1059 0.9938 0.0353
vn 0.1137 0.9931 -0.0275
vn -0.0039 0.9996 -0.0275
vn -0.0039 0.9996 0.0274
vn 0.0823 0.9747 0.2078
vn -0.0039 0.9798 0.2000
vn -0.0039 0.8885 0.4588
vn 0.0510 0.8830 0.4667
vn 0.0274 0.7995 0.6000
vn -0.0039 0.8000 0.6000
vn -0.0039 -0.1764 0.9843
vn 0.9529 0.0736 0.2941
vn 0.9529 0.1641 0.2549
vn 0.9529 0.1757 0.2471
vn 0.9529 -0.0735 0.2941
vn 0.9529 0.2869 0.0980
vn 0.9529 0.2810 0.1137
vn 0.9451 -0.1250 0.3020
vn 0.9059 0.4205 -0.0510
vn 0.8667 0.4907 -0.0902
vn 0.8666 0.4907 -0.0902
vn 0.7411 -0.2488 0.6235
vn 0.7647 -0.2139 0.6078
vn 0.7098 -0.2784 0.6470
vn 0.7098 -0.2784 0.6471
vn 0.8274 -0.1349 0.5451
vn 0.8902 -0.0647 0.4510
vn 0.9187 -0.0000 0.3948
vn 0.9451 0.0768 0.3176
vn 0.9843 -0.0880 -0.1529
vn 0.9916 -0.0000 -0.1293
vn 0.9843 -0.0000 -0.1765
vn 0.9765 -0.0807 -0.2000
vn 0.9748 -0.0000 -0.2231
vn 0.9765 -0.0576 -0.2078
vn 0.9765 -0.0000 -0.2157
vn 0.9686 -0.0272 -0.2471
vn 0.2392 -0.2227 -0.9451
vn 0.6941 -0.0566 -0.7176
vn 0.3412 -0.2510 -0.9059
vn 0.1765 0.9841 0.0196
vn 0.1372 0.9871 0.0824
vn 0.1294 0.9875 0.0902
vn 0.0980 0.9577 0.2706
vn 0.0980 0.9554 0.2784
vn 0.1372 0.8819 0.4510
vn 0.1373 0.8779 0.4588
vn 0.2314 0.8005 0.5529
vn 0.2706 0.7710 0.5765
vn 0.3255 0.7176 0.6157
vn 0.1137 -0.7606 -0.6392
vn 0.2000 -0.6671 -0.7176
vn -0.0039 -0.6882 -0.7255
vn -0.0039 -0.7880 -0.6157
vn -0.0039 -0.8332 -0.5529
vn 0.0666 -0.8306 -0.5529
vn -0.0039 -0.6253 -0.7804
vn 0.2471 -0.6051 -0.7569
vn -0.0039 -0.8280 -0.5608
vn -0.0980 -0.9483 -0.3019
vn -0.2313 -0.9687 -0.0902
vn -0.1765 -0.9684 -0.1765
vn -0.2706 -0.9625 -0.0196
vn -0.0353 -0.4049 0.9137
vn -0.0588 -0.9163 0.3961
vn -0.0039 -0.9182 0.3961
vn -0.4353 -0.9001 0.0196
vn -0.4745 -0.8788 -0.0510
vn -0.5137 -0.8456 -0.1451
vn -0.5608 -0.7852 -0.2627
vn -0.1059 0.9938 0.0353
vn -0.0040 0.9996 -0.0274
vn -0.1137 0.9931 -0.0275
vn -0.0824 0.9747 0.2079
vn -0.0040 0.8885 0.4588
vn -0.0510 0.8830 0.4666
vn -0.0274 0.7995 0.6000
vn -0.9529 0.0736 0.2941
vn -0.9529 -0.0735 0.2941
vn -0.9529 0.1757 0.2470
vn -0.9529 0.1641 0.2549
vn -0.9529 0.2869 0.0980
vn -0.9529 0.2811 0.1137
vn -0.9451 -0.1250 0.3020
vn -0.9059 0.4205 -0.0510
vn -0.8667 0.4907 -0.0902
vn -0.7411 -0.2488 0.6235
vn -0.7098 -0.2784 0.6471
vn -0.7098 -0.2784 0.6470
vn -0.7647 -0.2139 0.6078
vn -0.8274 -0.1349 0.5451
vn -0.8902 -0.0647 0.4510
vn -0.9187 -0.0000 0.3949
vn -0.9451 0.0768 0.3176
vn -0.9451 0.0768 0.3177
vn -0.9916 -0.0000 -0.1293
vn -0.9843 -0.0880 -0.1529
vn -0.9843 -0.0004 -0.1765
vn -0.9765 -0.0807 -0.2000
vn -0.9748 -0.0000 -0.2231
vn -0.9765 -0.0576 -0.2078
vn -0.9765 -0.0003 -0.2157
vn -0.9686 -0.0272 -0.2471
vn -0.2392 -0.2227 -0.9451
vn -0.6941 -0.0566 -0.7176
vn -0.3412 -0.2510 -0.9059
vn -0.1765 0.9841 0.0196
vn -0.1294 0.9875 0.0902
vn -0.1372 0.9871 0.0824
vn -0.0980 0.9577 0.2706
vn -0.0980 0.9554 0.2784
vn -0.1372 0.8819 0.4510
vn -0.1373 0.8779 0.4588
vn -0.2314 0.8004 0.5529
vn -0.2706 0.7710 0.5765
vn -0.3255 0.7176 0.6157
vn -0.1137 -0.7606 -0.6392
vn -0.0040 -0.7880 -0.6157
vn -0.0040 -0.6882 -0.7255
vn -0.2000 -0.6671 -0.7176
vn -0.0667 -0.8306 -0.5529
vn -0.2471 -0.6051 -0.7569
vn 0.2314 -0.9687 -0.0902
vn 0.0980 -0.9483 -0.3020
vn 0.1765 -0.9684 -0.1765
vn 0.2706 -0.9625 -0.0196
vn 0.0353 -0.4048 0.9137
vn 0.0588 -0.9163 0.3960
vn 0.4745 -0.8788 -0.0510
vn 0.4353 -0.9001 0.0196
vn 0.5137 -0.8456 -0.1451
vn 0.5608 -0.7851 -0.2627
vn 0.2314 0.9631 0.1373
vn 0.2314 0.9248 0.3020
vn 0.2314 0.9298 0.2863
vn 0.2313 0.9631 0.1373
vn 0.2157 0.8534 0.4745
vn 0.2078 0.8465 0.4902
vn 0.2000 0.8089 0.5529
vn 0.8745 0.4842 0.0274
vn 0.8510 0.4947 0.1765
vn 0.8510 0.5000 0.1608
vn 0.8117 0.4999 0.3020
vn 0.8118 0.4999 0.3020
vn 0.6078 0.4127 0.6784
vn 0.6078 0.4126 0.6784
vn 0.6079 0.4126 0.6784
vn 0.2550 0.5131 -0.8196
vn 0.2549 0.5131 -0.8196
vn -0.9529 0.2570 -0.1608
vn -0.9608 0.2202 -0.1686
vn -0.9608 0.2139 -0.1765
vn 0.9921 -0.0294 0.1216
vn 0.9921 0.0776 0.0981
vn 0.9608 0.0887 0.2627
vn 0.9996 -0.0000 -0.0274
vn 0.9999 -0.0000 -0.0117
vn 0.9843 -0.1516 0.0901
vn 0.9686 -0.2122 0.1294
vn 0.9686 -0.1959 0.1529
vn 0.9608 -0.1529 0.2314
vn 0.9605 -0.0000 0.2783
vn 0.4275 -0.8673 -0.2549
vn 0.4274 -0.8674 -0.2549
vn 0.4039 -0.8960 0.1843
vn 0.4039 -0.8961 0.1843
vn 0.3255 -0.4576 0.8274
vn 0.3255 -0.4576 0.8275
vn 0.3020 0.2719 0.9137
vn 0.3255 0.8179 0.4745
vn 0.3412 0.9349 -0.0980
vn 0.3412 0.9349 -0.0981
vn 0.9843 -0.1279 -0.1216
vn 0.9994 -0.0000 -0.0353
vn 0.9765 -0.0980 -0.1921
vn 0.9765 -0.1120 -0.1843
vn 1.0000 -0.0000 -0.0039
vn 0.5372 0.5217 0.6627
vn 0.5372 0.5217 0.6628
vn 0.5373 0.5217 0.6627
vn 0.5530 -0.1879 0.8117
vn 0.5529 -0.1879 0.8117
vn 0.5530 -0.1879 0.8118
vn 0.5529 -0.1879 0.8118
vn 0.6314 -0.7377 0.2392
vn 0.4510 -0.7407 -0.4980
vn 0.4824 -0.8043 -0.3470
vn 0.4824 -0.8034 -0.3490
vn 0.4431 -0.7291 -0.5216
vn 0.4589 -0.7304 -0.5059
vn 0.4510 -0.7243 -0.5216
vn 0.4980 -0.7904 -0.3569
vn 0.4979 -0.7904 -0.3567
vn 0.4902 -0.5167 -0.7020
vn 0.4903 -0.5167 -0.7019
vn 0.4902 -0.5167 -0.7019
vn 0.4901 -0.5167 -0.7020
vn 0.6234 0.7683 0.1451
vn 0.6314 0.7532 0.1843
vn 0.6392 0.7359 0.2235
vn -0.9972 -0.0000 0.0743
vn -0.9922 0.0293 0.1215
vn -0.9921 0.0293 0.1216
vn -0.9921 0.0520 0.1137
vn -0.9978 -0.0000 0.0665
vn -0.9966 -0.0000 0.0821
vn -0.9843 -0.0880 0.1529
vn -0.9916 -0.0000 0.1293
vn 0.9529 -0.2407 -0.1843
vn 0.9137 -0.2719 0.3020
vn 0.0275 -0.8275 -0.5608
vn -0.0039 -0.8484 -0.5294
vn 0.0510 -0.8099 -0.5843
vn -0.0039 -0.8115 -0.5843
vn -0.0039 -0.2485 0.9686
vn -0.9529 -0.2407 -0.1843
vn -0.9137 -0.2719 0.3020
vn -0.0275 -0.8275 -0.5608
vn -0.0510 -0.8099 -0.5843
vn -0.0039 -0.1250 0.9922
vn 0.1059 -0.0666 0.9922
vn 0.1059 -0.0665 0.9921
vn -0.0039 -0.1250 0.9921
vn -0.0039 -0.5615 0.8274
vn -0.0039 -0.6052 0.7961
vn 0.0902 -0.5984 0.7961
vn 0.0824 -0.5670 0.8196
vn 0.0040 -0.6350 0.7725
vn 0.0980 -0.6273 0.7725
vn 0.0588 -0.9942 0.0902
vn 0.0039 -0.9959 0.0902
vn -0.0039 -0.9148 -0.4039
vn 0.0275 -0.9144 -0.4039
vn 0.0274 -0.9144 -0.4039
vn 0.8510 0.2819 0.4431
vn 0.1843 0.4636 0.8667
vn -0.0039 0.4706 0.8823
vn 0.9843 -0.1109 -0.1373
vn 0.9765 -0.1437 -0.1608
vn 0.9765 -0.1438 -0.1608
vn 0.9843 -0.0881 -0.1529
vn 0.9921 -0.0521 -0.1137
vn 0.9922 -0.0665 -0.1059
vn 0.9921 -0.0666 -0.1059
vn -0.1059 -0.0666 0.9921
vn -0.1059 -0.0666 0.9922
vn -0.0040 -0.1250 0.9921
vn -0.0824 -0.5670 0.8196
vn -0.0902 -0.5984 0.7961
vn -0.0040 -0.6052 0.7961
vn 0.0039 -0.6349 0.7725
vn -0.0980 -0.6273 0.7725
vn -0.0588 -0.9942 0.0902
vn -0.0040 -0.9148 -0.4039
vn -0.0274 -0.9144 -0.4039
vn -0.0275 -0.9144 -0.4039
vn -0.8510 0.2819 0.4431
vn -0.8510 0.2819 0.4432
vn -0.1843 0.4636 0.8667
vn -0.0040 0.4706 0.8823
vn -0.0040 0.4706 0.8824
vn -0.9843 -0.1109 -0.1373
vn -0.9765 -0.1438 -0.1608
vn -0.9921 -0.0521 -0.1137
vn -0.9922 -0.0665 -0.1059
vn -0.0039 -0.4706 -0.8824
vn 0.0117 -0.4554 -0.8902
vn 0.0431 -0.4686 -0.8824
vn -0.0118 -0.4554 -0.8902
vn -0.0431 -0.4686 -0.8823
vn 0.4588 -0.8860 -0.0667
vn -0.0039 -0.3031 -0.9529
vn -0.0039 -0.8434 0.5373
vn -0.0039 -0.9428 -0.3333
vn -0.4588 -0.8860 -0.0667
vn -0.0039 0.9182 -0.3961
vn -0.0040 0.9182 -0.3961
vn -0.0039 -0.4063 -0.9137
vn 0.5294 -0.2710 0.8039
vn 0.3176 -0.3044 0.8980
vn 0.4510 -0.2928 0.8431
vn 0.6706 -0.2156 0.7098
vn 0.6705 -0.2156 0.7098
vn -0.2235 0.9268 0.3019
vn -0.2235 0.9267 0.3020
vn -0.2235 0.9070 0.3569
vn -0.2235 0.8834 0.4118
vn -0.2235 0.8835 0.4118
vn 0.5373 0.1169 -0.8353
vn 0.9294 -0.1200 0.3490
vn 0.9294 0.1200 0.3490
vn 0.9294 0.3394 0.1451
vn 0.9294 0.3393 0.1451
vn 0.9137 0.4063 -0.0039
vn 0.9137 0.4064 -0.0039
vn 0.9294 -0.3393 0.1451
vn 0.9137 -0.4063 0.0039
vn 0.7883 0.4101 -0.4588
vn 0.7882 0.4101 -0.4588
vn 0.7961 0.3947 -0.4588
vn 0.8980 0.2871 -0.3333
vn 0.9921 -0.0294 -0.1216
vn 0.9921 -0.0777 -0.0981
vn 0.9922 -0.0776 -0.0980
vn 0.7412 -0.0313 -0.6706
vn 0.7413 -0.0313 -0.6705
vn 0.8118 -0.3710 -0.4510
vn 0.7961 -0.3947 -0.4588
vn 0.7647 -0.4360 -0.4745
vn 0.7490 -0.4457 -0.4902
vn 0.0510 -0.0000 0.9987
vn 0.0509 -0.0000 0.9987
vn 0.0353 -0.7035 0.7098
vn -0.0039 -1.0000 -0.0039
vn -0.0353 -0.7410 -0.6706
vn 0.0431 -0.0000 -0.9991
vn 0.0510 -0.5592 -0.8275
vn 0.0510 -0.5592 -0.8274
vn -0.0275 0.7619 -0.6471
vn -0.0275 0.7620 -0.6470
vn -0.0353 0.7338 -0.6784
vn -0.0118 0.7879 -0.6157
vn -0.0117 0.7879 -0.6157
vn -0.0039 1.0000 -0.0039
vn 0.0353 0.7035 0.7098
vn 0.0118 -0.8671 0.4980
vn 0.9686 -0.0675 0.2392
vn 1.0000 -0.0000 0.0039
vn 0.9686 0.0675 0.2392
vn 0.9686 0.2284 0.0980
vn 0.9686 0.2284 -0.0980
vn 0.9686 0.0675 -0.2392
vn 0.9686 -0.0675 -0.2392
vn 0.9686 -0.2284 -0.0980
vn 0.9686 -0.2284 0.0980
vn 0.3412 0.0719 0.9373
vn 0.3412 0.0719 0.9372
vn 0.3882 -0.6484 0.6549
vn 0.4039 -0.9148 -0.0039
vn 0.3882 -0.6484 -0.6549
vn 0.3328 -0.0000 -0.9430
vn 0.3326 -0.0000 -0.9431
vn 0.3327 -0.0000 -0.9430
vn 0.2784 0.6799 -0.6784
vn 0.2627 0.9649 -0.0039
vn 0.2863 0.6766 0.6784
vn 0.9607 -0.0625 -0.2705
vn 0.9529 0.0745 -0.2940
vn 0.9607 -0.0922 -0.2620
vn 0.9601 -0.1589 -0.2301
vn 0.9602 -0.1601 -0.2287
vn 0.9367 -0.2880 -0.1989
vn 0.9415 -0.2718 -0.1992
vn 0.9469 -0.2635 -0.1841
vn 0.9546 -0.2354 -0.1826
vn 0.9685 0.0915 0.2315
vn 0.9684 0.0917 0.2317
vn 0.9605 -0.1285 0.2470
vn 0.9606 -0.1276 0.2469
vn 0.9049 -0.3153 0.2859
vn 0.8971 -0.3299 0.2941
vn 0.8586 -0.3683 0.3565
vn 0.8588 -0.3682 0.3563
vn 0.8433 -0.3718 0.3880
vn 0.0115 0.9481 0.3177
vn 0.0117 0.9943 0.1059
vn -0.0040 0.9944 0.1060
vn -0.0043 0.9534 0.3017
vn -0.0043 0.8717 0.4900
vn 0.0117 0.8715 0.4902
vn -0.0039 0.0004 -1.0000
vn -0.0039 -0.5022 -0.8648
vn -0.0038 -0.5022 -0.8647
vn -0.0038 -0.5022 -0.8648
vn -0.0039 -0.5021 -0.8648
vn 0.0353 0.0102 -0.9993
vn -0.0042 0.0129 -0.9999
vn -0.0037 -0.0056 -1.0000
vn 0.0197 -0.0053 -0.9998
vn 0.0585 0.1285 -0.9900
vn -0.0042 0.1378 -0.9905
vn 0.0761 0.3401 -0.9373
vn -0.0015 0.3267 -0.9451
vn 0.1377 -0.2658 0.9541
vn -0.0039 -0.2991 0.9542
vn -0.0037 -0.4695 0.8829
vn 0.2397 -0.4669 0.8512
vn 0.1060 -0.1352 0.9851
vn -0.0039 -0.1183 0.9930
vn -0.0042 -0.3301 0.9439
vn 0.3174 -0.2821 0.9054
vn -0.0049 -0.1300 0.9915
vn 0.3085 -0.1077 0.9451
vn 0.9912 0.0011 -0.1323
vn 0.9849 0.1014 -0.1403
vn 0.9497 0.1654 -0.2658
vn 0.9978 0.0047 -0.0660
vn 0.0431 0.3850 0.9219
vn -0.0039 0.3874 0.9219
vn 0.0432 0.3850 0.9219
vn 0.8347 0.2922 0.4667
vn 0.1294 -0.7834 -0.6078
vn 0.1373 -0.7821 -0.6078
vn 0.1294 -0.7773 -0.6157
vn 0.1451 -0.7745 -0.6157
vn 0.1529 -0.7853 -0.6000
vn 0.0039 -0.0000 1.0000
vn 0.0118 -0.1761 0.9843
vn 0.0353 -0.3469 0.9373
vn 0.0588 -0.3643 0.9294
vn 0.0745 -0.3995 0.9137
vn 0.0980 -0.4120 0.9059
vn 0.0981 -0.4120 0.9059
vn 0.1059 -0.3923 -0.9137
vn 0.8980 -0.4095 -0.1608
vn 0.8980 -0.4095 -0.1607
vn 0.8823 -0.4005 -0.2471
vn 0.8823 -0.4260 -0.2000
vn 0.8667 -0.4241 -0.2627
vn 0.8823 -0.3674 -0.2941
vn 0.7882 -0.2701 0.5530
vn 0.7412 -0.3918 0.5451
vn 0.8196 -0.1764 0.5451
vn 0.9765 -0.0807 0.2000
vn 0.9584 -0.0000 0.2856
vn 0.9216 0.1093 0.3725
vn 0.9216 0.1092 0.3725
vn 0.9999 -0.0000 -0.0118
vn 0.9999 -0.0000 0.0117
vn 0.9294 -0.0941 -0.3569
vn 0.9584 -0.0000 -0.2856
vn 0.7412 0.1069 -0.6627
vn 0.7948 -0.0000 -0.6069
vn 0.6549 0.1475 -0.7412
vn 0.0118 0.9999 -0.0039
vn -0.0039 0.8058 0.5922
vn -0.0039 0.7690 0.6392
vn -0.0039 0.8532 0.5216
vn -0.0039 0.6625 0.7490
vn -0.0039 0.9843 -0.1765
vn -0.0039 0.9829 -0.1843
vn -0.0039 0.9994 0.0353
vn -0.0039 0.9216 -0.3882
vn 0.1529 -0.4451 -0.8823
vn 0.1530 -0.4451 -0.8823
vn 0.1529 -0.4450 -0.8824
vn -0.0117 0.5839 -0.8118
vn -0.0118 0.5839 -0.8118
vn 0.6627 -0.7296 -0.1686
vn 0.6627 -0.7297 -0.1686
vn 0.6628 -0.7296 -0.1686
vn 0.6627 -0.7296 -0.1687
vn 0.5451 -0.7790 0.3098
vn 0.6311 0.4034 -0.6625
vn 0.3093 0.9450 0.1064
vn -0.3258 0.5446 0.7728
vn -0.3258 0.5446 0.7729
vn -0.6311 -0.4034 0.6625
vn -0.3093 -0.9450 -0.1064
vn 0.3258 -0.5446 -0.7728
vn 0.7727 -0.3255 0.5449
vn 0.4429 0.4685 -0.7644
vn -0.1375 0.4646 0.8748
vn -0.4429 -0.4685 0.7644
vn -0.3093 -0.9450 -0.1065
vn 0.1375 -0.4646 -0.8748
vn 0.8904 -0.3263 0.3175
vn -0.0039 -0.0000 1.0000
vn -0.0039 0.9882 0.1530
vn -0.0039 0.9882 0.1529
vn 0.9921 0.1220 0.0274
vn 0.9921 0.1220 0.0275
vn 0.9822 0.1185 0.1459
vn 0.9999 0.0004 -0.0129
vn 0.9999 0.0010 -0.0127
vn 0.9819 0.1205 0.1460
vn 0.9843 0.0730 -0.1608
vn -0.0275 0.3874 -0.9215
vn 0.1211 0.9926 0.0117
vn 0.1367 0.9902 -0.0276
vn 0.1367 0.9900 -0.0351
vn 0.1211 0.9926 0.0118
vn 0.1514 0.9857 -0.0738
vn 0.1512 0.9857 -0.0738
vn 0.9608 -0.1403 0.2392
vn 0.8823 0.0607 -0.4667
vn 0.8667 0.0294 -0.4980
vn 0.7098 0.1200 -0.6941
vn 0.6941 0.0566 -0.7176
vn 0.5921 0.0554 -0.8039
vn 0.5686 0.0701 -0.8196
vn 0.3882 -0.0002 -0.9216
vn 0.4109 -0.0000 -0.9117
vn 0.2941 0.0736 -0.9529
vn 0.0001 0.8643 -0.5029
vn -0.0371 0.8430 -0.5366
vn -0.0770 0.8207 -0.5662
vn -0.0003 0.8643 -0.5029
vn -0.1326 0.7846 -0.6057
vn 0.7742 0.1216 -0.6212
vn 0.7592 0.2007 -0.6192
vn 0.7832 -0.0394 -0.6205
vn 0.7812 -0.0466 -0.6225
vn 0.7050 0.3832 -0.5967
vn 0.3647 -0.4419 -0.8196
vn 0.6941 -0.1908 0.6941
vn 0.7098 -0.1896 0.6784
vn 0.7412 -0.2051 0.6392
vn 0.5137 -0.2777 0.8118
vn 0.3098 -0.3123 0.8980
vn -0.1621 0.9833 0.0828
vn -0.1462 0.9889 0.0276
vn -0.1461 0.9889 0.0276
vn -0.1541 0.9863 0.0590
vn -0.1704 0.9664 0.1925
vn -0.1705 0.9721 0.1612
vn -0.1635 0.9568 0.2405
vn -0.1636 0.9567 0.2408
vn -0.7163 0.1039 0.6900
vn -0.7286 0.1163 0.6750
vn -0.7241 0.1118 0.6806
vn -0.6981 0.0839 0.7111
vn -0.9302 0.3274 -0.1657
vn -0.9141 0.3814 -0.1375
vn -0.8907 0.4402 -0.1136
vn -0.8913 0.4401 -0.1096
vn -0.7254 -0.6028 -0.3324
vn 0.0388 -0.4070 0.9126
vn 0.6706 -0.7401 -0.0510
vn 0.7020 -0.6938 -0.1608
vn 0.6863 -0.7196 -0.1059
vn 0.7098 -0.6909 -0.1373
vn 0.7098 -0.6938 -0.1216
vn 0.7333 -0.6785 -0.0431
vn 0.7490 -0.6623 0.0196
vn 0.7569 -0.6493 0.0745
vn 0.7647 -0.6391 0.0823
vn 0.7647 -0.6391 0.0824
vn 0.6079 -0.7929 0.0431
vn 0.6235 -0.7810 0.0353
vn 0.5765 -0.8144 0.0667
vn -0.8197 -0.1773 -0.5446
vn -0.8205 -0.1765 -0.5438
vn -0.8199 -0.1772 -0.5444
vn -0.8193 -0.1779 -0.5451
vn -0.8600 0.5060 0.0663
vn -0.8533 0.5119 0.0993
vn -0.8454 0.5323 0.0443
vn -0.8516 0.5225 -0.0433
vn -0.8745 0.4850 -0.0039
vn -0.8510 0.5187 -0.0823
vn 0.5294 0.8205 -0.2157
vn 0.8275 -0.0293 0.5608
vn 0.8274 -0.0293 0.5608
vn 0.8274 -0.0294 0.5608
vn 0.5843 -0.4793 0.6549
vn -0.7333 0.6393 -0.2314
vn -0.7647 0.6240 -0.1608
vn -0.7569 0.6247 -0.1922
vn -0.7804 0.6117 -0.1294
vn -0.7333 0.6587 -0.1684
vn -0.7333 -0.6202 0.2784
vn -0.5686 -0.7294 0.3804
vn -0.6078 -0.7094 0.3569
vn -0.8039 -0.5511 0.2235
vn -0.9142 0.4029 0.0433
vn -0.8987 0.3981 0.1840
vn -0.9064 0.4091 -0.1055
vn -0.8365 0.3799 0.3949
vn -0.7433 0.3428 0.5744
vn -0.9296 0.3273 -0.1696
vn -0.9451 0.2575 -0.2011
vn -0.9140 0.3815 -0.1382
vn -0.3806 -0.1424 -0.9137
vn 0.1516 -0.2603 -0.9535
vn -0.8594 0.5071 0.0651
vn -0.8673 0.4767 0.1438
vn -0.8519 0.5149 0.0957
vn 0.2550 0.6303 0.7333
vn 0.3490 -0.9172 0.1922
vn 0.6235 -0.7813 -0.0274
vn 0.5608 -0.8253 -0.0667
vn 0.6078 -0.7724 -0.1843
vn 0.6157 -0.7697 -0.1686
vn 0.6392 -0.7654 -0.0745
vn 0.6784 -0.7281 0.0980
vn 0.7098 -0.6730 0.2078
vn 0.6784 -0.7186 0.1529
vn 0.8353 -0.2329 0.4980
vn 0.5687 -0.7555 0.3255
vn 0.0039 -0.2773 0.9608
vn 0.0040 -0.2773 0.9608
vn -0.5529 -0.5345 0.6392
vn 0.5059 0.1412 0.8510
vn 0.8196 0.3534 0.4510
vn 0.8588 0.4889 -0.1529
vn 0.8588 0.4890 -0.1529
vn 0.4353 0.3359 -0.8353
vn 0.4510 0.2692 -0.8510
vn 0.4431 0.3046 -0.8431
vn 0.4588 0.2278 -0.8588
vn 0.0667 -0.2051 -0.9765
vn 0.1921 -0.2910 -0.9372
vn 0.1216 -0.2493 -0.9608
vn 0.2628 -0.3322 -0.9059
vn 0.5608 -0.7579 -0.3334
vn 0.5608 -0.7579 -0.3333
vn -0.9765 0.1120 0.1843
vn -0.4428 -0.5146 -0.7342
vn 0.2784 0.9517 -0.1294
vn 0.2785 0.9517 -0.1294
vn 0.3961 0.9152 -0.0745
vn 0.3882 0.9179 -0.0824
vn 0.5216 0.8445 0.1216
vn 0.5294 0.8314 0.1686
vn 0.5450 0.7726 0.3255
vn 0.5450 0.7727 0.3255
vn 0.2863 0.5668 0.7726
vn 0.2863 0.5668 0.7725
vn 0.2863 0.5559 0.7804
vn 0.2784 0.5707 0.7725
vn 0.2706 0.5637 0.7804
vn 0.2706 0.5638 0.7804
vn -0.0118 -0.4849 -0.8745
vn -0.0117 -0.4849 -0.8745
vn -0.9608 -0.2760 0.0274
vn -0.3647 0.2731 0.8902
vn -0.3647 0.2730 0.8902
vn 0.6627 -0.3487 -0.6627
vn 0.6628 -0.3486 -0.6627
vn 0.6627 -0.3486 -0.6627
vn -0.7882 0.1367 0.6000
vn -0.7882 0.1368 0.6000
vn 0.9843 -0.1561 -0.0823
vn 0.8431 0.0222 -0.5372
vn 0.7176 -0.4786 0.5059
vn 0.5843 -0.5194 0.6235
vn 0.5842 -0.5196 0.6235
vn 0.6941 -0.4878 0.5294
vn 0.8039 -0.4366 0.4039
vn -0.8745 0.1972 -0.4431
vn 0.1294 -0.5912 0.7961
vn -0.8118 -0.3804 0.4431
vn -0.8118 -0.3803 0.4431
vn -0.9983 -0.0000 0.0587
vn 0.9941 -0.1087 -0.0041
vn 0.9941 -0.1088 -0.0040
vn 0.7409 -0.2835 0.6089
vn 0.7405 -0.2833 0.6095
vn 0.7408 -0.2835 0.6090
vn 0.7414 -0.2839 0.6080
vn -0.7180 0.6960 -0.0035
vn -0.0045 1.0000 -0.0034
vn -0.0038 -0.3405 0.9403
vn -0.0040 -0.3405 0.9402
vn -0.0039 -0.3404 0.9403
vn -0.0037 -0.3404 0.9403
vn -0.0039 -0.3268 0.9451
vn 0.1059 -0.3322 0.9372
vn 0.0591 -0.3215 0.9451
vn 0.0510 -0.3228 0.9451
vn 0.2706 -0.3665 0.8902
vn 0.2314 0.9729 -0.0039
vn 0.1530 -0.9882 -0.0039
vn 0.1529 -0.9882 -0.0039
vn 0.8039 -0.5947 -0.0039
vn 0.3255 0.9455 -0.0039
vn 0.8588 0.2939 -0.4196
vn 0.8588 0.3431 -0.3804
vn 0.8353 0.1959 -0.5137
vn 0.8431 0.1308 -0.5216
vn 0.8118 0.1331 -0.5686
vn 0.8196 0.1174 -0.5608
vn 0.8353 0.0719 -0.5451
vn 0.8353 0.0718 -0.5451
vn -0.0039 0.5123 -0.8588
vn -0.0039 0.5947 -0.8039
vn 0.1373 0.5894 -0.7961
vn 0.1294 0.5090 -0.8510
vn -0.0039 0.7122 -0.7020
vn 0.1374 0.7144 -0.6862
vn -0.0039 0.7690 -0.6392
vn 0.1373 0.7567 -0.6392
vn 0.6863 -0.2622 -0.6784
vn 0.6392 -0.3141 -0.7020
vn 0.6549 -0.3485 -0.6706
vn 0.6863 -0.3165 -0.6549
vn 0.7568 -0.2193 -0.6157
vn 0.7647 -0.2350 -0.6000
vn 0.8275 -0.3818 -0.4117
vn 0.8353 -0.4312 -0.3412
vn 0.8431 -0.5022 -0.1921
vn 0.8431 -0.5022 -0.1922
vn 0.7647 -0.2541 -0.5921
vn 0.6628 -0.2387 -0.7098
vn 0.4745 -0.2778 -0.8353
vn 0.5373 -0.3199 -0.7804
vn 0.4902 -0.3368 -0.8039
vn 0.6157 -0.2676 -0.7412
vn 0.2235 -0.2937 -0.9294
vn -0.0039 -0.2157 -0.9765
vn -0.0039 -0.3690 -0.9294
vn 0.1608 -0.3534 -0.9215
vn 0.9137 -0.1200 -0.3882
vn 0.5137 0.4819 -0.7098
vn 0.3804 0.5635 -0.7333
vn 0.5216 0.4735 -0.7098
vn 0.6314 0.3895 -0.6706
vn 0.6313 0.3895 -0.6706
vn 0.3177 -0.9404 0.1216
vn 0.3176 -0.9404 0.1216
vn 0.7490 -0.6527 -0.1137
vn -0.0040 -0.5615 -0.8274
vn -0.0039 -0.5729 -0.8196
vn -0.0039 -0.5377 -0.8431
vn 0.0039 -0.5615 -0.8275
vn -0.0039 -0.5252 -0.8510
vn 0.0039 -0.4989 -0.8667
vn -0.0039 -0.4989 -0.8667
vn 0.4510 -0.5512 -0.7020
vn 0.4509 -0.5513 -0.7020
vn 0.5137 -0.4453 -0.7333
vn 0.4981 -0.4628 -0.7333
vn 0.5216 -0.2627 -0.8117
vn 0.4667 -0.1764 -0.8667
vn 0.4666 -0.1764 -0.8667
vn -0.5215 -0.5374 -0.6628
vn -0.5922 -0.5549 -0.5843
vn -0.6000 -0.5627 -0.5686
vn -0.5451 -0.6744 -0.4980
vn -0.5608 -0.6554 -0.5059
vn -0.2470 -0.8696 -0.4275
vn -0.3412 -0.8248 -0.4510
vn -0.4431 -0.5476 -0.7098
vn -0.0039 0.3032 -0.9529
vn 0.0667 0.2957 -0.9529
vn 0.0431 -0.7988 -0.6000
vn -0.0039 -0.8000 -0.6000
vn -0.3961 -0.5629 -0.7255
vn -0.3961 -0.5628 -0.7255
vn -0.3412 -0.6163 -0.7098
vn -0.3255 -0.6247 -0.7098
vn -0.1608 -0.7169 -0.6784
vn -0.0902 -0.7434 -0.6627
vn -0.0039 -0.7755 -0.6314
vn -0.0040 -0.7755 -0.6314
vn -0.4667 -0.0607 -0.8823
vn -0.4510 -0.0646 -0.8902
vn -0.3019 0.0271 -0.9529
vn -0.3019 0.0271 -0.9530
vn -0.5921 -0.1675 -0.7882
vn -0.5921 -0.1675 -0.7883
vn -0.0039 -0.0004 -1.0000
vn 0.0743 -0.0000 -0.9972
vn -0.0039 -0.0003 -1.0000
vn 0.9765 -0.2113 0.0431
vn 0.9765 -0.1521 0.1529
vn 0.9765 -0.1921 0.0980
vn 0.9686 -0.1235 0.2157
vn -0.6941 0.2988 0.6549
vn -0.6941 0.2989 0.6549
vn -0.0039 0.3032 0.9529
vn -0.0039 0.3031 0.9529
vn 0.6471 0.5079 0.5686
vn 0.6470 0.5079 0.5686
vn 0.3020 -0.7278 0.6157
vn 0.1451 -0.7927 0.5921
vn 0.1373 -0.7998 0.5843
vn 0.3019 -0.7279 0.6157
vn -0.0039 -0.8384 0.5451
vn -0.5921 -0.4349 -0.6784
vn -0.5921 -0.4348 -0.6784
vn -0.5922 -0.4348 -0.6784
vn 0.3255 0.8133 0.4824
vn 0.3177 0.8163 0.4824
vn 0.3176 0.8298 0.4588
vn 0.3255 0.8086 0.4902
vn 0.3098 0.8989 0.3098
vn 0.3176 0.8816 0.3490
vn 0.3177 0.8816 0.3490
vn -0.6314 -0.7732 -0.0588
vn -0.1843 0.2407 0.9529
vn -0.3647 -0.9297 0.0510
vn -0.3647 -0.9297 0.0509
vn -0.0039 0.8964 -0.4432
vn -0.0039 0.8965 -0.4431
vn -0.0039 0.8964 -0.4431
vn -0.0196 -0.9398 0.3412
vn -0.0039 -0.9400 0.3412
vn -0.6785 -0.7334 0.0431
vn -0.6784 -0.7334 0.0431
vn -0.8431 0.2928 -0.4510
vn -0.8431 0.2929 -0.4510
vn 0.9765 -0.0975 0.1921
vn 0.9844 -0.0876 0.1529
vn 0.9922 -0.0661 0.1058
vn 0.9978 0.0005 0.0665
vn 0.6471 -0.0913 -0.7569
vn 0.3721 0.7566 0.5377
vn 0.3250 0.8223 0.4671
vn 0.3251 0.8223 0.4671
vn 0.4349 0.6493 0.6239
vn 0.4742 0.5701 0.6709
vn 0.6943 -0.2407 0.6783
vn 0.1378 -0.9895 -0.0437
vn 0.1221 -0.9897 -0.0751
vn 0.0986 -0.9894 -0.1064
vn 0.0829 -0.9880 -0.1300
vn 0.2230 0.9735 -0.0504
vn 0.2230 0.9735 -0.0505
vn -0.0201 0.7558 -0.6545
vn -0.0200 0.7558 -0.6545
vn -0.0271 -0.6616 -0.7494
vn 0.8512 -0.3695 -0.3728
vn 0.8512 -0.3695 -0.3727
vn -0.7102 0.7040 -0.0035
vn 0.7094 0.7048 0.0043
vn 0.7102 -0.7040 0.0035
vn -0.7094 -0.7048 -0.0043
vn 0.0118 0.0006 -0.9999
vn 0.0117 0.0006 -0.9999
vn -0.0039 -0.1286 -0.9917
vn -0.0036 -1.0000 -0.0042
vn 0.9917 -0.1286 -0.0039
vn 0.3862 -0.1663 -0.9073
vn -0.0047 -0.1247 -0.9922
vn -0.0045 -0.1246 -0.9922
vn 0.3398 -0.1844 -0.9222
vn 0.5271 -0.1449 -0.8374
vn 0.5192 -0.1232 -0.8457
vn 0.5027 0.0046 -0.8644
vn 0.5044 0.0023 -0.8635
vn -0.2546 -0.9670 -0.0037
vn -0.2544 -0.9671 -0.0042
vn -0.2544 -0.9671 -0.0041
vn -0.2546 -0.9670 -0.0036
vn -0.0042 1.0000 -0.0036
vn 0.1840 0.9829 -0.0039
vn 0.8122 -0.5833 -0.0019
vn 0.8129 -0.5824 -0.0040
vn 0.8128 -0.5825 -0.0036
vn 0.8121 -0.5835 -0.0015
vn -0.1764 -0.9843 -0.0041
vn -0.1763 -0.9843 -0.0041
vn -0.1764 -0.9843 -0.0040
vn -1.0000 -0.0064 -0.0046
vn -0.9999 -0.0076 -0.0066
vn -1.0000 -0.0066 -0.0054
vn -1.0000 -0.0053 -0.0035
vn 0.9212 0.3891 -0.0061
vn 0.9205 0.3906 -0.0013
vn 0.9206 0.3905 -0.0017
vn 0.9212 0.3890 -0.0065
vn -0.8323 -0.5543 -0.0047
vn -0.8341 -0.5515 -0.0017
vn -0.8332 -0.5530 -0.0033
vn -0.8313 -0.5557 -0.0063
vn 0.1293 0.5913 -0.7960
vn 0.1293 0.5914 -0.7960
vn -0.0040 0.5948 -0.8038
vn 0.9058 0.1695 -0.3882
vn 0.1766 -0.8142 -0.5531
vn -0.0038 -0.8279 -0.5609
vn -0.0040 0.8279 0.5609
vn 0.0587 0.8258 0.5609
vn -0.0041 0.8279 0.5609
vn 0.9372 0.2857 0.2001
vn 0.9372 0.2857 0.2000
vn 0.9451 -0.2697 -0.1843
vn 0.9451 -0.2697 -0.1844
vn 0.8196 -0.3632 0.4431
vn 0.7961 -0.5452 0.2628
vn 0.8118 -0.4849 0.3255
vn 0.7490 -0.3766 0.5451
vn 0.7176 -0.3908 0.5765
vn 0.5059 -0.4278 0.7490
vn -0.1451 -0.9316 0.3333
vn -0.1294 -0.9020 0.4118
vn -0.1216 -0.8882 0.4431
vn -0.0981 -0.8523 0.5137
vn 0.1295 0.9583 0.2549
vn 0.1294 0.9583 0.2549
vn -0.6235 0.5012 0.6000
vn 0.0980 -0.9228 -0.3725
vn 0.0981 -0.9228 -0.3725
vn 0.3334 -0.1022 -0.9372
vn 0.3333 -0.1022 -0.9372
vn 0.3333 -0.1023 -0.9372
vn -0.8274 0.4202 -0.3725
vn -0.8275 0.4201 -0.3726
vn -0.8274 0.3901 -0.4039
vn -0.8274 0.4058 -0.3882
vn -0.8196 0.3815 -0.4275
vn -0.4039 0.2928 -0.8667
vn -0.0039 -0.5377 0.8431
vn -0.0353 -0.5487 0.8353
vn -0.1216 -0.5599 0.8196
vn -0.1216 -0.5598 0.8196
vn -0.0039 0.7199 0.6941
vn 0.6392 0.4907 0.5921
vn 0.6392 0.4907 0.5922
vn -0.0118 -0.4705 -0.8823
vn 0.8902 -0.1058 0.4431
vn 0.8902 -0.1058 0.4432
vn 0.0353 -0.3249 0.9451
vn 0.0902 -0.4466 0.8902
vn 0.0902 -0.4619 0.8823
vn 0.0823 -0.5436 0.8353
vn 0.0824 -0.5436 0.8353
vn -0.0039 0.5123 0.8588
vn -0.0039 0.5122 0.8588
vn 0.2706 0.4350 0.8588
vn 0.3098 0.4395 0.8431
vn 0.5921 0.0555 0.8039
vn 0.5133 -0.0000 0.8582
vn 0.5451 -0.2856 0.7883
vn 0.6549 -0.2368 0.7177
vn 0.5059 0.2438 0.8275
vn 0.5529 0.1879 0.8118
vn 0.6941 0.0566 0.7177
vn 0.7098 0.0587 0.7020
vn 0.6235 0.1627 0.7647
vn 0.5922 0.3162 0.7412
vn 0.6470 0.2345 0.7255
vn 0.5137 0.5252 0.6784
vn 0.7961 -0.2276 0.5608
vn 0.7882 -0.2534 0.5608
vn 0.7961 -0.3756 0.4745
vn 0.7961 -0.3853 0.4667
vn -0.4823 0.8760 -0.0039
vn -0.2392 0.9710 -0.0039
vn -0.3882 0.9215 -0.0039
vn -0.3961 0.9182 -0.0039
vn -0.5059 0.8626 -0.0039
vn -0.2627 0.9649 -0.0039
vn -0.6235 -0.7818 -0.0039
vn -0.9608 -0.2773 -0.0039
vn -0.9608 -0.2773 -0.0040
vn 0.1372 -0.9905 -0.0039
vn 0.1373 -0.9905 -0.0039
vn -0.8353 0.5498 -0.0039
vn 0.7882 0.6154 -0.0039
vn 0.2628 -0.9649 -0.0039
vn 0.2627 -0.9649 -0.0039
vn 0.8275 0.5615 -0.0039
vn 0.8274 0.5615 -0.0039
vn 0.8588 -0.5123 -0.0039
vn -0.5529 -0.3956 -0.7333
vn -0.5059 -0.5426 -0.6706
vn -0.5451 -0.4202 -0.7255
vn -0.6549 -0.1475 -0.7412
vn -0.6863 -0.0520 -0.7255
vn -0.7725 0.2292 -0.5922
vn -0.7491 0.1425 -0.6470
vn -0.7961 0.3756 -0.4745
vn -0.7960 0.3757 -0.4745
vn -0.0039 0.6052 0.7961
vn 0.3098 0.5431 0.7804
vn 0.2000 0.6316 0.7490
vn 0.1843 0.6544 0.7333
vn -0.0039 0.4989 0.8667
vn 0.3020 0.4869 0.8196
vn 0.2549 0.4444 0.8588
vn -0.0039 0.6964 0.7176
vn 0.4510 0.4854 0.7490
vn 0.7098 0.6119 -0.3490
vn 0.7098 0.6118 -0.3491
vn 0.9294 0.3673 -0.0353
vn 0.9294 0.3674 -0.0353
vn 0.7490 -0.4458 0.4902
vn 0.8431 -0.2671 0.4667
vn 0.8274 -0.3003 0.4745
vn 0.9451 0.0768 0.3177
vn 0.9451 0.0293 0.3255
vn 0.9686 0.1576 0.1922
vn 0.3176 -0.8962 0.3098
vn -0.0353 0.7113 -0.7020
vn -0.0274 0.7117 -0.7019
vn -0.0274 0.7117 -0.7020
vn -0.0039 -0.7273 0.6863
vn 0.1451 -0.7202 0.6784
vn 0.3176 -0.6857 0.6549
vn 0.1608 -0.7955 -0.5843
vn 0.1373 -0.7941 -0.5921
vn -0.0039 -0.8058 -0.5921
vn 0.3020 -0.7652 -0.5686
vn 0.3019 -0.7652 -0.5686
vn -0.0039 0.8058 0.5921
vn 0.1373 0.7940 0.5922
vn 0.1765 0.7921 0.5843
vn 0.3098 0.7620 0.5687
vn 0.3098 0.7620 0.5686
vn 0.9922 0.1058 0.0667
vn -0.3176 0.6857 -0.6549
vn -0.1451 0.7202 -0.6784
vn -0.0039 0.7273 -0.6863
vn 0.9843 0.1412 0.1059
vn 0.9994 -0.0000 0.0353
vn 0.9991 -0.0000 0.0431
vn 1.0000 -0.0000 -0.0040
vn -0.0039 0.7624 0.6471
vn -0.0040 0.7624 0.6470
vn -0.0039 0.7624 0.6470
vn -0.9843 0.1412 0.1059
vn -0.9991 -0.0000 0.0431
vn -0.9994 -0.0000 0.0353
vn -0.0039 0.9113 -0.4118
vn 0.0039 0.7941 -0.6078
vn 0.0039 0.6536 -0.7568
vn 0.0039 0.6535 -0.7569
vn -0.0039 -0.6536 0.7568
vn -0.0039 -0.6536 0.7569
vn 0.9216 -0.0000 0.3882
vn -0.3804 0.1862 0.9059
vn -0.3804 0.1863 0.9059
vn -0.9216 -0.0004 -0.3882
vn 0.3804 -0.1863 -0.9059
vn 0.9999 -0.0000 0.0118
vn 0.0039 -0.1250 -0.9921
vn -0.9999 -0.0000 -0.0118
vn -0.0039 0.1251 0.9921
vn -0.0039 0.1250 0.9921
vn 0.0039 0.5729 -0.8196
vn -0.0039 -0.5729 0.8196
vn -0.0039 0.6052 -0.7961
vn -0.0040 -0.5498 0.8353
vn -0.0039 -0.5498 0.8353
vn 0.0432 0.4213 -0.9059
vn -0.0039 0.4235 -0.9059
vn 0.0431 0.4213 -0.9059
vn 0.9216 0.1700 -0.3490
vn 0.2706 0.4025 -0.8745
vn 0.9987 -0.0000 -0.0509
vn 0.1138 -0.4250 0.8980
vn 0.1137 -0.4250 0.8980
vn 0.1137 -0.4249 0.8980
vn 0.9686 -0.1087 0.2235
vn 0.2863 -0.3915 0.8745
vn -0.5294 -0.2710 0.8039
vn -0.4510 -0.2928 0.8431
vn -0.3176 -0.3044 0.8980
vn -0.6706 -0.2156 0.7098
vn 0.2235 0.9268 0.3019
vn 0.2235 0.9070 0.3569
vn 0.2235 0.9267 0.3020
vn 0.2235 0.8834 0.4118
vn 0.2235 0.8835 0.4118
vn -0.5373 0.1169 -0.8353
vn -0.9294 -0.1200 0.3490
vn -0.9294 0.1200 0.3490
vn -0.9294 0.3393 0.1451
vn -0.9137 0.4063 -0.0039
vn -0.9294 -0.3393 0.1451
vn -0.9294 -0.3394 0.1451
vn -0.9137 -0.4063 0.0039
vn -0.7882 0.4101 -0.4588
vn -0.7883 0.4101 -0.4588
vn -0.7960 0.3947 -0.4589
vn -0.8980 0.2871 -0.3333
vn -0.9843 -0.0003 -0.1765
vn -0.9921 -0.0294 -0.1216
vn -0.9921 -0.0777 -0.0981
vn -0.9922 -0.0776 -0.0980
vn -0.7412 -0.0314 -0.6706
vn -0.8118 -0.3710 -0.4510
vn -0.7647 -0.4360 -0.4745
vn -0.7961 -0.3947 -0.4588
vn -0.7490 -0.4457 -0.4902
vn -0.0510 -0.0000 0.9987
vn -0.0353 -0.7035 0.7098
vn 0.0353 -0.7410 -0.6706
vn -0.0431 -0.0000 -0.9991
vn -0.0510 -0.5592 -0.8275
vn -0.0510 -0.5593 -0.8274
vn -0.0510 -0.5592 -0.8274
vn 0.0275 0.7619 -0.6471
vn 0.0353 0.7338 -0.6784
vn 0.0274 0.7619 -0.6471
vn 0.0118 0.7879 -0.6157
vn 0.0117 0.7879 -0.6157
vn -0.0353 0.7035 0.7098
vn -0.0118 -0.8671 0.4981
vn -0.0118 -0.8671 0.4980
vn -1.0000 -0.0003 0.0039
vn -0.9686 -0.0675 0.2392
vn -0.9686 0.0675 0.2392
vn -0.9686 0.2284 0.0980
vn -0.9686 0.2284 -0.0980
vn -0.9686 0.0675 -0.2392
vn -0.9686 -0.0675 -0.2392
vn -0.9686 -0.2284 -0.0980
vn -0.9686 -0.2284 0.0980
vn -0.3412 -0.0719 0.9372
vn -0.3412 -0.0719 0.9373
vn -0.3882 -0.6484 0.6549
vn -0.4039 -0.9148 -0.0039
vn -0.3882 -0.6484 -0.6549
vn -0.3326 -0.0000 -0.9431
vn -0.2785 0.6799 -0.6784
vn -0.2784 0.6799 -0.6784
vn -0.2785 0.6798 -0.6784
vn -0.2628 0.9649 -0.0039
vn -0.2863 0.6766 0.6784
vn -0.2863 0.6766 0.6785
vn -0.9609 -0.0595 -0.2705
vn -0.9609 -0.0870 -0.2628
vn -0.9530 0.0731 -0.2941
vn -0.9529 0.0732 -0.2942
vn -0.9612 -0.1488 -0.2323
vn -0.9610 -0.1491 -0.2330
vn -0.9375 -0.2841 -0.2009
vn -0.9341 -0.2941 -0.2022
vn -0.9438 -0.2742 -0.1847
vn -0.9380 -0.2923 -0.1861
vn -0.9688 0.0896 0.2311
vn -0.9613 -0.1218 0.2472
vn -0.9612 -0.1229 0.2468
vn -0.9690 0.0892 0.2306
vn -0.9076 -0.3065 0.2868
vn -0.8999 -0.3210 0.2951
vn -0.8595 -0.3657 0.3571
vn -0.8594 -0.3659 0.3571
vn -0.8429 -0.3727 0.3880
vn -0.0116 0.9481 0.3177
vn -0.0037 0.9534 0.3017
vn -0.0039 0.9944 0.1060
vn -0.0118 0.9943 0.1060
vn -0.0038 0.8717 0.4901
vn -0.0118 0.8715 0.4902
vn 0.0040 -0.5021 -0.8648
vn -0.0038 -0.5021 -0.8648
vn 0.0041 -0.5021 -0.8648
vn -0.0346 0.0092 -0.9994
vn -0.0195 -0.0052 -0.9998
vn -0.0039 -0.0055 -1.0000
vn -0.0041 0.0122 -0.9999
vn -0.0584 0.1239 -0.9906
vn -0.0030 0.1407 -0.9900
vn -0.0759 0.3401 -0.9373
vn -0.0060 0.3268 -0.9451
vn -0.1376 -0.2654 0.9543
vn -0.2391 -0.4665 0.8516
vn -0.0037 -0.4696 0.8829
vn -0.0042 -0.2981 0.9545
vn -0.1062 -0.1336 0.9853
vn -0.0039 -0.1178 0.9930
vn -0.0030 -0.3298 0.9440
vn -0.3166 -0.2845 0.9049
vn -0.0022 -0.1309 0.9914
vn -0.3074 -0.1108 0.9451
vn -0.9838 0.0999 -0.1490
vn -0.9902 -0.0017 -0.1399
vn -0.9425 0.1742 -0.2851
vn -0.9978 -0.0042 -0.0669
vn -0.0432 0.3849 0.9219
vn -0.0432 0.3849 0.9220
vn -0.0040 0.3873 0.9219
vn -0.8368 0.2856 0.4671
vn -0.1294 -0.7834 -0.6079
vn -0.1294 -0.7773 -0.6157
vn -0.1373 -0.7821 -0.6078
vn -0.1294 -0.7835 -0.6078
vn -0.1294 -0.7834 -0.6078
vn -0.1451 -0.7745 -0.6157
vn -0.1529 -0.7853 -0.6000
vn -0.0118 -0.1761 0.9843
vn -0.0353 -0.3469 0.9372
vn -0.0588 -0.3643 0.9294
vn -0.0745 -0.3995 0.9137
vn -0.0980 -0.4120 0.9059
vn -0.0981 -0.4120 0.9059
vn -0.1058 -0.3923 -0.9137
vn -0.8980 -0.4095 -0.1608
vn -0.8823 -0.4260 -0.2000
vn -0.8823 -0.4005 -0.2471
vn -0.8667 -0.4241 -0.2628
vn -0.8823 -0.3674 -0.2941
vn -0.7882 -0.2701 0.5529
vn -0.7412 -0.3918 0.5451
vn -0.8196 -0.1764 0.5451
vn -0.8198 -0.1766 0.5447
vn -0.9765 -0.0807 0.2000
vn -0.9216 0.1093 0.3725
vn -0.9584 -0.0000 0.2856
vn -0.9999 -0.0000 0.0117
vn -0.9294 -0.0941 -0.3569
vn -0.9584 -0.0000 -0.2856
vn -0.7412 0.1069 -0.6627
vn -0.7948 -0.0000 -0.6069
vn -0.6549 0.1476 -0.7412
vn -0.0118 0.9999 -0.0039
vn 0.0039 0.9843 -0.1765
vn 0.0039 0.9829 -0.1843
vn 0.0039 0.9216 -0.3882
vn -0.1529 -0.4451 -0.8824
vn -0.1529 -0.4450 -0.8824
vn -0.1530 -0.4451 -0.8823
vn 0.0118 0.5839 -0.8118
vn 0.0118 0.5839 -0.8117
vn -0.6627 -0.7296 -0.1686
vn -0.6628 -0.7296 -0.1686
vn -0.6627 -0.7297 -0.1686
vn -0.5451 -0.7790 0.3098
vn -0.6316 0.4027 -0.6625
vn -0.3103 0.9447 0.1064
vn -0.3103 0.9446 0.1064
vn 0.3252 0.5450 0.7728
vn 0.3252 0.5449 0.7728
vn 0.3252 0.5449 0.7729
vn 0.6316 -0.4027 0.6625
vn 0.3103 -0.9446 -0.1064
vn 0.3103 -0.9447 -0.1064
vn -0.3252 -0.5449 -0.7728
vn -0.3251 -0.5449 -0.7729
vn -0.7724 -0.3264 0.5449
vn -0.4434 0.4680 -0.7644
vn 0.1370 0.4648 0.8748
vn 0.4434 -0.4680 0.7644
vn 0.4434 -0.4680 0.7645
vn -0.1370 -0.4648 -0.8748
vn -0.8900 -0.3273 0.3174
vn -0.8900 -0.3273 0.3175
vn -0.9921 0.1220 0.0274
vn -0.9922 0.1220 0.0274
vn -0.9865 0.0761 0.1449
vn -0.9868 0.0734 0.1442
vn -0.9999 -0.0012 -0.0107
vn -0.9999 -0.0011 -0.0108
vn -0.9843 0.0671 -0.1632
vn -0.9843 0.0660 -0.1635
vn 0.0269 0.3899 -0.9205
vn 0.0270 0.3899 -0.9205
vn -0.1216 0.9925 0.0118
vn -0.1215 0.9925 0.0119
vn -0.1372 0.9899 -0.0350
vn -0.1373 0.9901 -0.0275
vn -0.1531 0.9854 -0.0746
vn -0.1531 0.9854 -0.0744
vn -0.9608 -0.1403 0.2392
vn -0.8823 0.0607 -0.4667
vn -0.8667 0.0294 -0.4980
vn -0.7098 0.1200 -0.6941
vn -0.6941 0.0566 -0.7176
vn -0.5921 0.0554 -0.8039
vn -0.5686 0.0702 -0.8196
vn -0.3882 -0.0003 -0.9216
vn -0.4109 -0.0000 -0.9117
vn -0.2941 0.0736 -0.9529
vn -0.0015 0.8636 -0.5041
vn -0.0015 0.8638 -0.5039
vn 0.0780 0.8207 -0.5660
vn 0.0383 0.8436 -0.5356
vn 0.1332 0.7848 -0.6052
vn -0.7727 0.1184 -0.6236
vn -0.7795 -0.0484 -0.6245
vn -0.7803 -0.0480 -0.6235
vn -0.7571 0.1961 -0.6232
vn -0.7021 0.3835 -0.6000
vn -0.3647 -0.4419 -0.8196
vn -0.7098 -0.1896 0.6784
vn -0.6941 -0.1908 0.6941
vn -0.7412 -0.2051 0.6392
vn -0.5137 -0.2777 0.8118
vn -0.3098 -0.3123 0.8980
vn 0.1599 0.9837 0.0827
vn 0.1521 0.9866 0.0591
vn 0.1439 0.9892 0.0277
vn 0.1437 0.9892 0.0277
vn 0.1683 0.9667 0.1926
vn 0.1682 0.9725 0.1608
vn 0.1607 0.9575 0.2395
vn 0.1608 0.9575 0.2395
vn 0.7244 0.1156 0.6796
vn 0.7133 0.1130 0.6917
vn 0.7255 0.1159 0.6784
vn 0.7252 0.1157 0.6788
vn 0.9285 0.3310 -0.1683
vn 0.8891 0.4433 -0.1139
vn 0.8887 0.4440 -0.1146
vn 0.9123 0.3857 -0.1377
vn 0.7289 -0.5983 -0.3329
vn -0.0394 -0.4074 0.9124
vn -0.6706 -0.7401 -0.0510
vn -0.6863 -0.7196 -0.1059
vn -0.7020 -0.6938 -0.1608
vn -0.7020 -0.6938 -0.1607
vn -0.7098 -0.6909 -0.1373
vn -0.7098 -0.6938 -0.1215
vn -0.7333 -0.6785 -0.0431
vn -0.7490 -0.6623 0.0196
vn -0.7568 -0.6493 0.0745
vn -0.7569 -0.6493 0.0745
vn -0.7647 -0.6391 0.0824
vn -0.6078 -0.7929 0.0431
vn -0.6235 -0.7810 0.0353
vn -0.5765 -0.8144 0.0667
vn 0.8196 -0.1707 -0.5470
vn 0.8201 -0.1701 -0.5464
vn 0.8194 -0.1709 -0.5471
vn 0.8188 -0.1716 -0.5478
vn 0.8581 0.5093 0.0662
vn 0.8506 0.5240 -0.0431
vn 0.8417 0.5384 0.0412
vn 0.8494 0.5190 0.0956
vn 0.8745 0.4850 -0.0039
vn 0.8510 0.5187 -0.0824
vn -0.5294 0.8205 -0.2157
vn -0.8275 -0.0294 0.5608
vn -0.8274 -0.0293 0.5608
vn -0.5843 -0.4793 0.6549
vn -0.5843 -0.4792 0.6549
vn 0.7647 0.6240 -0.1608
vn 0.7333 0.6393 -0.2314
vn 0.7569 0.6247 -0.1922
vn 0.7804 0.6118 -0.1294
vn 0.7333 0.6586 -0.1687
vn 0.5686 -0.7294 0.3804
vn 0.7333 -0.6202 0.2784
vn 0.6078 -0.7094 0.3569
vn 0.8039 -0.5511 0.2235
vn 0.8976 0.4003 0.1845
vn 0.9132 0.4051 0.0432
vn 0.9053 0.4113 -0.1062
vn 0.8350 0.3818 0.3962
vn 0.7411 0.3442 0.5765
vn 0.9452 0.2603 -0.1968
vn 0.9294 0.3300 -0.1654
vn 0.9135 0.3841 -0.1339
vn 0.3858 -0.1395 -0.9120
vn -0.1465 -0.2592 -0.9546
vn 0.8667 0.4773 0.1451
vn 0.8588 0.5079 0.0667
vn 0.8510 0.5160 0.0981
vn -0.2549 0.6303 0.7333
vn -0.6235 -0.7813 -0.0274
vn -0.3490 -0.9172 0.1922
vn -0.5608 -0.8253 -0.0667
vn -0.6078 -0.7724 -0.1843
vn -0.6157 -0.7697 -0.1687
vn -0.6392 -0.7654 -0.0745
vn -0.6784 -0.7281 0.0980
vn -0.7098 -0.6730 0.2078
vn -0.6784 -0.7186 0.1529
vn -0.8353 -0.2329 0.4980
vn -0.5687 -0.7555 0.3255
vn -0.0040 -0.2773 0.9608
vn 0.5529 -0.5345 0.6392
vn -0.5059 0.1412 0.8510
vn -0.8196 0.3534 0.4510
vn -0.8588 0.4890 -0.1530
vn -0.8588 0.4889 -0.1529
vn -0.4353 0.3359 -0.8353
vn -0.4432 0.3046 -0.8431
vn -0.4510 0.2692 -0.8510
vn -0.4588 0.2278 -0.8588
vn -0.0667 -0.2051 -0.9765
vn -0.1216 -0.2493 -0.9608
vn -0.1921 -0.2910 -0.9372
vn -0.2628 -0.3322 -0.9059
vn -0.5608 -0.7579 -0.3334
vn -0.5608 -0.7579 -0.3333
vn 0.9765 0.1120 0.1843
vn 0.4426 -0.5098 -0.7377
vn -0.2784 0.9517 -0.1294
vn -0.3882 0.9179 -0.0824
vn -0.3961 0.9152 -0.0745
vn -0.5216 0.8445 0.1216
vn -0.5294 0.8314 0.1686
vn -0.5450 0.7727 0.3255
vn -0.5451 0.7726 0.3255
vn -0.2863 0.5668 0.7725
vn -0.2863 0.5559 0.7804
vn -0.2784 0.5707 0.7725
vn -0.2706 0.5637 0.7804
vn 0.0118 -0.4849 -0.8745
vn 0.9608 -0.2759 0.0275
vn 0.9608 -0.2760 0.0275
vn 0.3647 0.2731 0.8902
vn 0.3647 0.2730 0.8902
vn -0.6627 -0.3486 -0.6627
vn -0.6627 -0.3486 -0.6628
vn -0.6627 -0.3487 -0.6627
vn 0.7882 0.1367 0.6000
vn 0.7882 0.1368 0.6000
vn -0.9843 -0.1561 -0.0824
vn -0.8431 0.0222 -0.5373
vn -0.7176 -0.4786 0.5059
vn -0.6941 -0.4878 0.5294
vn -0.5843 -0.5194 0.6235
vn -0.8039 -0.4365 0.4039
vn -0.8039 -0.4366 0.4039
vn 0.8745 0.1972 -0.4431
vn -0.1294 -0.5912 0.7961
vn 0.8118 -0.3804 0.4431
vn 0.8118 -0.3803 0.4431
vn 0.8117 -0.3804 0.4432
vn 0.9983 -0.0000 0.0587
vn -0.9899 -0.1415 0.0037
vn -0.9899 -0.1415 0.0039
vn -0.9899 -0.1415 0.0038
vn -0.7474 -0.3030 0.5912
vn -0.7492 -0.3040 0.5884
vn -0.7475 -0.3031 0.5910
vn -0.7459 -0.3021 0.5935
vn 0.7172 0.6968 -0.0035
vn -0.0038 -0.3406 0.9402
vn -0.0039 -0.3405 0.9402
vn -0.0591 -0.3215 0.9451
vn -0.1059 -0.3322 0.9372
vn -0.0510 -0.3228 0.9451
vn -0.2706 -0.3665 0.8902
vn -0.2314 0.9729 -0.0039
vn -0.1529 -0.9882 -0.0039
vn -0.1530 -0.9882 -0.0039
vn -0.8039 -0.5947 -0.0039
vn -0.3255 0.9455 -0.0039
vn -0.3255 0.9455 -0.0040
vn -0.8588 0.2939 -0.4196
vn -0.8588 0.3431 -0.3804
vn -0.8353 0.1959 -0.5137
vn -0.8431 0.1308 -0.5216
vn -0.8118 0.1331 -0.5686
vn -0.8196 0.1174 -0.5608
vn -0.8353 0.0719 -0.5451
vn -0.8353 0.0718 -0.5451
vn -0.1294 0.5090 -0.8510
vn -0.1373 0.5894 -0.7961
vn -0.0040 0.7122 -0.7020
vn -0.1373 0.7143 -0.6862
vn -0.1372 0.7567 -0.6392
vn -0.6863 -0.2622 -0.6784
vn -0.6863 -0.3164 -0.6549
vn -0.6549 -0.3485 -0.6706
vn -0.6392 -0.3142 -0.7020
vn -0.7568 -0.2193 -0.6157
vn -0.7647 -0.2350 -0.6000
vn -0.8274 -0.3818 -0.4118
vn -0.8353 -0.4312 -0.3412
vn -0.8431 -0.5022 -0.1922
vn -0.7647 -0.2541 -0.5921
vn -0.6628 -0.2386 -0.7098
vn -0.4745 -0.2778 -0.8353
vn -0.5372 -0.3200 -0.7804
vn -0.4902 -0.3368 -0.8039
vn -0.6157 -0.2676 -0.7412
vn -0.2235 -0.2937 -0.9294
vn -0.0039 -0.2156 -0.9765
vn -0.0040 -0.3690 -0.9294
vn -0.1608 -0.3534 -0.9215
vn -0.1608 -0.3534 -0.9216
vn -0.9137 -0.1200 -0.3882
vn -0.9137 -0.1199 -0.3882
vn -0.5137 0.4820 -0.7098
vn -0.5215 0.4735 -0.7098
vn -0.3804 0.5635 -0.7333
vn -0.6314 0.3895 -0.6706
vn -0.6313 0.3895 -0.6706
vn -0.3177 -0.9404 0.1216
vn -0.3176 -0.9404 0.1216
vn -0.3177 -0.9404 0.1215
vn -0.7490 -0.6527 -0.1137
vn -0.7490 -0.6527 -0.1138
vn 0.0039 -0.5729 -0.8196
vn -0.0039 -0.5615 -0.8274
vn 0.0039 -0.5252 -0.8510
vn -0.4510 -0.5512 -0.7020
vn -0.4981 -0.4628 -0.7333
vn -0.5137 -0.4453 -0.7333
vn -0.4510 -0.5513 -0.7020
vn -0.5216 -0.2627 -0.8118
vn -0.4667 -0.1764 -0.8667
vn -0.4666 -0.1764 -0.8667
vn 0.5215 -0.5374 -0.6627
vn 0.5216 -0.5374 -0.6627
vn 0.6000 -0.5627 -0.5686
vn 0.5922 -0.5549 -0.5843
vn 0.5451 -0.6744 -0.4980
vn 0.5608 -0.6555 -0.5059
vn 0.2471 -0.8696 -0.4275
vn 0.3412 -0.8248 -0.4510
vn 0.4432 -0.5475 -0.7098
vn -0.0667 0.2957 -0.9529
vn -0.0431 -0.7988 -0.6000
vn 0.3961 -0.5629 -0.7255
vn 0.3255 -0.6247 -0.7098
vn 0.3412 -0.6163 -0.7098
vn 0.1608 -0.7169 -0.6784
vn 0.0902 -0.7434 -0.6627
vn -0.0039 -0.7754 -0.6314
vn 0.4667 -0.0607 -0.8823
vn 0.3019 0.0271 -0.9529
vn 0.4510 -0.0647 -0.8902
vn 0.5921 -0.1675 -0.7882
vn 0.5921 -0.1676 -0.7882
vn -0.0743 -0.0000 -0.9972
vn -0.9765 -0.2113 0.0431
vn -0.9765 -0.1921 0.0980
vn -0.9765 -0.1521 0.1529
vn -0.9686 -0.1235 0.2157
vn 0.6941 0.2989 0.6549
vn 0.6941 0.2988 0.6549
vn 0.0039 0.3031 0.9529
vn -0.6471 0.5079 0.5686
vn -0.3020 -0.7279 0.6157
vn -0.3020 -0.7278 0.6157
vn -0.1373 -0.7998 0.5843
vn -0.1451 -0.7927 0.5922
vn 0.5922 -0.4348 -0.6784
vn 0.5921 -0.4349 -0.6784
vn -0.3255 0.8133 0.4824
vn -0.3255 0.8086 0.4902
vn -0.3177 0.8298 0.4588
vn -0.3255 0.8133 0.4823
vn -0.3098 0.8989 0.3098
vn -0.3176 0.8816 0.3490
vn -0.3177 0.8816 0.3490
vn 0.6314 -0.7732 -0.0588
vn 0.6314 -0.7733 -0.0588
vn 0.1843 0.2407 0.9529
vn 0.3647 -0.9297 0.0510
vn 0.0039 0.8964 -0.4431
vn 0.0039 0.8965 -0.4431
vn 0.0196 -0.9398 0.3412
vn 0.6784 -0.7334 0.0431
vn 0.8431 0.2928 -0.4510
vn 0.8431 0.2929 -0.4510
vn -0.9764 -0.0986 0.1921
vn -0.9921 -0.0672 0.1058
vn -0.9843 -0.0887 0.1529
vn -0.9978 -0.0006 0.0665
vn -0.6470 -0.0920 -0.7569
vn -0.3730 0.7562 0.5377
vn -0.4357 0.6488 0.6239
vn -0.3260 0.8219 0.4671
vn -0.4748 0.5696 0.6709
vn -0.6940 -0.2415 0.6783
vn -0.1367 -0.9897 -0.0437
vn -0.1367 -0.9896 -0.0437
vn -0.0975 -0.9895 -0.1064
vn -0.1210 -0.9898 -0.0751
vn -0.0818 -0.9881 -0.1300
vn -0.2241 0.9733 -0.0504
vn 0.0192 0.7558 -0.6545
vn 0.0192 0.7559 -0.6545
vn 0.0278 -0.6616 -0.7494
vn 0.0278 -0.6615 -0.7494
vn -0.8508 -0.3705 -0.3728
vn -0.8508 -0.3705 -0.3727
vn 0.7094 0.7048 -0.0035
vn -0.7102 0.7040 0.0043
vn -0.7094 -0.7048 0.0035
vn 0.7102 -0.7040 -0.0043
vn -0.0117 0.0006 -0.9999
vn -0.0118 0.0006 -0.9999
vn -0.9926 -0.1214 -0.0039
vn -0.3879 -0.1685 -0.9062
vn -0.3405 -0.1849 -0.9219
vn -0.0035 -0.1246 -0.9922
vn -0.0033 -0.1247 -0.9922
vn -0.5289 -0.1478 -0.8357
vn -0.5201 -0.1286 -0.8444
vn -0.5038 0.0012 -0.8638
vn -0.5042 0.0005 -0.8636
vn 0.2553 -0.9669 -0.0048
vn 0.2552 -0.9669 -0.0050
vn 0.2555 -0.9668 -0.0043
vn 0.2556 -0.9668 -0.0042
vn -0.0043 1.0000 -0.0035
vn -0.0043 1.0000 -0.0036
vn -0.1846 0.9828 -0.0031
vn -0.8113 -0.5846 -0.0060
vn -0.8114 -0.5844 -0.0064
vn -0.8108 -0.5853 -0.0044
vn -0.8107 -0.5855 -0.0040
vn 0.1766 -0.9843 -0.0041
vn 0.1766 -0.9843 -0.0040
vn 1.0000 0.0061 -0.0021
vn 1.0000 0.0050 -0.0035
vn 1.0000 0.0063 -0.0022
vn 1.0000 0.0073 -0.0008
vn -0.9220 0.3873 -0.0015
vn -0.9219 0.3874 -0.0010
vn -0.9225 0.3859 -0.0061
vn -0.9226 0.3857 -0.0065
vn 0.8385 -0.5449 -0.0033
vn 0.8396 -0.5433 -0.0016
vn 0.8376 -0.5463 -0.0048
vn 0.8365 -0.5479 -0.0065
vn -0.1295 0.5913 -0.7960
vn -0.9059 0.1692 -0.3882
vn -0.1764 -0.8143 -0.5531
vn -0.1763 -0.8143 -0.5531
vn -0.0039 -0.8279 -0.5609
vn -0.0590 0.8258 0.5609
vn -0.9373 0.2855 0.2000
vn -0.9373 0.2854 0.2001
vn -0.9451 -0.2699 -0.1843
vn -0.9451 -0.2700 -0.1843
vn -0.9450 -0.2700 -0.1844
vn -0.7961 -0.5452 0.2627
vn -0.8196 -0.3632 0.4431
vn -0.8118 -0.4849 0.3255
vn -0.7490 -0.3766 0.5451
vn -0.7176 -0.3907 0.5765
vn -0.5059 -0.4279 0.7490
vn 0.1451 -0.9316 0.3333
vn 0.1216 -0.8882 0.4431
vn 0.1294 -0.9020 0.4118
vn 0.0981 -0.8523 0.5137
vn -0.1294 0.9583 0.2549
vn 0.6235 0.5012 0.6000
vn -0.0980 -0.9228 -0.3725
vn -0.0980 -0.9228 -0.3726
vn -0.3333 -0.1022 -0.9373
vn -0.3333 -0.1023 -0.9373
vn 0.8274 0.4202 -0.3725
vn 0.8274 0.4058 -0.3882
vn 0.8274 0.3901 -0.4039
vn 0.8275 0.4201 -0.3726
vn 0.8196 0.3815 -0.4274
vn 0.4039 0.2928 -0.8666
vn 0.9529 0.2703 0.1373
vn -0.9998 -0.0000 -0.0196
vn -0.9991 -0.0000 -0.0431
vn -0.9983 -0.0000 -0.0587
vn -0.9978 -0.0000 -0.0665
vn -0.9765 0.1921 0.0980
vn -0.1764 -0.7132 -0.6784
vn -0.1765 -0.7132 -0.6784
vn -0.1765 -0.8248 -0.5372
vn -0.1764 -0.8248 -0.5372
vn -0.2000 -0.6126 -0.7647
vn -0.1922 -0.6151 -0.7647
vn -0.2235 -0.6421 -0.7333
vn -0.3726 -0.9189 -0.1294
vn -0.3725 -0.9190 -0.1294
vn 0.9991 -0.0000 -0.0431
vn 0.9998 -0.0000 0.0196
vn -0.1686 -0.2800 -0.9451
vn -0.1686 -0.2799 -0.9451
vn -0.1059 0.9121 0.3961
vn -0.1216 0.9031 0.4118
vn -0.1216 0.9031 0.4117
vn -0.0980 0.9196 0.3804
vn -0.0039 -0.5615 0.8275
vn 0.0353 -0.5487 0.8353
vn 0.1216 -0.5599 0.8196
vn 0.1215 -0.5599 0.8196
vn -0.6392 0.4907 0.5921
vn -0.6392 0.4907 0.5922
vn 0.0118 -0.4705 -0.8823
vn -0.0039 -0.4706 -0.8823
vn -0.8902 -0.1058 0.4431
vn -0.8902 -0.1058 0.4432
vn -0.0353 -0.3249 0.9451
vn -0.0902 -0.4466 0.8902
vn -0.0902 -0.4619 0.8823
vn -0.0823 -0.5436 0.8353
vn -0.0824 -0.5436 0.8353
vn -0.3098 0.4395 0.8431
vn -0.2706 0.4350 0.8588
vn -0.5922 0.0554 0.8039
vn -0.5134 -0.0000 0.8582
vn -0.5451 -0.2856 0.7882
vn -0.6549 -0.2369 0.7176
vn -0.5058 0.2438 0.8275
vn -0.5529 0.1879 0.8118
vn -0.6941 0.0565 0.7176
vn -0.7098 0.0587 0.7019
vn -0.6235 0.1626 0.7647
vn -0.5922 0.3163 0.7412
vn -0.6471 0.2345 0.7255
vn -0.5137 0.5252 0.6784
vn -0.7961 -0.2276 0.5608
vn -0.7882 -0.2534 0.5608
vn -0.7961 -0.3756 0.4745
vn -0.7961 -0.3854 0.4667
vn 0.4823 0.8760 -0.0039
vn 0.3882 0.9216 -0.0039
vn 0.2392 0.9710 -0.0039
vn 0.3961 0.9182 -0.0039
vn 0.5059 0.8626 -0.0039
vn 0.2628 0.9649 -0.0039
vn 0.6235 -0.7818 -0.0039
vn 0.9608 -0.2773 -0.0039
vn -0.1372 -0.9905 -0.0039
vn -0.1373 -0.9905 -0.0039
vn 0.8353 0.5498 -0.0039
vn -0.7882 0.6154 -0.0039
vn -0.2628 -0.9648 -0.0040
vn -0.2627 -0.9649 -0.0039
vn -0.2628 -0.9649 -0.0039
vn -0.8274 0.5615 -0.0039
vn -0.8275 0.5615 -0.0039
vn -0.8588 -0.5123 -0.0039
vn -0.8588 -0.5122 -0.0039
vn 0.5059 -0.5426 -0.6706
vn 0.5529 -0.3956 -0.7333
vn 0.5451 -0.4202 -0.7255
vn 0.6549 -0.1475 -0.7412
vn 0.6863 -0.0520 -0.7255
vn 0.7725 0.2292 -0.5921
vn 0.7490 0.1425 -0.6470
vn 0.7961 0.3756 -0.4745
vn 0.7961 0.3757 -0.4745
vn -0.1843 0.6544 0.7333
vn -0.2000 0.6316 0.7490
vn -0.3098 0.5431 0.7804
vn -0.0040 0.4989 0.8666
vn -0.3020 0.4869 0.8196
vn -0.2549 0.4444 0.8588
vn -0.4510 0.4854 0.7490
vn -0.7098 0.6119 -0.3490
vn -0.9294 0.3674 -0.0353
vn -0.9294 0.3673 -0.0353
vn -0.7490 -0.4458 0.4902
vn -0.7490 -0.4458 0.4901
vn -0.8274 -0.3003 0.4745
vn -0.8431 -0.2671 0.4667
vn -0.9451 0.0293 0.3255
vn -0.9686 0.1576 0.1921
vn -0.9686 0.1576 0.1922
vn -0.3176 -0.8962 0.3098
vn 0.0353 0.7113 -0.7020
vn 0.0274 0.7117 -0.7020
vn 0.0275 0.7117 -0.7019
vn -0.1451 -0.7202 0.6784
vn -0.3176 -0.6857 0.6549
vn -0.3177 -0.6857 0.6549
vn -0.1608 -0.7954 -0.5843
vn -0.1372 -0.7940 -0.5922
vn -0.3020 -0.7652 -0.5686
vn -0.1765 0.7921 0.5843
vn -0.1373 0.7940 0.5922
vn -0.3098 0.7620 0.5686
vn -0.9922 0.1058 0.0667
vn 0.3176 0.6857 -0.6549
vn 0.1451 0.7202 -0.6784
vn 0.3177 0.6857 -0.6549
vn -0.0039 0.7941 -0.6078
vn -0.0039 0.6535 -0.7569
vn -0.9216 -0.0002 0.3882
vn 0.3804 0.1863 0.9059
vn 0.9216 -0.0000 -0.3882
vn -0.3804 -0.1863 -0.9059
vn -0.9999 -0.0000 0.0118
vn -0.0039 -0.1250 -0.9921
vn 0.0039 0.1251 0.9921
vn 0.0039 0.1250 0.9921
vn -0.0039 0.5729 -0.8196
vn 0.0039 -0.5729 0.8196
vn -0.0431 0.4213 -0.9059
vn -0.9216 0.1700 -0.3490
vn -0.2706 0.4025 -0.8745
vn -0.9987 -0.0000 -0.0509
vn -0.1138 -0.4249 0.8980
vn -0.1137 -0.4250 0.8980
vn -0.9686 -0.1087 0.2235
vn -0.2863 -0.3915 0.8745
vn 0.5608 -0.1174 0.8196
vn 0.6156 -0.0000 0.7881
vn 0.6235 0.0471 0.7804
vn 0.7333 0.2884 0.6157
vn 0.7490 0.2972 0.5922
vn 0.8196 0.3324 0.4667
vn 0.8353 0.3030 0.4588
vn 0.8274 0.3123 0.4667
vn 0.8196 0.2832 0.4980
vn 0.8039 0.2710 0.5294
vn -0.6784 0.6332 0.3726
vn -0.7333 0.5349 0.4196
vn -0.6863 0.6200 0.3804
vn -0.6157 0.7245 0.3098
vn -0.6157 0.7311 0.2941
vn -0.6157 0.7372 0.2784
vn -0.6941 -0.7174 -0.0589
vn -0.6941 -0.7175 -0.0588
vn 0.5137 -0.6493 -0.5608
vn 0.4588 -0.7194 -0.5216
vn 0.3882 -0.7900 -0.4745
vn 0.0353 -0.8476 0.5294
vn 0.1529 -0.5521 -0.8196
vn 0.1529 -0.5522 -0.8196
vn -0.5530 0.8143 -0.1765
vn -0.5530 0.8143 -0.1764
vn 0.1922 -0.9812 0.0196
vn 0.1921 -0.9812 0.0196
vn -0.3569 0.5980 -0.7176
vn 0.9216 0.3631 -0.1373
vn 0.9216 0.3632 -0.1373
vn 0.9216 0.3632 -0.1372
vn 0.6000 0.1761 -0.7804
vn 0.2470 -0.1260 -0.9608
vn 0.2471 -0.1260 -0.9608
vn -0.4980 0.8625 -0.0902
vn -0.4824 0.8760 -0.0039
vn -0.4980 0.8646 -0.0667
vn -0.5137 0.8428 -0.1608
vn 0.1373 -0.9270 0.3490
vn 0.1372 -0.9270 0.3490
vn 0.0824 -0.6391 0.7647
vn 0.0353 -0.6704 0.7412
vn -0.0039 -0.6882 0.7255
vn -0.9216 -0.3837 0.0588
vn -0.9216 -0.3838 0.0588
vn -0.9451 0.2751 -0.1765
vn -0.7725 -0.2662 -0.5765
vn -0.7490 -0.2811 -0.6000
vn -0.6549 -0.1826 -0.7333
vn -0.8196 -0.3211 -0.4745
vn -0.8980 -0.4306 0.0902
vn -0.8981 -0.4305 0.0902
vn -0.6078 -0.0960 0.7882
vn -0.5216 -0.1307 0.8431
vn -0.5529 -0.0980 0.8274
vn -0.6078 -0.0961 0.7882
vn -0.4274 -0.2292 0.8745
vn -0.5608 -0.1174 0.8196
vn -0.6235 0.0471 0.7804
vn -0.6156 -0.0000 0.7881
vn -0.7333 0.2884 0.6157
vn -0.7490 0.2972 0.5922
vn -0.8196 0.3324 0.4667
vn -0.8353 0.3030 0.4588
vn -0.8274 0.3123 0.4667
vn -0.8196 0.2832 0.4980
vn -0.8039 0.2710 0.5294
vn 0.6784 0.6332 0.3725
vn 0.6863 0.6200 0.3804
vn 0.7333 0.5349 0.4196
vn 0.6157 0.7246 0.3098
vn 0.6157 0.7310 0.2941
vn 0.6157 0.7372 0.2784
vn 0.6156 0.7372 0.2784
vn 0.6941 -0.7175 -0.0589
vn 0.6941 -0.7175 -0.0588
vn -0.5137 -0.6493 -0.5608
vn -0.4588 -0.7193 -0.5216
vn -0.4510 -0.7243 -0.5216
vn -0.3882 -0.7900 -0.4745
vn -0.0353 -0.8476 0.5294
vn -0.1530 -0.5521 -0.8196
vn -0.1529 -0.5522 -0.8196
vn -0.1529 -0.5521 -0.8196
vn 0.5529 0.8143 -0.1765
vn 0.5530 0.8143 -0.1765
vn -0.1922 -0.9812 0.0196
vn -0.1921 -0.9812 0.0196
vn 0.3569 0.5980 -0.7176
vn 0.3568 0.5980 -0.7176
vn -0.9216 0.3631 -0.1373
vn -0.9216 0.3632 -0.1373
vn -0.9216 0.3632 -0.1372
vn -0.6000 0.1761 -0.7804
vn -0.2470 -0.1260 -0.9608
vn -0.2471 -0.1260 -0.9608
vn 0.4980 0.8625 -0.0902
vn 0.4980 0.8646 -0.0667
vn 0.5137 0.8428 -0.1608
vn -0.1373 -0.9270 0.3490
vn -0.1372 -0.9270 0.3490
vn -0.0823 -0.6391 0.7647
vn -0.0824 -0.6391 0.7647
vn -0.0353 -0.6704 0.7412
vn 0.0039 -0.6882 0.7255
vn 0.9216 -0.3837 0.0588
vn 0.9216 -0.3838 0.0588
vn 0.9451 0.2751 -0.1765
vn 0.7725 -0.2662 -0.5765
vn 0.6549 -0.1826 -0.7333
vn 0.7490 -0.2811 -0.6000
vn 0.8196 -0.3211 -0.4745
vn 0.8980 -0.4306 0.0902
vn 0.8981 -0.4305 0.0902
vn 0.6078 -0.0960 0.7882
vn 0.6078 -0.0961 0.7882
vn 0.5529 -0.0980 0.8274
vn 0.5216 -0.1307 0.8431
vn 0.4274 -0.2292 0.8745
vn 0.8353 -0.0719 0.5451
vn 0.8823 0.1046 0.4588
vn 0.8824 0.1046 0.4588
vn 0.8510 0.0618 0.5216
vn 0.7961 -0.1250 0.5922
vn 0.7569 -0.1689 0.6314
vn 0.9059 -0.2015 0.3726
vn 0.7490 -0.2009 0.6314
vn 0.8823 -0.2415 0.4040
vn -0.0353 0.3249 0.9451
vn -0.0431 0.2448 0.9686
vn -0.0510 0.2433 0.9686
vn -0.0510 0.1142 0.9921
vn -0.0431 -0.0000 0.9991
vn -0.7412 0.5362 0.4039
vn -0.7412 0.5531 0.3804
vn -0.6863 0.4435 0.5765
vn -0.6628 0.3901 0.6392
vn -0.7961 0.5996 0.0823
vn -0.7961 0.5985 0.0902
vn -0.7804 0.5924 -0.2000
vn -0.7804 0.5950 -0.1921
vn -0.7569 0.5913 -0.2784
vn -0.7490 0.4926 -0.4431
vn -0.7490 0.4624 -0.4744
vn -0.7412 0.2051 -0.6392
vn -0.7255 0.2116 -0.6549
vn -0.6392 0.3470 0.6863
vn -0.6392 0.3471 0.6863
vn -0.6706 -0.1120 -0.7333
vn -0.4902 -0.1886 -0.8510
vn -0.5765 -0.0934 -0.8117
vn -0.2157 -0.2131 -0.9529
vn -0.3647 -0.2460 -0.8980
vn -0.5137 -0.2777 -0.8118
vn -0.4353 -0.2939 -0.8510
vn -0.4353 -0.2701 -0.8588
vn -0.3725 -0.2875 -0.8824
vn -0.3725 -0.2876 -0.8824
vn 0.9294 -0.3426 -0.1373
vn 0.9529 -0.2957 -0.0667
vn 0.9529 -0.2958 -0.0667
vn 0.9137 -0.3697 -0.1686
vn 0.8510 -0.4297 -0.3020
vn 0.9373 -0.3368 -0.0902
vn 0.9059 -0.2015 0.3725
vn 0.9608 -0.1922 0.2000
vn 0.7961 -0.1250 0.5921
vn 0.8824 -0.2415 0.4039
vn 0.9529 -0.3011 0.0353
vn 0.2313 -0.4263 -0.8745
vn 0.2078 -0.4535 -0.8667
vn 0.4039 -0.4365 -0.8039
vn 0.2549 -0.4126 -0.8745
vn 0.2941 -0.4501 -0.8431
vn 0.3412 -0.4740 -0.8118
vn 0.5215 -0.4226 -0.7412
vn 0.6079 -0.3857 -0.6941
vn 0.6078 -0.3857 -0.6941
vn -0.9529 0.0272 0.3020
vn -0.8807 -0.0000 0.4736
vn -0.9451 0.0294 0.3255
vn -0.9608 0.1092 0.2549
vn -0.9608 0.1403 0.2392
vn -0.8510 0.1092 0.5137
vn -0.8510 0.1092 0.5138
vn -0.9529 -0.0272 -0.3019
vn -0.9605 -0.0000 -0.2783
vn -0.9529 -0.0736 -0.2941
vn -0.8588 -0.0808 -0.5059
vn -0.9529 -0.0272 -0.3020
vn 0.1843 0.9513 0.2471
vn 0.0510 0.9881 0.1451
vn 0.0275 0.9922 0.1216
vn -0.0902 0.9955 0.0274
vn -0.0903 0.9955 0.0274
vn -0.2314 0.9694 0.0824
vn -0.0667 0.4507 -0.8902
vn 0.3882 -0.3537 -0.8510
vn 0.3883 -0.3537 -0.8510
vn -0.0353 0.8427 -0.5373
vn 0.6157 0.4138 -0.6706
vn 0.6157 0.4138 -0.6705
vn 0.8510 0.5245 -0.0274
vn 0.9373 0.3346 -0.0981
vn 0.9372 0.3346 -0.0981
vn 0.8745 0.4831 -0.0431
vn 0.7412 0.6641 -0.0981
vn 0.7490 0.6574 -0.0823
vn 0.7333 0.6167 -0.2863
vn 0.7568 0.4804 -0.4431
vn 0.7569 0.4731 -0.4510
vn 0.8118 0.2777 -0.5137
vn 0.8274 0.2268 -0.5137
vn 0.8588 0.0808 -0.5058
vn 0.8588 0.0807 -0.5058
vn 0.5216 0.8117 0.2628
vn 0.5216 0.8118 0.2627
vn 0.9529 -0.3026 0.0196
vn 0.9529 -0.3025 0.0196
vn 0.0745 0.2024 0.9765
vn -0.2470 0.7547 0.6078
vn -0.2471 0.7546 0.6078
vn -0.8510 0.5144 -0.1059
vn 0.2784 0.8917 0.3569
vn -0.7019 -0.3442 -0.6235
vn -0.7020 -0.3442 -0.6235
vn -0.8274 -0.5151 -0.2235
vn -0.8667 -0.4944 -0.0667
vn -0.8510 -0.5109 -0.1216
vn -0.8275 -0.5151 -0.2235
vn -0.8902 -0.4263 0.1608
vn -0.8902 -0.4167 0.1843
vn -0.8667 -0.2573 0.4274
vn -0.7489 -0.0000 0.6626
vn -0.7881 -0.0000 0.6156
vn -0.8432 -0.1308 0.5214
vn -0.6627 0.1517 0.7333
vn -0.3333 0.9214 -0.2000
vn -0.3334 0.9213 -0.2000
vn -0.3333 0.9178 -0.2157
vn -0.3333 0.9120 -0.2392
vn -0.3334 0.9119 -0.2392
vn -0.9451 -0.1250 -0.3020
vn -0.9526 -0.0276 -0.3031
vn -0.9608 0.1093 0.2549
vn -0.9529 0.2131 0.2157
vn -0.9529 0.2130 0.2157
vn 0.9843 0.1350 -0.1137
vn 0.9921 0.0866 -0.0902
vn 0.9921 -0.0866 -0.0902
vn 0.9843 0.1349 -0.1137
vn 0.9922 0.0665 -0.1059
vn 0.9921 0.0776 -0.0980
vn 0.9451 0.2799 -0.1686
vn -0.3020 0.6091 0.7333
vn 0.7569 0.6532 -0.0198
vn -0.6863 0.6293 0.3647
vn -0.4196 0.8443 0.3334
vn -0.4196 0.8443 0.3333
vn -0.4902 0.8020 0.3412
vn -0.7412 0.5636 0.3647
vn 0.0196 0.9647 0.2627
vn 0.0196 0.9647 0.2628
vn 0.0118 0.9112 -0.4118
vn 0.0196 0.9668 -0.2549
vn 0.0118 0.8331 -0.5529
vn 0.0039 0.3268 -0.9451
vn 0.0039 0.4850 -0.8745
vn 0.0039 0.1250 -0.9922
vn 0.0039 0.1250 -0.9921
vn 0.3019 0.4999 0.8118
vn 0.3019 0.4999 0.8117
vn 0.3020 0.4999 0.8118
vn 0.3020 0.4999 0.8117
vn -0.9137 0.1944 -0.3569
vn -0.9451 0.2227 -0.2392
vn -0.9451 0.2585 -0.2001
vn -0.9529 0.2520 -0.1686
vn -0.9529 0.2974 -0.0588
vn -0.9529 0.2989 -0.0510
vn -0.9372 0.3437 0.0588
vn -0.9294 0.3615 0.0746
vn -0.9216 0.3687 0.1216
vn -0.8823 0.4222 0.2078
vn 0.9529 -0.2345 0.1922
vn 0.9529 -0.2465 0.1765
vn 0.9529 -0.2345 0.1921
vn 0.9529 -0.2048 0.2235
vn 0.1608 -0.3094 -0.9372
vn 0.3098 -0.1599 -0.9372
vn 0.3176 -0.1438 -0.9373
vn 0.3882 -0.0003 -0.9216
vn -0.4588 -0.8512 -0.2549
vn -0.4431 -0.8571 -0.2628
vn -0.4039 -0.8762 -0.2627
vn -0.8431 -0.0222 0.5372
vn -0.8431 -0.0222 0.5373
vn -0.2000 -0.8294 0.5216
vn -0.2000 -0.8295 0.5215
vn 0.9608 -0.2563 0.1059
vn 0.9373 -0.2799 0.2079
vn 0.9373 -0.2799 0.2078
vn 0.9686 -0.2485 -0.0039
vn -0.1216 -0.9652 -0.2314
vn -0.1294 -0.9540 -0.2706
vn -0.0981 -0.9867 -0.1294
vn -0.1530 -0.9185 -0.3647
vn 0.5921 -0.5105 -0.6236
vn 0.5921 -0.5105 -0.6235
vn 0.5922 -0.5104 -0.6235
vn 0.5922 -0.5105 -0.6235
vn -0.7333 -0.2087 -0.6470
vn -0.7333 -0.2087 -0.6471
vn -0.4980 -0.8312 -0.2471
vn -0.4981 -0.8312 -0.2470
vn -0.1686 -0.9218 -0.3490
vn -0.0902 -0.9268 -0.3647
vn -0.0745 -0.9250 -0.3725
vn 0.0039 -0.9215 -0.3882
vn 0.0039 -0.9215 -0.3883
vn 0.9686 -0.2485 0.0039
vn 0.9608 -0.2563 0.1058
vn 0.9843 -0.1517 0.0902
vn 0.9686 -0.2485 -0.0040
vn -0.9921 -0.0665 -0.1059
vn -0.8980 0.1322 -0.4196
vn -0.1922 -0.9785 0.0745
vn -0.1686 -0.9800 0.1059
vn -0.1529 -0.9848 0.0823
vn -0.2078 -0.9747 0.0823
vn -0.1529 -0.9807 0.1215
vn -0.0353 -0.8837 -0.4667
vn -0.0353 -0.8837 -0.4666
vn -0.0353 -0.8838 -0.4666
vn -0.0353 -0.4385 -0.8980
vn -0.0275 0.2470 -0.9686
vn -0.0274 0.2470 -0.9686
vn -0.0118 0.8114 -0.5843
vn -0.0117 0.8115 -0.5843
vn -0.0118 0.8115 -0.5843
vn -0.0118 0.9982 -0.0588
vn -0.0118 0.9982 -0.0589
vn -0.0117 0.9982 -0.0588
vn -0.0196 0.8883 0.4589
vn -0.0196 0.8883 0.4588
vn -0.0275 0.4391 0.8980
vn -0.0275 0.4390 0.8980
vn -0.0274 0.4391 0.8980
vn -0.0353 -0.2460 0.9686
vn -0.0353 -0.8050 0.5922
vn -0.0353 -0.8051 0.5922
vn -0.0353 -0.8051 0.5921
vn -0.0353 -0.9976 0.0588
vn -0.8902 -0.2384 -0.3882
vn -0.9216 -0.3568 -0.1530
vn -0.9686 -0.2249 -0.1059
vn -0.9373 -0.3469 -0.0352
vn -0.8118 -0.5829 -0.0353
vn -0.9608 -0.2452 0.1294
vn -0.9765 -0.2128 0.0353
vn -0.9137 -0.2534 0.3176
vn -0.2784 0.9598 0.0353
vn 0.1216 0.2493 -0.9608
vn 0.2863 -0.3121 -0.9059
vn 0.2863 -0.3122 -0.9059
vn 0.2628 -0.9367 0.2314
vn 0.2627 -0.9367 0.2314
vn 0.2157 -0.3645 0.9059
vn 0.0824 0.0941 0.9921
vn 0.0823 0.0941 0.9921
vn 0.0823 0.0941 0.9922
vn 0.3020 -0.9410 -0.1529
vn 0.3020 -0.9445 -0.1294
vn 0.3020 -0.9474 -0.1059
vn 0.3020 -0.9410 -0.1530
vn 0.0353 0.1200 -0.9921
vn 0.0196 -0.0000 0.9998
vn 0.8431 0.5365 0.0353
vn 0.9294 0.3322 0.1608
vn 0.9372 0.3388 -0.0823
vn 0.9765 0.2128 -0.0353
vn 0.9059 0.2710 -0.3254
vn 0.9059 0.2710 -0.3255
vn 0.9686 0.2249 0.1059
vn 0.8823 0.2415 0.4039
vn 0.8824 0.2415 0.4039
vn 0.7726 -0.5024 0.3882
vn 0.7804 -0.6043 0.1607
vn 0.8588 -0.4976 0.1216
vn 0.7725 -0.5024 0.3883
vn 0.8667 -0.4985 -0.0196
vn 0.7961 -0.6023 -0.0588
vn 0.6079 -0.7924 0.0509
vn 0.6078 -0.7924 0.0510
vn 0.8118 -0.4999 -0.3020
vn 0.5216 0.8531 0.0118
vn 0.5215 0.8531 0.0118
vn 0.0117 0.2153 -0.9765
vn 0.0118 0.2153 -0.9765
vn 0.0118 0.2154 -0.9765
vn 0.0117 0.2154 -0.9765
vn -0.2941 -0.2804 -0.9137
vn -0.5216 -0.8142 0.2549
vn -0.5216 -0.8143 0.2549
vn -0.5215 -0.8143 0.2549
vn -0.3568 -0.2281 0.9059
vn -0.3569 -0.2281 0.9059
vn -0.1059 0.1879 0.9765
vn -0.5294 -0.8359 -0.1451
vn 0.0588 0.1103 -0.9922
vn 0.0588 0.1104 -0.9922
vn 0.0588 0.1104 -0.9921
vn -0.0980 0.0776 0.9922
vn -0.0980 0.0776 0.9921
vn -0.6627 0.7466 -0.0589
vn -0.6628 0.7465 -0.0587
vn -0.7882 0.5895 -0.1765
vn -0.8039 0.5910 0.0667
vn -0.8588 0.4976 -0.1216
vn -0.7725 0.4899 -0.4039
vn -0.7726 0.4899 -0.4039
vn -0.8667 0.4985 0.0196
vn -0.8040 0.5028 0.3176
vn -0.8039 0.5028 0.3176
vn -0.8353 -0.0719 0.5451
vn -0.8510 0.0618 0.5216
vn -0.8824 0.1046 0.4588
vn -0.8823 0.1046 0.4588
vn -0.7961 -0.1250 0.5922
vn -0.7569 -0.1690 0.6314
vn -0.9059 -0.2015 0.3726
vn -0.7490 -0.2009 0.6314
vn -0.8823 -0.2415 0.4039
vn 0.0353 0.3249 0.9451
vn 0.0510 0.2432 0.9686
vn 0.0432 0.2448 0.9686
vn 0.0510 0.1142 0.9921
vn 0.0431 -0.0000 0.9991
vn 0.7412 0.5362 0.4039
vn 0.6628 0.3901 0.6392
vn 0.6863 0.4435 0.5765
vn 0.7412 0.5531 0.3804
vn 0.7961 0.5996 0.0824
vn 0.7961 0.5985 0.0902
vn 0.7804 0.5925 -0.2000
vn 0.7804 0.5950 -0.1922
vn 0.7569 0.5913 -0.2784
vn 0.7490 0.4926 -0.4431
vn 0.7490 0.4624 -0.4745
vn 0.7412 0.2051 -0.6392
vn 0.7255 0.2116 -0.6549
vn 0.6392 0.3470 0.6863
vn 0.6706 -0.1120 -0.7333
vn 0.4902 -0.1886 -0.8510
vn 0.5765 -0.0934 -0.8117
vn 0.2157 -0.2131 -0.9529
vn 0.3647 -0.2460 -0.8980
vn 0.5137 -0.2777 -0.8118
vn 0.4353 -0.2939 -0.8510
vn 0.4353 -0.2701 -0.8588
vn 0.3725 -0.2875 -0.8823
vn 0.3725 -0.2876 -0.8824
vn -0.9294 -0.3426 -0.1373
vn -0.9137 -0.3697 -0.1686
vn -0.9529 -0.2958 -0.0667
vn -0.9529 -0.2957 -0.0667
vn -0.8510 -0.4297 -0.3020
vn -0.9373 -0.3368 -0.0902
vn -0.9059 -0.2015 0.3725
vn -0.9608 -0.1922 0.2000
vn -0.7961 -0.1250 0.5921
vn -0.8824 -0.2415 0.4039
vn -0.9529 -0.3011 0.0353
vn -0.2313 -0.4263 -0.8745
vn -0.4039 -0.4365 -0.8039
vn -0.2078 -0.4535 -0.8667
vn -0.2549 -0.4126 -0.8745
vn -0.2941 -0.4501 -0.8431
vn -0.3412 -0.4740 -0.8118
vn -0.5215 -0.4227 -0.7412
vn -0.6079 -0.3857 -0.6941
vn -0.6078 -0.3856 -0.6941
vn 0.8807 -0.0000 0.4736
vn 0.9529 0.0272 0.3020
vn 0.9608 0.1092 0.2549
vn 0.9608 0.1402 0.2392
vn 0.8510 0.1092 0.5137
vn 0.9529 -0.0272 -0.3019
vn 0.9529 -0.0736 -0.2941
vn 0.9605 -0.0000 -0.2783
vn 0.8588 -0.0808 -0.5059
vn 0.9529 -0.0272 -0.3020
vn -0.1843 0.9513 0.2471
vn -0.0275 0.9922 0.1216
vn -0.0510 0.9881 0.1451
vn 0.0902 0.9955 0.0274
vn 0.0903 0.9955 0.0274
vn 0.2314 0.9694 0.0824
vn 0.2314 0.9694 0.0823
vn 0.0667 0.4507 -0.8902
vn -0.3882 -0.3537 -0.8510
vn -0.3883 -0.3537 -0.8510
vn 0.0353 0.8427 -0.5373
vn 0.0353 0.8427 -0.5372
vn -0.6157 0.4138 -0.6706
vn -0.6157 0.4138 -0.6705
vn -0.8510 0.5245 -0.0274
vn -0.8745 0.4831 -0.0431
vn -0.9373 0.3346 -0.0981
vn -0.7412 0.6641 -0.0980
vn -0.7490 0.6574 -0.0823
vn -0.7333 0.6167 -0.2863
vn -0.7568 0.4804 -0.4431
vn -0.7569 0.4730 -0.4510
vn -0.8117 0.2777 -0.5137
vn -0.8274 0.2268 -0.5137
vn -0.8588 0.0808 -0.5058
vn -0.8588 0.0807 -0.5058
vn -0.5216 0.8117 0.2628
vn -0.5216 0.8118 0.2627
vn -0.9529 -0.3026 0.0196
vn -0.9529 -0.3025 0.0196
vn -0.0748 0.2015 0.9766
vn -0.0745 0.2024 0.9765
vn 0.2471 0.7546 0.6078
vn 0.8510 0.5144 -0.1059
vn -0.2784 0.8917 0.3569
vn 0.7020 -0.3442 -0.6235
vn 0.8274 -0.5152 -0.2235
vn 0.8274 -0.5151 -0.2235
vn 0.8510 -0.5109 -0.1216
vn 0.8667 -0.4944 -0.0667
vn 0.8902 -0.4263 0.1608
vn 0.8902 -0.4166 0.1843
vn 0.8667 -0.2573 0.4275
vn 0.8667 -0.2572 0.4275
vn 0.7489 -0.0000 0.6626
vn 0.7881 -0.0000 0.6156
vn 0.8430 -0.1308 0.5217
vn 0.6627 0.1517 0.7333
vn 0.3333 0.9178 -0.2157
vn 0.3334 0.9213 -0.2000
vn 0.3333 0.9214 -0.2000
vn 0.3333 0.9120 -0.2392
vn 0.3334 0.9119 -0.2392
vn 0.9451 -0.1250 -0.3020
vn 0.9608 0.1093 0.2549
vn 0.9529 0.2131 0.2157
vn 0.9608 0.1404 0.2392
vn -0.9921 -0.0866 -0.0902
vn -0.9922 0.0866 -0.0902
vn -0.9843 0.1349 -0.1137
vn -0.9922 0.0665 -0.1059
vn -0.9921 0.0776 -0.0980
vn -0.9451 0.2799 -0.1686
vn 0.3019 0.6092 0.7333
vn 0.3020 0.6092 0.7333
vn -0.7568 0.6533 -0.0195
vn 0.6863 0.6293 0.3647
vn 0.4902 0.8021 0.3412
vn 0.4196 0.8443 0.3333
vn 0.7412 0.5636 0.3647
vn -0.0196 0.9647 0.2627
vn -0.0196 0.9647 0.2628
vn -0.0118 0.9112 -0.4118
vn -0.0196 0.9668 -0.2549
vn -0.0118 0.8331 -0.5529
vn -0.0118 0.8331 -0.5530
vn -0.0039 0.3268 -0.9451
vn -0.0039 0.4850 -0.8745
vn -0.0039 0.1250 -0.9921
vn -0.3019 0.4999 0.8118
vn -0.3020 0.4999 0.8117
vn -0.3020 0.4999 0.8118
vn 0.9451 0.2227 -0.2392
vn 0.9137 0.1943 -0.3569
vn 0.9451 0.2584 -0.2000
vn 0.9529 0.2520 -0.1686
vn 0.9529 0.2974 -0.0588
vn 0.9529 0.2989 -0.0510
vn 0.9372 0.3437 0.0588
vn 0.9294 0.3615 0.0745
vn 0.9216 0.3687 0.1216
vn 0.8823 0.4222 0.2078
vn -0.9529 -0.2345 0.1922
vn -0.9529 -0.2345 0.1921
vn -0.9529 -0.2465 0.1765
vn -0.9529 -0.2048 0.2235
vn -0.3098 -0.1600 -0.9372
vn -0.1608 -0.3094 -0.9372
vn -0.3176 -0.1438 -0.9373
vn -0.3882 -0.0004 -0.9216
vn 0.4588 -0.8512 -0.2549
vn 0.4040 -0.8762 -0.2627
vn 0.4039 -0.8763 -0.2627
vn 0.4431 -0.8571 -0.2627
vn 0.8431 -0.0222 0.5372
vn 0.8431 -0.0222 0.5373
vn 0.2000 -0.8294 0.5216
vn 0.2000 -0.8295 0.5215
vn -0.9608 -0.2563 0.1059
vn -0.9686 -0.2485 -0.0039
vn -0.9373 -0.2799 0.2078
vn -0.9372 -0.2800 0.2078
vn 0.1215 -0.9652 -0.2314
vn 0.0981 -0.9867 -0.1294
vn 0.1294 -0.9540 -0.2706
vn 0.1530 -0.9185 -0.3647
vn -0.5921 -0.5105 -0.6236
vn -0.5922 -0.5104 -0.6235
vn 0.7333 -0.2087 -0.6470
vn 0.7333 -0.2087 -0.6471
vn 0.7334 -0.2087 -0.6470
vn 0.4981 -0.8312 -0.2471
vn 0.1686 -0.9218 -0.3490
vn 0.0745 -0.9250 -0.3725
vn 0.0902 -0.9268 -0.3647
vn -0.0039 -0.9216 -0.3882
vn -0.0039 -0.9215 -0.3883
vn -0.9686 -0.2485 0.0039
vn -0.9686 -0.2286 -0.0980
vn -0.9608 -0.2563 0.1058
vn -0.9843 -0.1517 0.0902
vn -0.9686 -0.2485 -0.0040
vn 0.9921 -0.0665 -0.1059
vn 0.9983 -0.0000 -0.0587
vn 0.9978 -0.0000 -0.0665
vn 0.8980 0.1322 -0.4196
vn 0.1687 -0.9800 0.1059
vn 0.1922 -0.9785 0.0745
vn 0.1530 -0.9848 0.0824
vn 0.2078 -0.9747 0.0823
vn 0.1529 -0.9807 0.1215
vn 0.0353 -0.8837 -0.4667
vn 0.0353 -0.4385 -0.8980
vn 0.0275 0.2470 -0.9686
vn 0.0274 0.2470 -0.9686
vn 0.0118 0.8114 -0.5843
vn 0.0118 0.8115 -0.5843
vn 0.0118 0.9982 -0.0588
vn 0.0117 0.9982 -0.0588
vn 0.0196 0.8883 0.4588
vn 0.0275 0.4391 0.8980
vn 0.0275 0.4390 0.8980
vn 0.0353 -0.2460 0.9686
vn 0.0353 -0.8050 0.5922
vn 0.0353 -0.8051 0.5922
vn 0.0354 -0.8050 0.5922
vn 0.0353 -0.9976 0.0588
vn 0.8902 -0.2384 -0.3882
vn 0.9686 -0.2248 -0.1059
vn 0.9216 -0.3568 -0.1529
vn 0.9372 -0.3469 -0.0352
vn 0.8118 -0.5829 -0.0353
vn 0.9608 -0.2453 0.1294
vn 0.9765 -0.2128 0.0353
vn 0.9137 -0.2534 0.3176
vn 0.2784 0.9598 0.0353
vn -0.1216 0.2493 -0.9608
vn -0.1215 0.2492 -0.9608
vn -0.1216 0.2492 -0.9608
vn -0.2863 -0.3121 -0.9059
vn -0.2863 -0.3122 -0.9059
vn -0.2628 -0.9367 0.2314
vn -0.2627 -0.9367 0.2314
vn -0.2157 -0.3645 0.9059
vn -0.0824 0.0941 0.9921
vn -0.0823 0.0941 0.9922
vn -0.0823 0.0941 0.9921
vn -0.3019 -0.9445 -0.1294
vn -0.3020 -0.9410 -0.1529
vn -0.3019 -0.9474 -0.1058
vn -0.3019 -0.9410 -0.1529
vn -0.3020 -0.9410 -0.1530
vn -0.0353 0.1200 -0.9921
vn -0.0353 0.1199 -0.9922
vn -0.0196 -0.0000 0.9998
vn -0.8431 0.5365 0.0353
vn -0.9372 0.3388 -0.0823
vn -0.9294 0.3322 0.1608
vn -0.9765 0.2128 -0.0353
vn -0.9059 0.2710 -0.3254
vn -0.9059 0.2710 -0.3255
vn -0.9686 0.2249 0.1059
vn -0.8823 0.2415 0.4039
vn -0.7725 -0.5024 0.3882
vn -0.8588 -0.4976 0.1216
vn -0.7804 -0.6043 0.1608
vn -0.8666 -0.4985 -0.0196
vn -0.7961 -0.6023 -0.0588
vn -0.6078 -0.7924 0.0510
vn -0.8118 -0.4999 -0.3019
vn -0.8118 -0.4999 -0.3020
vn -0.5216 0.8531 0.0118
vn -0.5215 0.8531 0.0118
vn -0.5215 0.8532 0.0118
vn -0.0117 0.2153 -0.9765
vn -0.0117 0.2154 -0.9765
vn -0.0118 0.2154 -0.9765
vn 0.2941 -0.2804 -0.9137
vn 0.5216 -0.8142 0.2549
vn 0.3568 -0.2281 0.9059
vn 0.3569 -0.2281 0.9059
vn 0.1059 0.1879 0.9765
vn 0.5294 -0.8359 -0.1451
vn -0.0588 0.1103 -0.9922
vn -0.0588 0.1104 -0.9921
vn -0.0588 0.1104 -0.9922
vn 0.0980 0.0776 0.9922
vn 0.0980 0.0776 0.9921
vn 0.6627 0.7465 -0.0588
vn 0.8039 0.5910 0.0667
vn 0.7882 0.5895 -0.1764
vn 0.8588 0.4976 -0.1216
vn 0.7725 0.4899 -0.4039
vn 0.7726 0.4899 -0.4039
vn 0.8667 0.4985 0.0196
vn 0.8039 0.5028 0.3177
vn 0.8039 0.5028 0.3176
vn -0.5608 0.8212 0.1059
vn -0.5216 0.8499 -0.0745
vn -0.4510 0.8641 -0.2235
vn -0.5294 0.8417 0.1059
vn -0.4353 0.8701 -0.2314
vn -0.5765 0.7653 0.2863
vn -0.5451 0.7212 0.4275
vn -0.5059 0.7305 0.4588
vn -0.3255 0.6421 -0.6941
vn -0.2314 0.7719 -0.5921
vn -0.0980 0.6369 -0.7647
vn -0.1922 0.5022 -0.8431
vn -0.2706 0.2510 -0.9294
vn -0.4274 0.3815 -0.8196
vn -0.2706 0.0607 -0.9608
vn -0.4510 0.1345 -0.8823
vn -0.4982 0.0292 -0.8665
vn -0.7725 0.1553 -0.6157
vn -0.8196 0.2537 -0.5137
vn -0.9843 0.1764 0.0039
vn -0.9044 -0.0000 0.4267
vn -0.8823 -0.1584 0.4432
vn -0.7176 -0.1572 0.6784
vn -0.8902 0.4547 0.0275
vn -0.7333 0.5017 -0.4588
vn -0.6706 0.7372 0.0824
vn -0.5451 0.7623 -0.3490
vn -0.8275 0.3003 0.4745
vn -0.6078 0.1467 0.7804
vn -0.6235 0.6026 0.4980
vn -0.4510 0.3877 0.8039
vn -0.3961 0.0908 0.9137
vn -0.2784 0.1711 0.9451
vn -0.4039 0.5469 0.7333
vn -0.2628 0.3528 0.8980
vn -0.1840 -0.0000 0.9829
vn -0.2549 -0.1092 0.9608
vn 0.2784 -0.3192 0.9059
vn 0.2784 -0.3191 0.9059
vn 0.2785 -0.3192 0.9059
vn 0.8118 0.5541 0.1843
vn 0.8117 0.5542 0.1843
vn 0.8196 0.5091 0.2627
vn 0.8118 0.4795 0.3333
vn 0.8118 0.5657 0.1451
vn 0.8353 0.5281 0.1529
vn 0.8588 0.4864 0.1608
vn 0.9372 0.0719 0.3412
vn 0.9372 0.0718 0.3412
vn 0.7647 -0.5083 0.3961
vn -0.2627 -0.9647 -0.0196
vn 0.6784 -0.1895 0.7098
vn -0.0510 -0.9635 -0.2627
vn -0.0353 -0.9642 -0.2627
vn 0.0196 -0.9647 -0.2627
vn 0.0196 -0.9647 -0.2628
vn -0.1294 -0.9797 -0.1529
vn -0.1451 -0.9885 -0.0431
vn -0.6235 -0.5194 0.5843
vn -0.6236 -0.5194 0.5843
vn -0.1765 -0.9842 0.0118
vn -0.1765 -0.9842 0.0117
vn 0.5765 -0.7312 -0.3647
vn 0.9216 0.1092 -0.3725
vn 0.8980 -0.1321 -0.4196
vn 0.9059 -0.0576 -0.4196
vn 0.8196 -0.2966 -0.4902
vn 0.8118 -0.3050 -0.4980
vn 0.7647 -0.3674 -0.5294
vn 0.8196 0.5131 0.2549
vn 0.8902 0.4319 0.1451
vn 0.8902 0.4292 0.1529
vn 0.9373 0.3460 0.0432
vn 0.4431 -0.8290 0.3412
vn -0.6392 -0.4502 0.6235
vn 0.5372 0.1634 -0.8274
vn 0.5372 0.1634 -0.8275
vn 0.5373 0.1634 -0.8274
vn 0.3255 -0.0294 -0.9451
vn 0.4275 -0.6762 0.6000
vn 0.5216 -0.6430 0.5608
vn 0.6000 -0.6133 0.5137
vn 0.4274 -0.6762 0.6000
vn 0.6392 -0.5860 0.4981
vn 0.7804 -0.6199 0.0823
vn 0.7804 -0.6199 0.0824
vn 0.7804 -0.6198 0.0824
vn 0.7804 -0.6198 0.0823
vn 0.7726 -0.4219 -0.4745
vn 0.7882 -0.4270 -0.4431
vn 0.7882 -0.4270 -0.4432
vn 0.7647 -0.4273 -0.4824
vn 0.7412 -0.4128 -0.5294
vn 0.7412 -0.4128 -0.5293
vn 0.3412 -0.0719 0.9372
vn -0.6157 0.7837 0.0824
vn 0.9373 0.1873 0.2941
vn 0.9372 0.1873 0.2941
vn 0.9372 0.1872 0.2941
vn 0.1137 -0.9210 -0.3726
vn -0.6863 -0.4632 -0.5608
vn 0.7569 -0.6535 0.0118
vn 0.7568 -0.6535 0.0118
vn -0.3647 -0.2974 0.8823
vn -0.3647 -0.2974 0.8824
vn 0.3647 0.2974 -0.8824
vn 0.3647 0.2974 -0.8823
vn 0.3647 0.2975 -0.8823
vn -0.2000 -0.6915 0.6941
vn -0.3176 0.9481 -0.0118
vn -0.3177 0.9481 -0.0118
vn 0.4353 0.2701 -0.8588
vn 0.3490 0.4090 -0.8431
vn 0.3176 0.4488 -0.8353
vn 0.2471 0.5410 -0.8039
vn 0.2470 0.5410 -0.8039
vn -0.1843 -0.1120 0.9765
vn -0.1529 -0.1521 0.9765
vn -0.1843 -0.1121 0.9765
vn -0.2000 -0.0807 0.9765
vn -0.0745 -0.3182 -0.9451
vn 0.9608 -0.2710 -0.0588
vn 0.9608 -0.2692 -0.0667
vn 0.9843 -0.1754 0.0196
vn 0.9921 -0.1104 0.0588
vn 0.9686 -0.2345 0.0823
vn 0.9216 -0.3687 -0.1216
vn -0.8980 0.4395 0.0196
vn -0.9373 0.3449 0.0510
vn -0.9372 0.3449 0.0510
vn -0.9451 0.3249 0.0353
vn -0.8980 0.4399 0.0039
vn -0.8431 0.5374 -0.0196
vn -0.8431 0.5373 -0.0196
vn -0.9608 0.2726 0.0510
vn 0.7334 -0.6785 0.0431
vn 0.7333 -0.6785 0.0431
vn -0.0196 -0.2478 0.9686
vn -0.0353 0.2128 -0.9765
vn -0.1529 -0.9787 -0.1373
vn -0.1530 -0.9787 -0.1373
vn -0.1530 -0.9787 -0.1372
vn -0.0902 -0.7217 0.6863
vn -0.6863 -0.7243 -0.0667
vn -0.6862 -0.7243 -0.0667
vn -0.1842 -0.7259 -0.6626
vn -0.1843 -0.7258 -0.6628
vn 0.4902 -0.8519 -0.1843
vn 0.9372 -0.3368 0.0902
vn 0.9529 -0.3032 -0.0039
vn 0.9372 -0.3322 0.1059
vn 0.5137 -0.4041 0.7569
vn 0.5137 -0.4041 0.7568
vn -0.1294 -0.2741 0.9529
vn -0.1294 -0.2742 0.9529
vn 0.7020 0.0587 -0.7098
vn 0.5059 0.0807 -0.8588
vn 0.5137 0.1092 -0.8510
vn 0.4510 0.1345 -0.8824
vn 0.4509 0.1345 -0.8824
vn -0.8588 0.0807 0.5059
vn -0.9373 0.1022 0.3333
vn -0.9137 0.0908 0.3961
vn -0.9921 0.1174 -0.0431
vn -0.9921 0.1174 -0.0432
vn -0.8745 0.1785 -0.4510
vn -0.8980 0.1743 -0.4039
vn -0.8039 0.1981 -0.5608
vn -0.2863 0.1990 -0.9372
vn -0.2863 0.1991 -0.9372
vn 0.0902 0.8008 -0.5922
vn -0.0039 0.2156 -0.9765
vn -0.0039 0.2157 -0.9765
vn 0.0431 0.9660 0.2549
vn 0.0510 0.9677 0.2471
vn 0.0274 0.9529 0.3020
vn 0.1686 0.9652 0.2000
vn 0.1529 0.9678 0.2000
vn 0.3569 0.8727 0.3334
vn 0.3490 0.8816 0.3177
vn 0.4275 0.7835 0.4510
vn 0.4274 0.7835 0.4510
vn 0.0040 -0.8716 -0.4902
vn 0.0039 -0.8716 -0.4902
vn -0.0274 -0.9307 -0.3647
vn -0.0196 -0.9278 -0.3725
vn -0.0902 -0.9668 -0.2392
vn -0.0431 -0.9834 -0.1765
vn -0.0510 -0.9815 -0.1843
vn 0.0196 -0.9903 -0.1372
vn 0.0118 -0.9905 -0.1373
vn 0.0039 -0.9857 -0.1686
vn 0.0040 -0.9843 -0.1764
vn 0.1059 -0.9523 -0.2863
vn 0.1138 -0.9490 -0.2941
vn 0.1059 -0.9569 -0.2706
vn 0.1138 -0.9537 -0.2784
vn 0.0039 -0.9870 -0.1608
vn 0.0118 -0.9869 -0.1608
vn 0.0039 -0.9882 -0.1529
vn 0.0039 -0.9882 -0.1530
vn -0.3960 0.7389 -0.5451
vn -0.3961 0.7389 -0.5451
vn -0.0510 0.9881 -0.1451
vn -0.0431 0.8615 0.5059
vn -0.0432 0.8615 0.5059
vn 0.2314 0.9719 0.0431
vn 0.2235 0.9729 0.0588
vn 0.2470 0.9680 -0.0431
vn 0.2941 0.9293 0.2235
vn 0.3020 0.9248 0.2314
vn 0.3725 0.8775 0.3020
vn -0.3255 0.5339 0.7804
vn 0.7647 0.1902 0.6157
vn 0.6784 -0.6285 0.3804
vn -0.9529 0.2918 -0.0824
vn -0.9608 0.2773 0.0039
vn -0.9529 0.2869 -0.0980
vn 0.2941 -0.1872 0.9372
vn 0.2941 -0.1873 0.9372
vn 0.2941 -0.1872 0.9373
vn 0.1294 0.2453 -0.9608
vn 0.8745 -0.1783 0.4511
vn 0.9921 -0.1142 0.0510
vn 0.9921 -0.1174 0.0431
vn 0.9059 -0.1275 0.4039
vn 0.9451 -0.0768 -0.3176
vn 0.9282 -0.0000 -0.3721
vn 0.8118 -0.1630 0.5608
vn 0.8196 -0.1990 0.5372
vn 0.8745 -0.0508 -0.4824
vn 0.8807 -0.0000 -0.4736
vn 0.8889 -0.0000 -0.4581
vn -0.5137 0.3732 -0.7725
vn -0.5137 0.3732 -0.7726
vn -0.5451 -0.1350 0.8274
vn -0.5451 -0.1350 0.8275
vn -0.5451 -0.1349 0.8274
vn -0.5451 -0.1349 0.8275
vn 0.2235 0.8940 -0.3882
vn 0.2236 0.8940 -0.3882
vn 0.2235 0.7074 0.6706
vn 0.2235 0.7073 0.6706
vn -0.0431 -0.1174 0.9921
vn -0.0432 -0.1174 0.9921
vn -0.2314 -0.8920 0.3882
vn -0.2314 -0.8921 0.3882
vn -0.2313 -0.8921 0.3882
vn -0.1921 -0.7705 -0.6078
vn -0.1922 -0.7705 -0.6078
vn -0.9686 0.2485 -0.0039
vn -0.9686 0.2485 -0.0040
vn 0.0510 0.2096 -0.9765
vn 0.2235 0.9317 -0.2863
vn 0.1686 0.7075 0.6863
vn -0.0510 -0.2096 0.9765
vn -0.2235 -0.9317 0.2863
vn -0.1686 -0.7075 -0.6863
vn 0.9608 -0.2773 0.0039
vn -0.9608 0.2773 -0.0039
vn -0.8667 0.4030 0.2941
vn -0.4353 0.8972 -0.0745
vn -0.4352 0.8972 -0.0745
vn -0.9059 0.3048 0.2941
vn 0.2000 0.9295 -0.3098
vn 0.1295 0.9561 -0.2627
vn 0.0981 0.9640 -0.2470
vn 0.0275 0.9794 -0.2000
vn -0.2863 0.9214 -0.2627
vn -0.2863 0.9214 -0.2628
vn 0.2549 0.9492 -0.1843
vn 0.9765 -0.0808 -0.2000
vn 0.9686 -0.1476 -0.2000
vn 0.9815 -0.0000 -0.1916
vn 0.9294 -0.3322 -0.1608
vn 0.8824 -0.4566 -0.1137
vn -0.0902 -0.9942 0.0588
vn -0.2235 -0.9729 0.0588
vn -0.2079 -0.9764 0.0588
vn -0.3333 -0.9410 0.0588
vn -0.3333 -0.9410 0.0589
vn -0.9059 -0.2154 0.3647
vn -0.9059 -0.2153 0.3647
vn 0.1529 0.0880 -0.9843
vn 0.1841 -0.0000 -0.9829
vn 0.0667 0.1634 -0.9843
vn 0.0510 0.1142 -0.9921
vn -0.0197 -0.2148 -0.9765
vn -0.1059 0.1412 -0.9843
vn -0.2235 -0.2049 -0.9529
vn -0.2941 -0.4194 -0.8588
vn -0.1216 -0.3877 -0.9137
vn 0.1451 -0.2018 -0.9686
vn 0.0196 -0.2766 -0.9608
vn -0.0980 0.1921 -0.9765
vn -0.7804 0.2766 -0.5608
vn -0.7804 0.2227 -0.5843
vn -0.7882 0.1675 -0.5922
vn -0.8196 0.0701 -0.5686
vn -0.8510 -0.0617 -0.5216
vn 0.7489 -0.0000 0.6627
vn 0.7176 -0.0566 0.6941
vn 0.6706 -0.1120 0.7333
vn 0.6392 -0.0815 0.7647
vn -0.1216 0.1279 0.9843
vn -0.1137 0.1349 0.9843
vn -0.0980 0.0777 0.9922
vn 0.0745 0.1004 0.9921
vn 0.0509 0.1142 0.9922
vn 0.2314 0.0908 0.9686
vn 0.6470 -0.0921 0.7569
vn 0.6471 -0.0921 0.7569
vn 0.6471 -0.0922 0.7568
vn 0.0667 0.5802 0.8118
vn 0.0745 0.6583 0.7490
vn 0.0745 0.6493 0.7569
vn 0.0431 0.6139 0.7882
vn 0.0431 0.6037 0.7961
vn -0.0039 0.4706 0.8824
vn 0.9686 -0.2316 0.0902
vn 0.9608 -0.2594 0.0980
vn 0.9608 -0.2593 0.0982
vn 0.9608 -0.2595 0.0981
vn -0.0588 -0.5089 -0.8588
vn -0.0353 -0.3249 -0.9451
vn -0.0275 -0.3019 -0.9529
vn -0.0039 -0.1250 -0.9922
vn -0.9922 -0.1235 0.0196
vn -0.9843 -0.1743 0.0274
vn -0.9373 -0.3388 0.0823
vn -0.2235 -0.5151 0.8274
vn 0.4196 -0.8205 0.3882
vn -0.1608 -0.8176 -0.5529
vn -0.8510 0.4501 -0.2706
vn -0.8510 0.4502 -0.2706
vn -0.0039 -0.3882 -0.9216
vn 0.1608 0.5834 -0.7961
vn 0.1608 0.5835 -0.7961
vn 0.1686 0.9782 0.1216
vn 0.0039 0.3882 0.9216
vn -0.1608 -0.5835 0.7961
vn -0.1686 -0.9782 -0.1216
vn 0.9765 -0.1993 0.0824
vn 0.9765 -0.1993 0.0823
vn 0.9765 -0.1994 0.0823
vn -0.9765 0.1993 -0.0823
vn -0.9765 0.1994 -0.0823
vn -0.9765 0.1993 -0.0824
vn -0.9765 0.1994 -0.0824
vn -0.1686 -0.7697 0.6157
vn -0.1764 -0.7680 0.6157
vn -0.0902 -0.7889 0.6078
vn -0.0902 -0.7889 0.6079
vn -0.2863 -0.7275 0.6235
vn -0.8118 0.5636 0.1529
vn -0.8980 0.4063 0.1686
vn -0.9137 0.3697 0.1686
vn -0.9372 0.3007 0.1765
vn -0.9529 0.2279 0.2000
vn -0.9608 0.1641 0.2235
vn -0.9843 -0.0520 -0.1686
vn -0.9765 0.0807 -0.2000
vn -0.9765 -0.1596 -0.1451
vn 0.4980 -0.6744 -0.5451
vn 0.5059 -0.6487 -0.5686
vn 0.4823 -0.7095 -0.5137
vn 0.9529 -0.1513 0.2627
vn 0.9372 -0.1600 0.3098
vn 0.9529 -0.1642 0.2549
vn 0.9608 -0.1836 0.2078
vn 0.4980 0.3438 0.7961
vn 0.4902 0.3368 0.8039
vn 0.4039 0.2685 0.8745
vn 0.4040 0.2685 0.8745
vn 0.5608 0.3990 0.7255
vn -0.0431 0.5713 0.8196
vn -0.1686 0.7436 0.6471
vn -0.0667 0.6015 0.7961
vn 0.0039 0.4850 0.8745
vn -0.0196 0.5374 0.8431
vn -0.0196 0.5373 0.8431
vn -0.0432 0.5824 0.8118
vn -0.1999 0.7558 0.6235
vn -0.2392 -0.6273 -0.7412
vn -0.2157 -0.5764 -0.7882
vn -0.2157 -0.5763 -0.7882
vn -0.2392 -0.6364 -0.7333
vn -0.2627 -0.6861 -0.6784
vn 0.2392 -0.6946 -0.6784
vn 0.8588 0.3151 -0.4039
vn 0.8431 0.3637 -0.3961
vn 0.8510 0.2556 -0.4588
vn 0.8588 0.4248 -0.2863
vn 0.8902 0.2508 -0.3804
vn -0.1373 0.9905 -0.0117
vn -0.1843 0.7398 -0.6471
vn -0.2784 0.7500 -0.6000
vn -0.3333 0.8192 -0.4666
vn -0.1137 0.6437 -0.7568
vn 0.0902 0.5879 -0.8039
vn -0.2784 0.6012 -0.7490
vn 0.2784 0.9410 0.1921
vn 0.2784 0.9411 0.1921
vn 0.7882 0.1675 0.5922
vn 0.0118 -0.3266 -0.9451
vn 0.0117 -0.3265 -0.9451
vn 0.1608 0.4263 -0.8902
vn 0.2157 0.9234 -0.3177
vn 0.2156 0.9234 -0.3177
vn 0.2157 0.9234 -0.3176
vn 0.1451 0.8846 0.4431
vn -0.0118 0.3266 0.9451
vn -0.0117 0.3266 0.9451
vn -0.1608 -0.4263 0.8902
vn -0.2156 -0.9234 0.3176
vn -0.2157 -0.9233 0.3177
vn -0.2156 -0.9233 0.3178
vn -0.2157 -0.9234 0.3176
vn -0.1451 -0.8846 -0.4431
vn -0.9686 0.2316 -0.0902
vn -0.9686 0.2316 -0.0901
vn -0.9686 0.2316 -0.0903
vn -0.9686 0.2317 -0.0902
vn 0.7882 0.2534 0.5608
vn 0.8353 0.2329 0.4980
vn 0.8902 0.2107 0.4039
vn 0.9059 0.2281 0.3569
vn 0.9137 0.1944 0.3569
vn 0.9137 0.1943 0.3569
vn 0.8902 0.2622 0.3725
vn -0.7882 -0.2534 -0.5608
vn -0.8902 -0.2107 -0.4039
vn -0.8353 -0.2490 -0.4902
vn -0.8980 -0.2461 -0.3647
vn -0.9137 -0.1944 -0.3569
vn -0.9059 -0.2281 -0.3569
vn -0.8274 -0.4131 -0.3804
vn 0.1765 -0.9441 -0.2784
vn 0.1764 -0.8828 -0.4353
vn 0.1765 -0.8536 -0.4902
vn 0.1765 -0.7616 -0.6235
vn 0.2157 -0.5542 -0.8039
vn 0.2157 -0.5543 -0.8039
vn -0.1373 0.9820 0.1294
vn -0.1608 0.9751 0.1529
vn -0.1294 0.9850 0.1137
vn -0.1058 0.9903 0.0902
vn 0.1137 -0.9926 -0.0431
vn 0.1608 -0.3534 -0.9216
vn -0.0824 0.6391 0.7647
vn -0.0823 0.6391 0.7647
vn 0.0902 0.8230 0.5608
vn 0.0902 0.8231 0.5607
vn -0.6706 0.6321 -0.3882
vn -0.6706 0.6322 -0.3883
vn -0.0353 -0.1199 -0.9922
vn -0.0353 -0.1200 -0.9921
vn 0.9921 -0.1220 -0.0274
vn 0.9922 -0.1220 -0.0275
vn 0.9843 0.0727 -0.1608
vn 0.9608 -0.2594 0.0981
vn 0.1843 0.8072 -0.5607
vn 0.1843 0.8072 -0.5608
vn -0.9922 0.1200 -0.0353
vn -0.9921 0.1200 -0.0353
vn -0.9922 0.1199 -0.0353
vn -0.1294 -0.6118 -0.7804
vn 0.5608 0.8211 0.1059
vn 0.5294 0.8417 0.1059
vn 0.4353 0.8701 -0.2313
vn 0.4510 0.8641 -0.2235
vn 0.5216 0.8500 -0.0745
vn 0.5059 0.7305 0.4588
vn 0.5451 0.7212 0.4275
vn 0.5765 0.7653 0.2863
vn 0.2314 0.7719 -0.5921
vn 0.3255 0.6421 -0.6941
vn 0.0980 0.6369 -0.7647
vn 0.1922 0.5022 -0.8431
vn 0.2706 0.2510 -0.9294
vn 0.4274 0.3815 -0.8196
vn 0.2706 0.0608 -0.9608
vn 0.4510 0.1345 -0.8823
vn 0.4980 0.0293 -0.8667
vn 0.7725 0.1553 -0.6157
vn 0.8196 0.2537 -0.5137
vn 0.9843 0.1764 0.0039
vn 0.9044 -0.0000 0.4267
vn 0.8823 -0.1584 0.4432
vn 0.7176 -0.1572 0.6784
vn 0.8902 0.4547 0.0275
vn 0.7333 0.5017 -0.4588
vn 0.6706 0.7372 0.0824
vn 0.5451 0.7623 -0.3490
vn 0.8275 0.3003 0.4745
vn 0.6078 0.1467 0.7804
vn 0.6235 0.6026 0.4980
vn 0.4510 0.3877 0.8039
vn 0.3961 0.0908 0.9137
vn 0.2784 0.1711 0.9451
vn 0.4039 0.5469 0.7333
vn 0.2628 0.3529 0.8980
vn 0.1840 -0.0000 0.9829
vn 0.2549 -0.1092 0.9608
vn -0.2784 -0.3192 0.9059
vn -0.8117 0.5542 0.1843
vn -0.8196 0.5091 0.2627
vn -0.8118 0.4795 0.3333
vn -0.8118 0.5657 0.1451
vn -0.8353 0.5280 0.1530
vn -0.8353 0.5281 0.1529
vn -0.8588 0.4864 0.1608
vn -0.9372 0.0719 0.3412
vn -0.7647 -0.5083 0.3961
vn 0.2627 -0.9647 -0.0196
vn -0.6784 -0.1895 0.7098
vn 0.0510 -0.9635 -0.2627
vn -0.0196 -0.9647 -0.2628
vn -0.0196 -0.9647 -0.2627
vn 0.0353 -0.9642 -0.2627
vn 0.1294 -0.9797 -0.1529
vn 0.1451 -0.9885 -0.0431
vn 0.6235 -0.5194 0.5843
vn 0.6236 -0.5194 0.5843
vn 0.1765 -0.9842 0.0118
vn 0.1765 -0.9842 0.0117
vn -0.5765 -0.7312 -0.3647
vn -0.5764 -0.7312 -0.3647
vn -0.9216 0.1092 -0.3726
vn -0.9059 -0.0576 -0.4196
vn -0.8980 -0.1322 -0.4196
vn -0.9216 0.1092 -0.3725
vn -0.8196 -0.2966 -0.4902
vn -0.8118 -0.3050 -0.4980
vn -0.7647 -0.3674 -0.5294
vn -0.8196 0.5131 0.2549
vn -0.8902 0.4292 0.1529
vn -0.8902 0.4319 0.1451
vn -0.9373 0.3460 0.0432
vn -0.4431 -0.8290 0.3412
vn 0.6392 -0.4501 0.6235
vn -0.5373 0.1634 -0.8274
vn -0.5372 0.1634 -0.8274
vn -0.5372 0.1634 -0.8275
vn -0.3255 -0.0294 -0.9451
vn -0.4275 -0.6762 0.6000
vn -0.4274 -0.6762 0.6000
vn -0.6000 -0.6133 0.5137
vn -0.5216 -0.6430 0.5608
vn -0.6392 -0.5860 0.4981
vn -0.7804 -0.6199 0.0824
vn -0.7804 -0.6199 0.0823
vn -0.7804 -0.6198 0.0823
vn -0.7804 -0.6198 0.0824
vn -0.7726 -0.4219 -0.4745
vn -0.7647 -0.4273 -0.4824
vn -0.7882 -0.4270 -0.4431
vn -0.7412 -0.4128 -0.5294
vn -0.7411 -0.4128 -0.5294
vn 0.6157 0.7837 0.0824
vn 0.6158 0.7836 0.0823
vn 0.6157 0.7837 0.0823
vn -0.9372 0.1873 0.2941
vn -0.9373 0.1872 0.2941
vn -0.1138 -0.9210 -0.3726
vn -0.1137 -0.9210 -0.3725
vn 0.6863 -0.4632 -0.5608
vn -0.7569 -0.6535 0.0118
vn 0.3647 -0.2974 0.8823
vn -0.3647 0.2974 -0.8823
vn -0.3647 0.2974 -0.8824
vn 0.2000 -0.6915 0.6941
vn 0.3176 0.9481 -0.0118
vn 0.3177 0.9481 -0.0118
vn -0.4353 0.2701 -0.8588
vn -0.3176 0.4488 -0.8353
vn -0.3490 0.4090 -0.8431
vn -0.2471 0.5410 -0.8039
vn -0.2470 0.5410 -0.8039
vn 0.1843 -0.1120 0.9765
vn 0.1843 -0.1121 0.9765
vn 0.1529 -0.1521 0.9765
vn 0.2000 -0.0807 0.9765
vn 0.0745 -0.3182 -0.9451
vn -0.9608 -0.2710 -0.0588
vn -0.9843 -0.1754 0.0196
vn -0.9608 -0.2692 -0.0667
vn -0.9921 -0.1104 0.0588
vn -0.9686 -0.2345 0.0823
vn -0.9686 -0.2345 0.0824
vn -0.9216 -0.3687 -0.1216
vn 0.8980 0.4395 0.0196
vn 0.9451 0.3249 0.0353
vn 0.9372 0.3449 0.0510
vn 0.9373 0.3449 0.0510
vn 0.8980 0.4399 0.0039
vn 0.8431 0.5373 -0.0196
vn 0.9608 0.2726 0.0510
vn -0.7333 -0.6785 0.0431
vn 0.0196 -0.2478 0.9686
vn 0.0353 0.2128 -0.9765
vn 0.1529 -0.9787 -0.1373
vn 0.1530 -0.9787 -0.1372
vn 0.1529 -0.9787 -0.1372
vn 0.0902 -0.7217 0.6863
vn 0.6863 -0.7243 -0.0667
vn 0.6862 -0.7243 -0.0667
vn 0.1843 -0.7258 -0.6628
vn 0.1843 -0.7258 -0.6627
vn -0.4902 -0.8519 -0.1843
vn -0.9529 -0.3032 -0.0039
vn -0.9372 -0.3368 0.0902
vn -0.9372 -0.3322 0.1059
vn -0.5137 -0.4041 0.7569
vn -0.5137 -0.4041 0.7568
vn 0.1294 -0.2742 0.9529
vn 0.1294 -0.2741 0.9529
vn -0.5059 0.0807 -0.8588
vn -0.7020 0.0587 -0.7098
vn -0.5137 0.1092 -0.8510
vn -0.4510 0.1345 -0.8824
vn -0.4509 0.1345 -0.8824
vn 0.8588 0.0808 0.5059
vn 0.8588 0.0807 0.5059
vn 0.9372 0.1022 0.3333
vn 0.9137 0.0908 0.3961
vn 0.9921 0.1174 -0.0431
vn 0.8745 0.1785 -0.4510
vn 0.8980 0.1743 -0.4039
vn 0.8039 0.1981 -0.5608
vn 0.2863 0.1990 -0.9372
vn 0.2863 0.1991 -0.9372
vn -0.0902 0.8008 -0.5922
vn 0.0039 0.2156 -0.9765
vn 0.0039 0.2157 -0.9765
vn -0.0432 0.9660 0.2549
vn -0.0274 0.9529 0.3020
vn -0.0275 0.9529 0.3020
vn -0.0510 0.9677 0.2471
vn -0.1686 0.9652 0.2000
vn -0.1529 0.9678 0.2000
vn -0.3569 0.8727 0.3333
vn -0.3490 0.8816 0.3177
vn -0.4275 0.7835 0.4510
vn -0.0039 -0.8716 -0.4902
vn 0.0196 -0.9278 -0.3725
vn 0.0274 -0.9307 -0.3647
vn 0.0902 -0.9668 -0.2392
vn 0.0431 -0.9834 -0.1765
vn 0.0510 -0.9815 -0.1843
vn -0.0196 -0.9903 -0.1372
vn -0.0118 -0.9905 -0.1373
vn -0.0039 -0.9857 -0.1686
vn -0.0040 -0.9843 -0.1763
vn -0.1059 -0.9523 -0.2863
vn -0.1137 -0.9490 -0.2941
vn -0.1059 -0.9569 -0.2706
vn -0.1138 -0.9537 -0.2784
vn -0.0039 -0.9870 -0.1608
vn -0.0118 -0.9869 -0.1608
vn -0.0039 -0.9882 -0.1529
vn -0.0039 -0.9882 -0.1530
vn 0.3961 0.7389 -0.5451
vn 0.3960 0.7389 -0.5451
vn 0.0510 0.9881 -0.1451
vn 0.0511 0.9881 -0.1451
vn 0.0431 0.8615 0.5059
vn 0.0432 0.8615 0.5059
vn -0.2314 0.9719 0.0431
vn -0.2470 0.9680 -0.0431
vn -0.2235 0.9729 0.0588
vn -0.2941 0.9293 0.2235
vn -0.3020 0.9248 0.2314
vn -0.3725 0.8775 0.3020
vn 0.3255 0.5339 0.7804
vn -0.7647 0.1902 0.6157
vn -0.6784 -0.6285 0.3804
vn 0.9529 0.2918 -0.0824
vn 0.9608 0.2773 0.0039
vn 0.9529 0.2869 -0.0980
vn -0.2941 -0.1872 0.9372
vn -0.2941 -0.1872 0.9373
vn -0.2941 -0.1873 0.9372
vn -0.1294 0.2453 -0.9608
vn -0.8745 -0.1785 0.4510
vn -0.9059 -0.1275 0.4039
vn -0.9921 -0.1174 0.0431
vn -0.9921 -0.1142 0.0510
vn -0.9451 -0.0768 -0.3176
vn -0.9282 -0.0000 -0.3721
vn -0.8118 -0.1630 0.5608
vn -0.8196 -0.1990 0.5372
vn -0.8745 -0.0508 -0.4824
vn -0.8807 -0.0000 -0.4736
vn -0.8889 -0.0000 -0.4581
vn 0.5137 0.3732 -0.7725
vn 0.5137 0.3732 -0.7726
vn 0.5451 -0.1349 0.8274
vn 0.5451 -0.1350 0.8275
vn 0.5451 -0.1350 0.8274
vn 0.5451 -0.1349 0.8275
vn -0.2235 0.8940 -0.3882
vn -0.2235 0.7074 0.6706
vn -0.2235 0.7073 0.6706
vn 0.0432 -0.1174 0.9922
vn 0.0432 -0.1174 0.9921
vn 0.0431 -0.1174 0.9921
vn 0.2314 -0.8920 0.3882
vn 0.1921 -0.7705 -0.6078
vn 0.1921 -0.7705 -0.6079
vn 0.1922 -0.7705 -0.6078
vn 0.9686 0.2485 -0.0039
vn -0.0510 0.2096 -0.9765
vn -0.2235 0.9317 -0.2863
vn -0.1686 0.7075 0.6863
vn 0.0510 -0.2096 0.9765
vn 0.2235 -0.9317 0.2863
vn 0.1686 -0.7075 -0.6863
vn -0.9608 -0.2773 0.0039
vn 0.9608 0.2773 -0.0039
vn 0.8667 0.4030 0.2941
vn 0.4353 0.8972 -0.0745
vn 0.9059 0.3048 0.2941
vn -0.2000 0.9295 -0.3098
vn -0.0981 0.9640 -0.2471
vn -0.1294 0.9561 -0.2628
vn -0.0275 0.9794 -0.2000
vn 0.2862 0.9214 -0.2628
vn 0.2863 0.9214 -0.2627
vn -0.2549 0.9492 -0.1843
vn -0.9815 -0.0000 -0.1916
vn -0.9686 -0.1476 -0.2000
vn -0.9294 -0.3322 -0.1608
vn -0.8824 -0.4566 -0.1137
vn 0.0902 -0.9942 0.0588
vn 0.2079 -0.9764 0.0588
vn 0.2235 -0.9729 0.0588
vn 0.3333 -0.9410 0.0588
vn 0.9059 -0.2154 0.3647
vn 0.9059 -0.2153 0.3647
vn -0.1529 0.0880 -0.9843
vn -0.1530 0.0880 -0.9843
vn -0.0667 0.1634 -0.9843
vn -0.1840 -0.0000 -0.9829
vn -0.0510 0.1142 -0.9921
vn 0.0197 -0.2148 -0.9765
vn 0.1059 0.1412 -0.9843
vn 0.2235 -0.2049 -0.9529
vn 0.2941 -0.4194 -0.8588
vn 0.1216 -0.3877 -0.9137
vn -0.1451 -0.2018 -0.9686
vn -0.0196 -0.2766 -0.9608
vn 0.0980 0.1921 -0.9765
vn 0.7804 0.2766 -0.5608
vn 0.7804 0.2227 -0.5843
vn 0.7882 0.1675 -0.5922
vn 0.8196 0.0702 -0.5686
vn 0.8510 -0.0617 -0.5216
vn -0.7489 -0.0000 0.6627
vn -0.6706 -0.1121 0.7333
vn -0.7176 -0.0566 0.6941
vn -0.6392 -0.0815 0.7647
vn 0.1137 0.1349 0.9843
vn 0.1216 0.1279 0.9843
vn 0.0980 0.0777 0.9922
vn -0.0745 0.1004 0.9921
vn -0.0509 0.1142 0.9922
vn -0.2314 0.0908 0.9686
vn -0.6470 -0.0921 0.7569
vn -0.6471 -0.0922 0.7568
vn -0.6471 -0.0921 0.7569
vn -0.0667 0.5802 0.8118
vn -0.0666 0.5802 0.8118
vn -0.0745 0.6493 0.7569
vn -0.0745 0.6583 0.7490
vn -0.0431 0.6139 0.7882
vn -0.0431 0.6037 0.7961
vn 0.0039 0.4706 0.8824
vn 0.0039 0.4706 0.8823
vn -0.9686 -0.2316 0.0902
vn -0.9608 -0.2594 0.0980
vn -0.9608 -0.2595 0.0981
vn 0.0588 -0.5089 -0.8588
vn 0.0274 -0.3019 -0.9529
vn 0.0353 -0.3249 -0.9451
vn 0.0039 -0.1250 -0.9922
vn 0.9922 -0.1235 0.0196
vn 0.9843 -0.1743 0.0275
vn 0.9998 -0.0000 -0.0196
vn 0.9373 -0.3388 0.0823
vn 0.2235 -0.5151 0.8274
vn -0.4197 -0.8205 0.3882
vn 0.1608 -0.8176 -0.5529
vn 0.8510 0.4501 -0.2706
vn 0.8510 0.4502 -0.2706
vn 0.0039 -0.3882 -0.9216
vn -0.1608 0.5835 -0.7961
vn -0.1608 0.5834 -0.7961
vn -0.1686 0.9782 0.1216
vn -0.1686 0.9782 0.1215
vn -0.0039 0.3882 0.9216
vn 0.1608 -0.5835 0.7961
vn 0.1608 -0.5834 0.7961
vn 0.1686 -0.9782 -0.1216
vn 0.1687 -0.9782 -0.1216
vn 0.1687 -0.9781 -0.1216
vn -0.9765 -0.1994 0.0823
vn -0.9765 -0.1993 0.0823
vn -0.9765 -0.1993 0.0824
vn -0.9765 -0.1994 0.0824
vn 0.9765 0.1993 -0.0824
vn 0.9765 0.1994 -0.0823
vn 0.9765 0.1994 -0.0824
vn 0.0902 -0.7889 0.6078
vn 0.1686 -0.7697 0.6157
vn 0.1764 -0.7680 0.6157
vn 0.2863 -0.7275 0.6235
vn 0.8980 0.4063 0.1686
vn 0.8118 0.5636 0.1529
vn 0.9137 0.3697 0.1686
vn 0.9372 0.3007 0.1765
vn 0.9529 0.2278 0.2000
vn 0.9529 0.2279 0.2000
vn 0.9608 0.1642 0.2235
vn 0.9608 0.1641 0.2235
vn 0.9765 0.0807 -0.2000
vn 0.9843 -0.0520 -0.1686
vn 0.9765 -0.1596 -0.1451
vn -0.4980 -0.6744 -0.5451
vn -0.5059 -0.6486 -0.5686
vn -0.4823 -0.7096 -0.5136
vn -0.4823 -0.7095 -0.5137
vn -0.9529 -0.1513 0.2627
vn -0.9529 -0.1642 0.2549
vn -0.9372 -0.1600 0.3098
vn -0.9608 -0.1836 0.2078
vn -0.4980 0.3438 0.7961
vn -0.4039 0.2685 0.8745
vn -0.4902 0.3368 0.8039
vn -0.5608 0.3990 0.7255
vn 0.1686 0.7436 0.6471
vn 0.0431 0.5713 0.8196
vn 0.0667 0.6015 0.7961
vn -0.0039 0.4850 0.8745
vn 0.0196 0.5374 0.8431
vn 0.0196 0.5373 0.8431
vn 0.0432 0.5824 0.8118
vn 0.2000 0.7558 0.6235
vn 0.2392 -0.6272 -0.7412
vn 0.2392 -0.6364 -0.7333
vn 0.2157 -0.5763 -0.7882
vn 0.2157 -0.5764 -0.7882
vn 0.2627 -0.6861 -0.6784
vn -0.2393 -0.6946 -0.6784
vn -0.8431 0.3637 -0.3961
vn -0.8588 0.3151 -0.4039
vn -0.8510 0.2556 -0.4588
vn -0.8588 0.4248 -0.2863
vn -0.8902 0.2507 -0.3804
vn 0.1373 0.9905 -0.0117
vn 0.2784 0.7500 -0.6000
vn 0.1843 0.7398 -0.6471
vn 0.3333 0.8192 -0.4667
vn 0.1137 0.6436 -0.7569
vn -0.0902 0.5879 -0.8039
vn 0.2785 0.6012 -0.7490
vn -0.2784 0.9410 0.1922
vn -0.7882 0.1675 0.5922
vn -0.0118 -0.3267 -0.9451
vn -0.0117 -0.3265 -0.9451
vn -0.1608 0.4263 -0.8902
vn -0.2157 0.9233 -0.3177
vn -0.2157 0.9234 -0.3176
vn -0.2158 0.9234 -0.3176
vn -0.2157 0.9233 -0.3176
vn -0.1451 0.8846 0.4431
vn 0.0118 0.3266 0.9451
vn 0.0117 0.3266 0.9451
vn 0.1608 -0.4263 0.8902
vn 0.2157 -0.9233 0.3177
vn 0.1451 -0.8846 -0.4432
vn 0.1451 -0.8846 -0.4431
vn 0.9686 0.2316 -0.0902
vn 0.9686 0.2315 -0.0902
vn 0.9686 0.2317 -0.0902
vn -0.7882 0.2534 0.5608
vn -0.8902 0.2107 0.4039
vn -0.8353 0.2329 0.4980
vn -0.9059 0.2281 0.3569
vn -0.9137 0.1944 0.3569
vn -0.9137 0.1943 0.3569
vn -0.8902 0.2622 0.3725
vn 0.7882 -0.2534 -0.5608
vn 0.8353 -0.2490 -0.4902
vn 0.8902 -0.2107 -0.4039
vn 0.8980 -0.2460 -0.3647
vn 0.9137 -0.1944 -0.3569
vn 0.9059 -0.2281 -0.3569
vn 0.8274 -0.4131 -0.3804
vn -0.1764 -0.9441 -0.2784
vn -0.1765 -0.9441 -0.2784
vn -0.1765 -0.8536 -0.4902
vn -0.1764 -0.8828 -0.4353
vn -0.1765 -0.7616 -0.6235
vn -0.2157 -0.5542 -0.8039
vn -0.2157 -0.5543 -0.8039
vn 0.1373 0.9820 0.1294
vn 0.1294 0.9850 0.1137
vn 0.1608 0.9751 0.1529
vn 0.1059 0.9903 0.0902
vn -0.1137 -0.9926 -0.0431
vn 0.0824 0.6391 0.7647
vn 0.0823 0.6391 0.7647
vn -0.0902 0.8230 0.5608
vn -0.0902 0.8231 0.5607
vn 0.6706 0.6321 -0.3882
vn 0.0353 -0.1200 -0.9922
vn 0.0353 -0.1200 -0.9921
vn -0.9921 -0.1220 -0.0274
vn -0.9843 0.0727 -0.1608
vn -0.9843 0.0728 -0.1608
vn -0.9922 -0.1220 -0.0275
vn -0.9608 -0.2594 0.0981
vn -0.1844 0.8072 -0.5608
vn -0.1843 0.8072 -0.5608
vn 0.9921 0.1200 -0.0353
vn 0.9922 0.1199 -0.0353
vn 0.9922 0.1200 -0.0353
vn 0.1294 -0.6118 -0.7804
vn -0.4039 0.1274 -0.9059
vn -0.4039 0.1275 -0.9059
vn 0.9608 0.0887 -0.2627
vn 0.9608 0.0888 -0.2627
vn 0.9608 0.0887 -0.2628
vn -0.2941 0.9292 0.2236
vn -0.5922 -0.7439 0.3098
vn -0.5921 -0.7439 0.3098
vn 0.2863 -0.9418 0.1765
vn 0.2863 -0.9418 0.1764
vn 0.4980 -0.4628 0.7333
vn -0.9137 -0.3285 0.2392
vn 0.9137 0.3285 -0.2392
vn 0.0274 -0.7813 -0.6235
vn -0.0588 0.6773 0.7333
vn -0.4431 0.5372 -0.7176
vn -0.4431 0.5373 -0.7176
vn -0.4431 0.5372 -0.7177
vn -0.4432 0.5372 -0.7176
vn 0.4667 -0.7143 0.5216
vn 0.4667 -0.7143 0.5215
vn 0.2784 -0.9341 0.2235
vn 0.2784 -0.9341 0.2236
vn 0.9451 0.3163 -0.0824
vn 0.9451 0.3163 -0.0823
vn 0.1137 0.2210 0.9686
vn -0.8510 -0.3925 0.3490
vn -0.1843 -0.3813 -0.9059
vn -0.1843 -0.3814 -0.9059
vn -0.4039 0.6137 -0.6784
vn -0.4039 0.6137 -0.6785
vn -0.4040 0.6137 -0.6784
vn 0.0431 0.8473 -0.5294
vn 0.0432 0.8473 -0.5294
vn 0.8745 0.3857 -0.2941
vn 0.9922 -0.1220 0.0275
vn 0.9921 -0.1220 0.0275
vn 0.9922 -0.1200 0.0353
vn 0.9921 -0.1200 0.0353
vn 0.9451 -0.3033 0.1215
vn 0.8745 -0.4219 0.2392
vn 0.9608 -0.1092 0.2549
vn 0.8510 -0.4715 0.2313
vn -0.9843 0.1599 -0.0745
vn -0.9843 0.1600 -0.0745
vn -0.9294 0.3102 -0.2000
vn -0.0275 -0.5245 -0.8510
vn -0.0196 -0.5726 -0.8196
vn -0.0196 -0.5119 -0.8588
vn -0.0118 -0.5839 -0.8118
vn -0.0745 -0.5199 -0.8510
vn -0.0118 -0.5614 -0.8274
vn -0.1686 -0.4695 -0.8667
vn -0.2314 -0.5362 -0.8117
vn -0.2000 -0.5712 -0.7961
vn 0.0196 0.6622 0.7490
vn 0.0118 0.6349 0.7725
vn 0.0117 0.6535 0.7568
vn 0.0118 0.6625 0.7490
vn 0.0039 0.6154 0.7882
vn 0.0118 0.6051 0.7961
vn -0.0039 0.6444 0.7647
vn 0.0431 0.5481 0.8353
vn 0.0588 0.5466 0.8353
vn 0.0589 0.5466 0.8353
vn 0.2157 -0.8154 0.5373
vn 0.1451 -0.7927 0.5922
vn 0.2000 -0.8089 0.5529
vn 0.1216 -0.7786 0.6157
vn -0.9843 0.1004 0.1451
vn -0.9686 0.0908 0.2314
vn -0.9843 -0.1467 -0.0980
vn 0.1059 0.6062 0.7882
vn 0.0588 -0.4669 0.8823
vn 0.0196 -0.8624 0.5059
vn -0.0353 -0.9994 -0.0039
vn -0.0745 -0.4933 -0.8667
vn -0.1137 0.8407 -0.5294
vn 0.9608 -0.2648 0.0824
vn 0.9608 -0.2648 0.0823
vn 0.1372 0.5676 0.8118
vn 0.1373 0.5676 0.8118
vn 0.1373 0.5677 0.8117
vn 0.9059 0.0992 -0.4118
vn -0.2706 -0.6048 -0.7490
vn -0.8980 -0.1040 0.4275
vn -0.8980 -0.1041 0.4274
vn 0.6471 -0.6738 0.3569
vn -0.3569 0.7289 -0.5843
vn 0.1451 0.5303 0.8353
vn -0.5294 -0.5197 0.6706
vn -0.5294 -0.5196 0.6706
vn -0.2784 -0.6383 -0.7176
vn -0.2785 -0.6383 -0.7176
vn 0.7176 0.1573 -0.6784
vn 0.7176 0.1572 -0.6785
vn 0.7177 0.1573 -0.6784
vn -0.6314 0.6470 -0.4274
vn -0.6314 0.6470 -0.4275
vn 0.6470 -0.6148 0.4510
vn 0.6471 -0.6148 0.4510
vn 0.8196 -0.4140 0.3961
vn 0.8196 -0.4140 0.3960
vn -0.4353 -0.5637 0.7020
vn -0.4353 -0.5637 0.7019
vn 0.3177 0.6011 0.7333
vn 0.3176 0.6011 0.7334
vn 0.3176 0.6011 0.7333
vn 0.5294 0.4398 -0.7255
vn -0.0980 -0.6175 -0.7804
vn -0.0981 -0.6176 -0.7804
vn -0.0980 -0.6176 -0.7804
vn -0.8196 0.4819 -0.3098
vn -0.8196 0.4820 -0.3098
vn 0.7098 -0.5978 0.3726
vn 0.7098 -0.5978 0.3725
vn -0.3098 -0.7845 0.5373
vn -0.3098 -0.7845 0.5372
vn -0.3098 -0.7844 0.5373
vn 0.1530 0.4603 0.8745
vn 0.1529 0.4603 0.8745
vn 0.5608 0.7183 -0.4118
vn 0.5608 0.7183 -0.4117
vn -0.0666 -0.5690 -0.8196
vn -0.0667 -0.5691 -0.8196
vn -0.9451 0.3092 -0.1059
vn -0.0588 0.4021 0.9137
vn -0.7020 -0.5811 0.4118
vn -0.2157 -0.6622 -0.7176
vn -0.2157 -0.6622 -0.7177
vn 0.7412 0.4901 -0.4588
vn 0.7412 0.4900 -0.4588
vn -0.3725 0.7622 -0.5294
vn -0.3726 0.7622 -0.5294
vn 0.7725 -0.5744 0.2706
vn 0.7726 -0.5744 0.2706
vn 0.0118 0.5497 0.8353
vn 0.8745 0.3106 -0.3725
vn -0.1137 -0.5944 -0.7961
vn -0.8902 -0.3480 0.2941
vn -0.8902 -0.3479 0.2941
vn 0.6392 -0.6728 0.3725
vn 0.6392 -0.6728 0.3726
vn -0.5216 0.7429 -0.4196
vn -0.5216 0.7429 -0.4195
vn -0.5215 0.7429 -0.4196
vn 0.8039 -0.5336 0.2627
vn 0.8039 -0.5336 0.2628
vn -0.4667 -0.8284 0.3098
vn -0.4667 -0.8284 0.3097
vn 0.0275 0.3873 0.9215
vn 0.0274 0.3872 0.9216
vn 0.0274 0.3873 0.9215
vn 0.6000 0.7556 -0.2627
vn 0.6000 0.7556 -0.2628
vn 0.0510 -0.4527 -0.8902
vn 0.0509 -0.4528 -0.8902
vn -0.9608 0.2363 -0.1451
vn -0.9608 0.2364 -0.1451
vn -0.1137 0.4080 0.9059
vn -0.7255 -0.6223 0.2941
vn -0.7255 -0.6222 0.2941
vn -0.0432 -0.5932 -0.8039
vn -0.0431 -0.5932 -0.8039
vn 0.5843 0.7289 -0.3569
vn 0.5843 0.7288 -0.3569
vn -0.0745 0.8684 -0.4902
vn 0.7490 -0.5975 0.2863
vn 0.7491 -0.5975 0.2862
vn -0.1059 0.4585 0.8823
vn -0.1059 0.4585 0.8824
vn -0.1058 0.4586 0.8823
vn 0.9059 0.4101 -0.1059
vn 0.0588 -0.4954 -0.8667
vn -0.8745 -0.4674 0.1294
vn -0.8744 -0.4675 0.1295
vn 0.3098 -0.8748 0.3726
vn -0.4823 0.7510 -0.4510
vn -0.4824 0.7510 -0.4510
vn -0.4824 0.7510 -0.4509
vn -0.1216 0.4839 0.8667
vn -0.1216 0.4838 0.8667
vn 0.9608 0.2726 -0.0510
vn 0.0353 -0.5111 -0.8588
vn 0.0353 -0.5110 -0.8588
vn -0.8902 -0.4552 0.0196
vn -0.8902 -0.4551 0.0196
vn 0.0353 -0.9070 0.4196
vn -0.2706 0.7935 -0.5451
vn -0.1137 0.4858 0.8667
vn -0.8118 -0.5215 0.2627
vn -0.8117 -0.5216 0.2627
vn -0.1608 -0.6043 -0.7804
vn 0.7333 0.5969 -0.3255
vn -0.0824 0.8540 -0.5137
vn -0.0823 0.8540 -0.5137
vn 0.5373 -0.7446 0.3961
vn 0.5372 -0.7446 0.3961
vn 0.5372 -0.7447 0.3961
vn 0.6941 -0.6339 0.3412
vn -0.6078 -0.7311 0.3098
vn -0.6078 -0.7312 0.3098
vn 0.0118 0.4234 0.9059
vn 0.0118 0.4233 0.9059
vn 0.0117 0.4234 0.9059
vn 0.7020 0.6680 -0.2471
vn 0.7019 0.6680 -0.2471
vn 0.7019 0.6680 -0.2470
vn 0.0432 -0.5104 -0.8588
vn 0.0431 -0.5105 -0.8588
vn 0.0432 -0.5105 -0.8588
vn -0.8117 0.5045 -0.2941
vn -0.8118 0.5045 -0.2941
vn 0.4039 0.1274 -0.9059
vn 0.4039 0.1275 -0.9059
vn -0.9608 0.0887 -0.2627
vn -0.9608 0.0888 -0.2627
vn 0.2941 0.9292 0.2236
vn 0.5922 -0.7439 0.3098
vn 0.5921 -0.7439 0.3098
vn -0.2863 -0.9418 0.1765
vn -0.4980 -0.4628 0.7333
vn -0.4981 -0.4628 0.7333
vn 0.9137 -0.3285 0.2392
vn -0.9137 0.3285 -0.2392
vn -0.9137 0.3284 -0.2392
vn -0.0275 -0.7813 -0.6235
vn -0.0274 -0.7813 -0.6235
vn 0.0588 0.6773 0.7333
vn 0.4431 0.5372 -0.7176
vn 0.4431 0.5373 -0.7176
vn -0.4667 -0.7143 0.5216
vn -0.4666 -0.7142 0.5216
vn -0.2784 -0.9341 0.2235
vn -0.9451 0.3163 -0.0824
vn -0.9451 0.3163 -0.0823
vn -0.1137 0.2210 0.9686
vn 0.8510 -0.3925 0.3490
vn 0.1843 -0.3813 -0.9059
vn 0.4039 0.6137 -0.6784
vn 0.4039 0.6137 -0.6785
vn -0.0431 0.8473 -0.5294
vn -0.0433 0.8473 -0.5294
vn -0.0432 0.8473 -0.5294
vn -0.8745 0.3857 -0.2941
vn -0.8745 0.3856 -0.2941
vn -0.9922 -0.1220 0.0275
vn -0.9921 -0.1200 0.0353
vn -0.9921 -0.1220 0.0275
vn -0.9451 -0.3034 0.1216
vn -0.8745 -0.4219 0.2392
vn -0.9608 -0.1092 0.2549
vn -0.8510 -0.4715 0.2313
vn 0.9843 0.1600 -0.0745
vn 0.9294 0.3102 -0.2000
vn 0.0196 -0.5726 -0.8196
vn 0.0275 -0.5245 -0.8510
vn 0.0196 -0.5119 -0.8588
vn 0.0118 -0.5839 -0.8118
vn 0.0745 -0.5199 -0.8510
vn 0.0118 -0.5614 -0.8274
vn 0.1686 -0.4695 -0.8667
vn 0.2314 -0.5362 -0.8118
vn 0.2000 -0.5712 -0.7961
vn -0.0118 0.6349 0.7725
vn -0.0196 0.6623 0.7490
vn -0.0117 0.6535 0.7569
vn -0.0118 0.6624 0.7490
vn -0.0039 0.6153 0.7883
vn -0.0118 0.6051 0.7961
vn 0.0039 0.6444 0.7647
vn -0.0431 0.5481 0.8353
vn -0.0588 0.5466 0.8353
vn -0.2157 -0.8154 0.5373
vn -0.2000 -0.8089 0.5529
vn -0.1216 -0.7786 0.6157
vn 0.9843 0.1004 0.1451
vn 0.9686 0.0908 0.2314
vn 0.9843 -0.1467 -0.0980
vn -0.1059 0.6062 0.7882
vn -0.0588 -0.4669 0.8823
vn -0.0589 -0.4669 0.8823
vn -0.0196 -0.8624 0.5059
vn 0.0353 -0.9994 -0.0039
vn 0.0745 -0.4933 -0.8667
vn 0.1137 0.8407 -0.5294
vn -0.9608 -0.2648 0.0824
vn -0.9608 -0.2648 0.0823
vn -0.1372 0.5676 0.8118
vn -0.1373 0.5677 0.8117
vn -0.1373 0.5676 0.8118
vn -0.9059 0.0992 -0.4118
vn 0.2706 -0.6048 -0.7490
vn 0.8980 -0.1040 0.4274
vn 0.8980 -0.1040 0.4275
vn 0.8980 -0.1041 0.4274
vn 0.8980 -0.1041 0.4275
vn -0.6470 -0.6738 0.3568
vn -0.6471 -0.6738 0.3569
vn 0.3569 0.7289 -0.5843
vn -0.1451 0.5303 0.8353
vn 0.5294 -0.5197 0.6706
vn 0.5294 -0.5196 0.6706
vn 0.2784 -0.6383 -0.7176
vn 0.2784 -0.6383 -0.7177
vn -0.7176 0.1573 -0.6784
vn -0.7177 0.1573 -0.6784
vn -0.7176 0.1573 -0.6785
vn 0.6314 0.6470 -0.4275
vn 0.6314 0.6470 -0.4274
vn -0.6470 -0.6148 0.4510
vn -0.6471 -0.6148 0.4510
vn -0.8196 -0.4140 0.3961
vn 0.4353 -0.5637 0.7020
vn 0.4353 -0.5637 0.7019
vn -0.3176 0.6011 0.7333
vn -0.3176 0.6011 0.7334
vn -0.5294 0.4398 -0.7255
vn 0.0980 -0.6176 -0.7804
vn 0.0980 -0.6175 -0.7804
vn 0.0981 -0.6176 -0.7804
vn 0.8196 0.4820 -0.3098
vn -0.7098 -0.5978 0.3726
vn -0.7098 -0.5978 0.3725
vn 0.3098 -0.7845 0.5373
vn 0.3098 -0.7845 0.5372
vn -0.1530 0.4603 0.8745
vn -0.1529 0.4603 0.8745
vn -0.5608 0.7183 -0.4118
vn 0.0666 -0.5690 -0.8196
vn 0.0667 -0.5690 -0.8196
vn 0.0667 -0.5691 -0.8196
vn 0.9451 0.3092 -0.1059
vn 0.0588 0.4021 0.9137
vn 0.0588 0.4020 0.9137
vn 0.7020 -0.5811 0.4118
vn 0.2157 -0.6622 -0.7176
vn 0.2157 -0.6622 -0.7177
vn -0.7412 0.4900 -0.4588
vn -0.7412 0.4901 -0.4588
vn 0.3726 0.7622 -0.5294
vn 0.3725 0.7622 -0.5294
vn -0.7725 -0.5744 0.2706
vn -0.7726 -0.5744 0.2706
vn -0.0118 0.5497 0.8353
vn -0.8745 0.3106 -0.3725
vn -0.8745 0.3106 -0.3726
vn 0.1137 -0.5944 -0.7961
vn 0.8902 -0.3479 0.2941
vn 0.8902 -0.3480 0.2941
vn -0.6392 -0.6727 0.3726
vn -0.6392 -0.6728 0.3725
vn -0.6392 -0.6728 0.3726
vn 0.5216 0.7429 -0.4196
vn 0.5215 0.7429 -0.4196
vn -0.8039 -0.5336 0.2628
vn -0.8039 -0.5336 0.2627
vn 0.4667 -0.8284 0.3098
vn 0.4666 -0.8284 0.3097
vn -0.0275 0.3873 0.9215
vn -0.0286 0.3870 0.9217
vn -0.0274 0.3872 0.9216
vn -0.6000 0.7556 -0.2627
vn -0.6000 0.7556 -0.2628
vn -0.0510 -0.4527 -0.8902
vn -0.0510 -0.4528 -0.8902
vn -0.0509 -0.4528 -0.8902
vn 0.9608 0.2363 -0.1451
vn 0.1137 0.4080 0.9059
vn 0.7255 -0.6222 0.2941
vn 0.0431 -0.5932 -0.8039
vn -0.5843 0.7289 -0.3569
vn -0.5843 0.7289 -0.3568
vn 0.0745 0.8684 -0.4902
vn -0.7490 -0.5975 0.2863
vn -0.7491 -0.5975 0.2862
vn 0.1059 0.4585 0.8823
vn 0.1058 0.4586 0.8823
vn 0.1059 0.4585 0.8824
vn -0.9059 0.4101 -0.1059
vn -0.0588 -0.4954 -0.8667
vn -0.0588 -0.4954 -0.8666
vn 0.8745 -0.4674 0.1294
vn -0.3098 -0.8748 0.3726
vn -0.3098 -0.8748 0.3725
vn 0.4824 0.7509 -0.4510
vn 0.4824 0.7510 -0.4510
vn 0.4824 0.7510 -0.4509
vn 0.1216 0.4839 0.8667
vn 0.1216 0.4838 0.8667
vn -0.9608 0.2726 -0.0510
vn -0.0353 -0.5111 -0.8588
vn -0.0353 -0.5110 -0.8588
vn 0.8902 -0.4551 0.0196
vn 0.8902 -0.4552 0.0196
vn -0.0353 -0.9070 0.4196
vn 0.2706 0.7935 -0.5451
vn 0.1137 0.4858 0.8666
vn 0.1137 0.4857 0.8667
vn 0.1137 0.4858 0.8667
vn 0.8118 -0.5215 0.2628
vn 0.8118 -0.5216 0.2627
vn 0.8118 -0.5215 0.2627
vn 0.1608 -0.6043 -0.7804
vn 0.1607 -0.6043 -0.7804
vn -0.7333 0.5969 -0.3255
vn 0.0823 0.8540 -0.5137
vn 0.0824 0.8540 -0.5137
vn -0.5372 -0.7447 0.3961
vn -0.5372 -0.7446 0.3961
vn -0.5373 -0.7446 0.3961
vn -0.6941 -0.6339 0.3412
vn 0.6078 -0.7311 0.3098
vn -0.0118 0.4234 0.9059
vn -0.0118 0.4234 0.9058
vn -0.0117 0.4234 0.9059
vn -0.7020 0.6680 -0.2471
vn -0.7020 0.6680 -0.2470
vn -0.0432 -0.5104 -0.8588
vn -0.0432 -0.5105 -0.8588
vn -0.0431 -0.5105 -0.8588
vn 0.8117 0.5045 -0.2942
vn 0.8118 0.5045 -0.2941
vn -0.9686 0.1235 -0.2157
vn -0.9529 0.1863 -0.2392
vn -0.9608 0.1529 -0.2314
vn -0.9765 0.0980 -0.1922
vn -0.9843 0.1004 -0.1451
vn 0.9529 -0.1863 0.2392
vn 0.9686 -0.1363 0.2078
vn 0.9843 -0.1004 0.1451
vn 0.9765 -0.0980 0.1922
vn -0.0274 0.3476 0.9372
vn 0.0039 0.5122 0.8588
vn 0.0039 0.5123 0.8588
vn -0.0275 0.3476 0.9373
vn 0.0353 0.6526 0.7569
vn -0.1687 -0.6586 0.7333
vn -0.1686 -0.6586 0.7333
vn 0.1765 0.7551 -0.6314
vn 0.0588 -0.1664 -0.9843
vn 0.0353 -0.3011 -0.9529
vn 0.0118 -0.4234 -0.9059
vn -0.0980 -0.8748 -0.4745
vn -0.0981 -0.8748 -0.4745
vn 0.0275 -0.6959 0.7176
vn -0.1608 -0.6692 0.7255
vn -0.1765 -0.7132 0.6784
vn -0.3412 -0.6587 0.6706
vn -0.3490 -0.6118 0.7098
vn -0.2549 -0.8092 0.5294
vn -0.2235 -0.8133 0.5373
vn -0.2628 -0.8611 0.4353
vn -0.2627 -0.8611 0.4353
vn 0.6863 -0.6381 0.3490
vn 0.6863 -0.6338 0.3569
vn 0.6941 -0.6421 0.3255
vn -0.8823 -0.3157 0.3490
vn -0.8824 -0.3241 0.3412
vn -0.8745 -0.3105 0.3726
vn -0.8902 -0.3266 0.3177
vn 0.1294 0.6759 0.7255
vn 0.1294 0.6760 0.7255
vn 0.3255 0.6157 0.7176
vn -0.0667 0.7013 0.7098
vn -0.0667 0.7012 0.7098
vn 0.9137 0.4054 -0.0274
vn 0.9137 0.4054 -0.0275
vn 0.7569 0.1363 -0.6392
vn -0.6627 0.7480 -0.0353
vn -0.6628 0.7480 -0.0353
vn -0.6471 0.4274 -0.6314
vn -0.6470 0.4274 -0.6314
vn -0.6706 0.6546 -0.3490
vn 0.9922 -0.0666 -0.1058
vn -0.8745 0.4382 -0.2078
vn -0.8745 0.4383 -0.2078
vn -0.3176 -0.3847 -0.8667
vn -0.3177 -0.3847 -0.8667
vn -0.3176 -0.3847 -0.8666
vn 0.2078 -0.4959 -0.8431
vn 0.2079 -0.4959 -0.8431
vn 0.2941 0.8625 -0.4118
vn 0.2471 0.8011 -0.5451
vn 0.2000 0.7216 -0.6627
vn 0.2001 0.7217 -0.6626
vn 0.2000 0.7217 -0.6627
vn 0.8118 0.4218 -0.4039
vn 0.8117 0.4218 -0.4039
vn 0.8117 0.4218 -0.4040
vn -0.9216 0.3228 -0.2157
vn -0.9059 0.3885 -0.1686
vn -0.9137 0.4062 0.0118
vn -0.9294 0.3630 0.0667
vn -0.9294 0.3644 0.0588
vn -0.9294 0.3643 0.0588
vn 0.9372 -0.3205 0.1372
vn 0.9059 -0.3885 0.1686
vn 0.9451 -0.3141 0.0902
vn 0.9059 -0.4194 0.0588
vn 0.9059 -0.4235 -0.0039
vn 0.9294 -0.3630 -0.0667
vn 0.9294 -0.3643 -0.0588
vn 0.9294 -0.3644 -0.0588
vn 0.0196 0.5837 0.8118
vn 0.0431 0.6951 0.7176
vn 0.0431 0.6951 0.7177
vn 0.0118 0.5728 0.8196
vn 0.0432 0.7261 0.6863
vn -0.1608 -0.6043 0.7804
vn 0.0824 -0.0941 -0.9922
vn 0.0824 -0.0941 -0.9921
vn 0.0039 -0.4706 -0.8823
vn -0.0510 -0.5474 -0.8353
vn -0.0588 -0.5345 -0.8431
vn 0.0274 -0.3256 -0.9451
vn 0.0274 -0.3257 -0.9451
vn -0.1059 -0.9087 -0.4039
vn -0.1059 -0.9086 -0.4039
vn 0.1686 0.8955 -0.4118
vn 0.1686 0.8956 -0.4118
vn -0.9372 0.2909 -0.1922
vn -0.9137 0.3393 -0.2235
vn -0.9216 0.3279 -0.2078
vn -0.9137 0.3491 -0.2078
vn -0.9373 0.3268 -0.1216
vn -0.9137 0.3581 -0.1921
vn -0.9608 0.2671 -0.0745
vn -0.9451 0.3001 -0.1294
vn -0.9765 0.2148 0.0196
vn 0.9137 -0.3393 0.2235
vn 0.9372 -0.2909 0.1922
vn 0.9216 -0.3228 0.2157
vn 0.9138 -0.3491 0.2078
vn 0.9372 -0.3268 0.1216
vn 0.9137 -0.3580 0.1922
vn 0.9451 -0.3001 0.1294
vn 0.9608 -0.2671 0.0745
vn 0.9765 -0.2139 -0.0275
vn 0.9765 -0.2139 -0.0274
vn 0.0353 0.6704 0.7412
vn 0.0118 0.5376 0.8431
vn 0.0118 0.5614 0.8274
vn 0.0431 0.6869 0.7255
vn -0.0118 0.4398 0.8980
vn -0.1686 -0.6315 0.7568
vn -0.1686 -0.6314 0.7569
vn 0.0823 -0.0941 -0.9922
vn 0.0039 -0.4850 -0.8745
vn 0.0431 -0.2739 -0.9608
vn 0.1765 0.8348 -0.5216
vn 0.1764 0.8348 -0.5216
vn -0.0902 -0.8669 -0.4902
vn 0.1294 0.8011 -0.5843
vn 0.1294 0.8012 -0.5843
vn 0.7020 0.6252 -0.3412
vn 0.6157 0.6170 -0.4902
vn 0.7255 0.6105 -0.3177
vn 0.9843 0.1349 0.1137
vn 0.9451 0.2140 0.2470
vn 0.8039 -0.3784 0.4588
vn 0.9451 0.2139 0.2471
vn 0.9137 0.1199 0.3882
vn 0.8980 -0.1549 0.4117
vn 0.9605 -0.0000 0.2784
vn 0.8039 -0.3479 0.4824
vn 0.7882 -0.4011 0.4667
vn 0.7961 -0.3947 0.4588
vn 0.7882 -0.3614 0.4980
vn 0.8118 -0.4141 0.4118
vn 0.8902 -0.3188 0.3255
vn 0.8902 -0.3266 0.3176
vn 0.9137 -0.2629 0.3098
vn 0.9372 -0.2537 0.2392
vn 0.9373 -0.2199 0.2706
vn 0.9372 -0.2099 0.2784
vn 0.8823 -0.2974 0.3647
vn 0.8039 -0.3368 0.4902
vn 0.4588 -0.1046 0.8824
vn 0.4589 -0.1046 0.8823
vn 0.4588 -0.1046 0.8823
vn 0.0275 0.1220 -0.9922
vn 0.0431 0.2739 -0.9608
vn 0.0196 0.1235 -0.9922
vn 0.0118 0.1245 -0.9921
vn 0.7961 -0.0792 -0.6000
vn 0.8039 0.1109 -0.5843
vn 0.8510 -0.1668 -0.4980
vn 0.8196 -0.1174 -0.5608
vn 0.8902 -0.1345 -0.4353
vn 0.8980 -0.3199 -0.3019
vn 0.9294 -0.2006 -0.3098
vn 0.8666 -0.0293 -0.4981
vn 0.9372 -0.0719 -0.3412
vn 0.9671 -0.0000 -0.2545
vn 0.9843 0.1004 -0.1451
vn -0.8431 0.4552 -0.2863
vn -0.7333 0.6166 -0.2863
vn -0.6078 0.6367 -0.4745
vn -0.7882 0.3504 -0.5059
vn -0.9373 0.3449 -0.0510
vn -0.9216 0.3117 0.2314
vn -0.9529 0.2570 0.1608
vn -0.8902 0.2623 0.3726
vn -0.8353 0.1484 -0.5294
vn -0.9529 0.0736 -0.2941
vn -0.8980 0.1040 -0.4274
vn -0.9843 0.1664 0.0588
vn -0.8196 0.2191 -0.5294
vn -0.8902 0.2107 -0.4039
vn -0.9843 0.1634 -0.0667
vn -0.9373 0.2536 -0.2392
vn -0.9765 0.1240 0.1765
vn -0.9608 0.1260 0.2471
vn -0.9922 -0.0665 0.1058
vn -0.9922 0.1235 0.0196
vn -0.9843 -0.0727 0.1608
vn -0.4509 0.0647 0.8902
vn -0.4510 0.0647 0.8902
vn -0.1059 -0.4876 0.8667
vn -0.1059 -0.4876 0.8666
vn -0.1059 -0.4875 0.8667
vn -0.8118 -0.2095 0.5451
vn -0.8274 -0.2081 0.5216
vn -0.8196 -0.1990 0.5373
vn 0.7804 -0.3449 0.5216
vn 0.8117 -0.3404 0.4745
vn 0.7725 -0.3506 0.5294
vn 0.8667 -0.3133 0.3882
vn 0.8588 -0.3151 0.4039
vn 0.8275 -0.3449 0.4431
vn 0.8274 -0.3449 0.4431
vn -0.0667 -0.4183 0.9059
vn -0.8196 -0.1501 0.5529
vn -0.8196 -0.1500 0.5529
vn -0.7961 -0.1843 0.5765
vn -0.7804 -0.2226 0.5843
vn -0.0588 -0.4954 0.8667
vn -0.7804 -0.1467 0.6078
vn -0.7804 -0.1467 0.6079
vn -0.1686 0.4548 0.8745
vn -0.0510 0.5707 0.8196
vn -0.0432 0.5713 0.8196
vn 0.2236 0.5151 0.8274
vn 0.2079 0.5339 0.8196
vn 0.3490 0.3565 0.8667
vn 0.3882 -0.7804 -0.4902
vn 0.3883 -0.7804 -0.4902
vn -0.1059 -0.9188 -0.3804
vn -0.1059 -0.9187 -0.3804
vn -0.8039 -0.1109 -0.5843
vn -0.8039 -0.0555 -0.5922
vn -0.7961 -0.2786 -0.5372
vn -0.7804 0.2601 -0.5686
vn -0.7725 0.3257 -0.5451
vn -0.7725 0.3122 -0.5529
vn -0.4980 0.8646 0.0667
vn -0.4980 0.8646 0.0666
vn 0.6941 0.7051 -0.1451
vn 0.6392 0.0815 -0.7647
vn 0.7020 0.4676 -0.5372
vn 0.7020 0.4676 -0.5373
vn 0.6392 -0.0815 -0.7647
vn 0.6314 -0.0675 -0.7726
vn 0.5294 -0.2465 -0.8118
vn 0.7177 0.0566 -0.6941
vn 0.7176 0.0566 -0.6941
vn 0.9529 0.2048 -0.2235
vn 0.9686 0.1750 -0.1765
vn 0.9843 0.1517 -0.0902
vn 0.9137 0.2207 -0.3412
vn 0.8823 0.2415 -0.4039
vn -0.8588 0.4716 -0.2000
vn -0.8667 0.4666 -0.1765
vn -0.8510 0.4635 -0.2471
vn -0.8431 0.4734 -0.2549
vn -0.8745 0.4652 -0.1372
vn 0.8667 0.4241 0.2627
vn 0.1059 0.7043 0.7019
vn -0.7176 0.6647 0.2078
vn 0.1530 0.5748 -0.8039
vn -0.0509 -0.9815 -0.1844
vn 0.1137 -0.9643 -0.2392
vn -0.0980 -0.9577 -0.2706
vn -0.1608 -0.9446 -0.2863
vn -0.2000 -0.9394 -0.2784
vn -0.2392 -0.9347 -0.2627
vn -0.3490 -0.9138 -0.2078
vn -0.1686 -0.9771 -0.1294
vn -0.1687 0.3051 -0.9373
vn -0.1686 0.3052 -0.9372
vn -0.0588 -0.8866 -0.4588
vn -0.4196 -0.3901 0.8196
vn 0.2862 0.2622 -0.9216
vn 0.2863 0.2622 -0.9216
vn 0.0118 -0.9728 0.2314
vn 0.0117 -0.9728 0.2314
vn -0.1764 -0.9528 0.2471
vn -0.1765 -0.9528 0.2471
vn 0.3255 -0.5102 0.7961
vn -0.0745 -0.8894 -0.4510
vn 0.9686 -0.2478 -0.0196
vn 0.9294 -0.3393 -0.1451
vn 0.9765 -0.2154 -0.0118
vn 0.9608 -0.2726 -0.0510
vn 0.8745 -0.4263 -0.2313
vn -0.9922 0.0520 -0.1137
vn -0.9921 0.0941 -0.0823
vn -0.9972 -0.0000 -0.0743
vn -0.9906 -0.0000 -0.1370
vn -0.9372 0.2099 -0.2784
vn -0.4431 -0.8468 0.2941
vn 0.2392 -0.9485 0.2079
vn -0.1372 -0.7067 -0.6941
vn -0.1373 -0.7067 -0.6941
vn -0.1765 -0.9343 0.3098
vn -0.1764 -0.9343 0.3098
vn -0.0353 -0.2128 0.9765
vn -0.0353 -0.2127 0.9765
vn 0.1373 0.7067 0.6941
vn 0.1687 0.9357 -0.3098
vn 0.1686 0.9357 -0.3098
vn 0.9843 -0.1764 -0.0039
vn 0.9529 0.1863 -0.2392
vn 0.9686 0.1235 -0.2157
vn 0.9608 0.1529 -0.2314
vn 0.9765 0.0980 -0.1922
vn -0.9686 -0.1363 0.2078
vn -0.9529 -0.1863 0.2392
vn -0.9843 -0.1004 0.1451
vn -0.9765 -0.0980 0.1922
vn 0.0274 0.3476 0.9372
vn -0.0353 0.6526 0.7569
vn 0.1686 -0.6586 0.7333
vn 0.1687 -0.6586 0.7333
vn -0.1765 0.7551 -0.6314
vn -0.0588 -0.1664 -0.9843
vn -0.0353 -0.3011 -0.9529
vn -0.0118 -0.4234 -0.9059
vn 0.0981 -0.8748 -0.4745
vn 0.0980 -0.8748 -0.4745
vn -0.1060 0.1412 -0.9843
vn 0.0039 -0.7273 0.6863
vn 0.1765 -0.7132 0.6784
vn 0.1608 -0.6692 0.7255
vn -0.0275 -0.6959 0.7176
vn 0.3412 -0.6587 0.6706
vn 0.3490 -0.6118 0.7098
vn 0.2549 -0.8092 0.5294
vn 0.2235 -0.8133 0.5373
vn 0.2627 -0.8611 0.4353
vn -0.6863 -0.6338 0.3569
vn -0.6863 -0.6381 0.3490
vn -0.6941 -0.6421 0.3255
vn 0.8824 -0.3241 0.3412
vn 0.8824 -0.3156 0.3491
vn 0.8745 -0.3105 0.3726
vn 0.8902 -0.3266 0.3177
vn -0.1294 0.6759 0.7255
vn -0.3255 0.6157 0.7176
vn -0.1294 0.6760 0.7255
vn 0.0667 0.7013 0.7098
vn 0.0666 0.7013 0.7098
vn -0.9137 0.4054 -0.0274
vn -0.9137 0.4054 -0.0275
vn -0.7569 0.1363 -0.6392
vn -0.7568 0.1363 -0.6392
vn 0.6627 0.7480 -0.0353
vn 0.6628 0.7480 -0.0353
vn 0.6471 0.4274 -0.6314
vn 0.6470 0.4274 -0.6314
vn 0.6706 0.6546 -0.3490
vn -0.9922 -0.0666 -0.1058
vn -0.9921 -0.0666 -0.1059
vn 0.8745 0.4382 -0.2078
vn 0.8745 0.4383 -0.2079
vn 0.8745 0.4383 -0.2078
vn 0.3176 -0.3847 -0.8667
vn 0.3177 -0.3847 -0.8667
vn -0.2078 -0.4959 -0.8431
vn -0.2079 -0.4959 -0.8431
vn -0.2078 -0.4959 -0.8432
vn -0.2941 0.8625 -0.4118
vn -0.2471 0.8011 -0.5451
vn -0.2000 0.7217 -0.6627
vn -0.2000 0.7216 -0.6627
vn -0.8118 0.4218 -0.4039
vn -0.8117 0.4218 -0.4039
vn 0.9059 0.3885 -0.1686
vn 0.9216 0.3228 -0.2157
vn 0.9137 0.4062 0.0118
vn 0.9294 0.3630 0.0666
vn 0.9294 0.3630 0.0667
vn 0.9294 0.3643 0.0588
vn -0.9059 -0.3885 0.1686
vn -0.9372 -0.3205 0.1373
vn -0.9451 -0.3141 0.0902
vn -0.9059 -0.4194 0.0588
vn -0.9059 -0.4235 -0.0039
vn -0.9294 -0.3630 -0.0667
vn -0.9294 -0.3644 -0.0588
vn -0.0196 0.5837 0.8118
vn -0.0118 0.5728 0.8196
vn -0.0431 0.6951 0.7176
vn -0.0431 0.7261 0.6863
vn 0.1608 -0.6043 0.7804
vn -0.0823 -0.0941 -0.9922
vn -0.0824 -0.0941 -0.9921
vn -0.0824 -0.0941 -0.9922
vn 0.0510 -0.5474 -0.8353
vn 0.0588 -0.5345 -0.8431
vn -0.0274 -0.3256 -0.9451
vn -0.0274 -0.3257 -0.9451
vn 0.1059 -0.9086 -0.4039
vn 0.1059 -0.9087 -0.4039
vn -0.1686 0.8956 -0.4117
vn -0.1686 0.8956 -0.4118
vn 0.9137 0.3393 -0.2235
vn 0.9373 0.2909 -0.1921
vn 0.9216 0.3279 -0.2079
vn 0.9137 0.3492 -0.2078
vn 0.9372 0.3268 -0.1216
vn 0.9137 0.3580 -0.1922
vn 0.9608 0.2671 -0.0745
vn 0.9451 0.3001 -0.1294
vn 0.9765 0.2148 0.0196
vn -0.9372 -0.2909 0.1922
vn -0.9137 -0.3394 0.2235
vn -0.9216 -0.3228 0.2157
vn -0.9137 -0.3492 0.2078
vn -0.9372 -0.3268 0.1216
vn -0.9137 -0.3580 0.1922
vn -0.9451 -0.3001 0.1294
vn -0.9608 -0.2671 0.0745
vn -0.9765 -0.2139 -0.0275
vn -0.0353 0.6704 0.7412
vn -0.0118 0.5614 0.8275
vn -0.0117 0.5376 0.8431
vn -0.0431 0.6869 0.7255
vn 0.0118 0.4398 0.8980
vn 0.1686 -0.6314 0.7569
vn -0.0823 -0.0941 -0.9921
vn -0.0039 -0.4850 -0.8745
vn -0.0431 -0.2739 -0.9608
vn -0.1765 0.8348 -0.5216
vn -0.1765 0.8348 -0.5215
vn 0.0902 -0.8669 -0.4902
vn -0.1294 0.8011 -0.5843
vn -0.1294 0.8012 -0.5843
vn -0.7020 0.6252 -0.3412
vn -0.7255 0.6105 -0.3177
vn -0.6157 0.6170 -0.4902
vn -0.9843 0.1349 0.1137
vn -0.9451 0.2140 0.2470
vn -0.8040 -0.3784 0.4588
vn -0.9451 0.2139 0.2471
vn -0.9605 -0.0000 0.2784
vn -0.8980 -0.1549 0.4118
vn -0.9137 0.1199 0.3882
vn -0.8039 -0.3479 0.4824
vn -0.7882 -0.4011 0.4667
vn -0.7961 -0.3947 0.4588
vn -0.8039 -0.3784 0.4588
vn -0.7882 -0.3614 0.4980
vn -0.8118 -0.4141 0.4118
vn -0.8902 -0.3188 0.3255
vn -0.9137 -0.2629 0.3098
vn -0.9372 -0.2537 0.2392
vn -0.9372 -0.2199 0.2706
vn -0.9373 -0.2098 0.2784
vn -0.8823 -0.2974 0.3647
vn -0.8039 -0.3368 0.4902
vn -0.4588 -0.1046 0.8824
vn -0.4588 -0.1046 0.8823
vn -0.4588 -0.1047 0.8823
vn -0.0275 0.1220 -0.9922
vn -0.0196 0.1235 -0.9922
vn -0.0431 0.2739 -0.9608
vn -0.0118 0.1245 -0.9922
vn -0.0118 0.1245 -0.9921
vn -0.7961 -0.0792 -0.6000
vn -0.8510 -0.1668 -0.4980
vn -0.8039 0.1109 -0.5843
vn -0.8196 -0.1174 -0.5608
vn -0.8902 -0.1345 -0.4353
vn -0.8980 -0.3199 -0.3019
vn -0.9294 -0.2006 -0.3098
vn -0.8666 -0.0293 -0.4981
vn -0.9372 -0.0719 -0.3412
vn -0.9671 -0.0000 -0.2545
vn 0.8431 0.4552 -0.2863
vn 0.7882 0.3504 -0.5059
vn 0.6078 0.6367 -0.4745
vn 0.7333 0.6166 -0.2863
vn 0.9373 0.3449 -0.0510
vn 0.9216 0.3117 0.2314
vn 0.9529 0.2570 0.1608
vn 0.8902 0.2623 0.3726
vn 0.8353 0.1484 -0.5294
vn 0.9529 0.0736 -0.2941
vn 0.8980 0.1040 -0.4274
vn 0.9843 0.1664 0.0588
vn 0.8196 0.2191 -0.5294
vn 0.8902 0.2108 -0.4039
vn 0.9843 0.1634 -0.0667
vn 0.9373 0.2536 -0.2392
vn 0.9765 0.1240 0.1765
vn 0.9608 0.1260 0.2471
vn 0.9922 -0.0665 0.1059
vn 0.9922 0.1235 0.0196
vn 0.9843 -0.0727 0.1608
vn 0.4509 0.0647 0.8902
vn 0.4510 0.0647 0.8902
vn 0.1059 -0.4875 0.8667
vn 0.8118 -0.2095 0.5450
vn 0.8196 -0.1990 0.5373
vn 0.8274 -0.2081 0.5216
vn -0.7804 -0.3449 0.5216
vn -0.7726 -0.3506 0.5294
vn -0.7725 -0.3506 0.5294
vn -0.8117 -0.3404 0.4745
vn -0.8667 -0.3133 0.3882
vn -0.8588 -0.3151 0.4039
vn -0.8274 -0.3449 0.4431
vn 0.0667 -0.4183 0.9059
vn 0.8196 -0.1500 0.5529
vn 0.7961 -0.1843 0.5765
vn 0.7804 -0.2226 0.5843
vn 0.0588 -0.4954 0.8667
vn 0.7804 -0.1467 0.6078
vn 0.7804 -0.1467 0.6079
vn 0.1686 0.4547 0.8745
vn 0.0432 0.5713 0.8196
vn 0.0510 0.5707 0.8196
vn 0.1686 0.4548 0.8745
vn -0.2235 0.5151 0.8274
vn -0.2079 0.5339 0.8196
vn -0.3490 0.3565 0.8667
vn -0.3883 -0.7804 -0.4902
vn -0.3882 -0.7804 -0.4902
vn 0.1059 -0.9188 -0.3804
vn 0.1059 -0.9187 -0.3804
vn 0.8039 -0.1109 -0.5843
vn 0.7961 -0.2786 -0.5372
vn 0.8039 -0.0555 -0.5922
vn 0.7804 0.2601 -0.5686
vn 0.7725 0.3257 -0.5451
vn 0.7725 0.3121 -0.5529
vn 0.7725 0.2292 -0.5922
vn 0.7726 0.2292 -0.5921
vn 0.4980 0.8646 0.0667
vn -0.6941 0.7051 -0.1451
vn -0.6392 0.0815 -0.7647
vn -0.7020 0.4676 -0.5372
vn -0.7020 0.4676 -0.5373
vn -0.6392 -0.0815 -0.7647
vn -0.5294 -0.2465 -0.8118
vn -0.6314 -0.0675 -0.7726
vn -0.7177 0.0566 -0.6941
vn -0.7176 0.0566 -0.6941
vn -0.9686 0.1750 -0.1765
vn -0.9529 0.2048 -0.2235
vn -0.9843 0.1517 -0.0902
vn -0.9137 0.2207 -0.3412
vn -0.8823 0.2415 -0.4039
vn 0.8667 0.4666 -0.1765
vn 0.8588 0.4716 -0.2000
vn 0.8510 0.4635 -0.2471
vn 0.8431 0.4734 -0.2549
vn 0.8745 0.4652 -0.1373
vn -0.8667 0.4241 0.2627
vn -0.1059 0.7043 0.7020
vn 0.7177 0.6647 0.2078
vn -0.1529 0.5747 -0.8039
vn -0.1137 -0.9643 -0.2392
vn 0.0509 -0.9815 -0.1844
vn 0.0980 -0.9577 -0.2706
vn 0.1608 -0.9446 -0.2863
vn 0.2000 -0.9394 -0.2784
vn 0.2392 -0.9347 -0.2627
vn 0.3490 -0.9138 -0.2078
vn 0.1686 -0.9771 -0.1294
vn 0.1687 0.3052 -0.9372
vn 0.1686 0.3052 -0.9372
vn 0.0588 -0.8866 -0.4588
vn 0.4196 -0.3901 0.8196
vn -0.2863 0.2622 -0.9216
vn -0.2863 0.2622 -0.9215
vn -0.0118 -0.9728 0.2314
vn -0.0117 -0.9728 0.2314
vn 0.1764 -0.9528 0.2471
vn 0.1765 -0.9528 0.2471
vn -0.3255 -0.5102 0.7961
vn 0.0745 -0.8894 -0.4509
vn 0.0745 -0.8894 -0.4510
vn -0.9686 -0.2478 -0.0196
vn -0.9294 -0.3393 -0.1451
vn -0.9765 -0.2154 -0.0118
vn -0.9608 -0.2726 -0.0510
vn -0.8745 -0.4263 -0.2313
vn 0.9922 0.0520 -0.1137
vn 0.9972 -0.0000 -0.0743
vn 0.9921 0.0941 -0.0823
vn 0.9906 -0.0000 -0.1370
vn 0.9372 0.2099 -0.2784
vn 0.4431 -0.8468 0.2941
vn -0.2392 -0.9485 0.2079
vn 0.1372 -0.7067 -0.6941
vn 0.1373 -0.7067 -0.6941
vn 0.1372 -0.7066 -0.6941
vn 0.1765 -0.9343 0.3098
vn 0.1764 -0.9343 0.3098
vn 0.0353 -0.2128 0.9765
vn 0.0353 -0.2127 0.9765
vn -0.1373 0.7067 0.6941
vn -0.1372 0.7067 0.6941
vn -0.1687 0.9357 -0.3098
vn -0.1686 0.9357 -0.3098
vn 0.9843 0.1765 0.0039
vn -0.9843 -0.1764 -0.0039
vn 0.0196 0.6250 0.7804
vn 0.9686 0.1235 0.2157
vn -0.9843 0.1600 0.0745
vn -0.9843 0.1599 0.0745
vn -0.0588 -0.8652 0.4980
vn -0.0667 -0.8734 0.4823
vn 0.0824 -0.8632 0.4980
vn 0.0275 -0.8575 0.5137
vn 0.1686 -0.8682 0.4667
vn -0.0824 -0.8927 0.4431
vn 0.0431 0.8268 -0.5608
vn 0.0667 0.8690 -0.4902
vn 0.0431 0.8615 -0.5059
vn 0.0275 0.8275 -0.5608
vn 0.0745 0.7782 -0.6235
vn 0.0353 0.7992 -0.6000
vn 0.1608 -0.4263 -0.8902
vn 0.1608 -0.8858 -0.4353
vn 0.1373 -0.9355 -0.3255
vn 0.1922 -0.8212 -0.5373
vn -0.0039 -0.8802 -0.4745
vn -0.0039 -0.8760 -0.4823
vn 0.0118 -0.8225 -0.5686
vn -0.0196 -0.9214 -0.3882
vn 0.1137 -0.1832 -0.9765
vn 0.1137 -0.1833 -0.9765
vn 0.0510 0.8564 0.5137
vn -0.9921 0.1058 0.0667
vn -0.9921 0.1004 0.0745
vn -0.9921 0.0941 0.0824
vn -0.9922 0.0941 0.0824
vn -0.9987 -0.0000 0.0509
vn 0.9987 -0.0000 0.0509
vn 0.9765 -0.2156 -0.0039
vn -0.0040 -0.8844 0.4667
vn -0.0039 -0.8626 0.5059
vn 0.0667 -0.8734 0.4823
vn 0.0431 -0.8521 0.5215
vn -0.0039 -0.9280 0.3725
vn 0.1216 -0.9168 0.3804
vn -0.0980 0.6075 -0.7882
vn -0.1294 0.6216 -0.7726
vn 0.0510 0.6031 -0.7961
vn 0.0510 0.6329 -0.7725
vn 0.0510 0.6780 -0.7333
vn -0.2864 0.6689 -0.6860
vn -0.2863 0.6687 -0.6863
vn -0.1137 -0.0521 0.9921
vn -0.1137 -0.0521 0.9922
vn -0.1137 -0.0520 0.9922
vn -0.1137 -0.0520 0.9921
vn -0.0196 -0.9998 0.0039
vn -0.0117 -0.9999 0.0039
vn -0.0118 -0.9999 0.0039
vn 0.0902 -0.6652 -0.7412
vn 0.0197 -0.6796 -0.7333
vn 0.0274 -0.6793 -0.7333
vn 0.2000 -0.2279 0.9529
vn 0.2000 -0.2278 0.9529
vn 0.1215 -0.7389 -0.6627
vn 0.0274 -0.7117 -0.7020
vn 0.0510 -0.7181 -0.6941
vn 0.1216 -0.7389 -0.6627
vn 0.0275 -0.9996 0.0039
vn 0.0039 -1.0000 0.0039
vn 0.0118 -0.9999 0.0039
vn 0.0274 -0.9996 0.0039
vn -0.9843 0.1561 -0.0824
vn -0.9921 0.0867 -0.0902
vn -0.9921 0.1142 -0.0510
vn -0.9921 0.1250 -0.0039
vn -0.9765 0.1879 -0.1059
vn -0.9451 0.2846 -0.1608
vn -0.9529 0.2703 -0.1372
vn -0.9608 0.2530 -0.1138
vn -0.9215 0.3374 -0.1922
vn -0.9921 -0.0293 0.1216
vn -0.9529 -0.1758 0.2471
vn -0.9529 -0.1757 0.2470
vn -0.8745 0.4576 -0.1608
vn -0.9843 0.1761 0.0118
vn -0.9059 0.4154 -0.0823
vn -0.9686 0.2284 -0.0981
vn -0.9294 0.3630 -0.0667
vn -0.9922 0.1142 -0.0510
vn -0.9765 0.1726 -0.1294
vn -0.9921 0.1058 -0.0667
vn -0.9922 0.1245 0.0118
vn -0.9921 0.1142 0.0510
vn -0.9922 0.0665 0.1059
vn -0.9815 -0.0000 0.1916
vn 0.9921 0.0521 -0.1137
vn 0.9921 0.0294 -0.1216
vn 0.9921 -0.1250 -0.0039
vn 0.9451 -0.2585 0.2000
vn 0.9216 -0.3497 0.1686
vn 0.8824 -0.2974 0.3647
vn 0.9843 -0.1279 0.1216
vn 0.9843 -0.1412 0.1059
vn 0.9765 -0.1596 0.1451
vn 0.9765 -0.1833 0.1137
vn 0.9843 -0.1349 0.1137
vn 0.9921 -0.1245 0.0117
vn 0.9922 -0.0520 -0.1137
vn 0.9916 -0.0000 -0.1294
vn 0.9137 -0.0908 -0.3961
vn 0.8667 -0.0294 -0.4980
vn 0.0902 0.9740 -0.2078
vn 0.0667 0.8691 -0.4902
vn 0.0902 0.9740 -0.2079
vn 0.0353 0.4977 -0.8667
vn 0.0902 0.3776 -0.9216
vn 0.1451 0.2363 -0.9608
vn -0.0275 -0.2470 -0.9686
vn -0.0274 -0.1220 -0.9921
vn -0.0275 -0.1220 -0.9921
vn -0.0275 -0.3476 -0.9373
vn -0.0275 -0.2471 -0.9686
vn -0.0274 -0.2470 -0.9686
vn -0.0274 -0.3476 -0.9372
vn -0.0039 -1.0000 0.0039
vn -0.0118 -0.6963 0.7176
vn -0.0117 -0.6963 0.7177
vn -0.0823 -0.9953 -0.0510
vn -0.0824 -0.9953 -0.0510
vn 0.0196 -0.6796 -0.7333
vn 0.0274 -0.7117 -0.7019
vn 0.0117 -0.9999 0.0039
vn 0.9922 -0.1235 -0.0196
vn 0.9921 -0.1235 -0.0196
vn 0.0196 0.3026 0.9529
vn 0.0196 0.3025 0.9529
vn 0.0118 0.9986 0.0510
vn -0.9843 0.1729 -0.0353
vn 0.0824 0.7711 0.6314
vn 0.0824 0.7711 0.6313
vn -0.0353 -0.1200 0.9922
vn -0.0353 -0.1199 0.9922
vn -0.0353 -0.1200 0.9921
vn -0.1059 -0.5631 0.8196
vn 0.7881 -0.0000 -0.6156
vn 0.0667 0.2958 -0.9529
vn 0.0431 0.1174 -0.9921
vn 0.1059 0.6450 -0.7569
vn 0.0980 0.6274 -0.7725
vn 0.1059 0.7682 -0.6314
vn 0.0902 0.9585 0.2706
vn -0.9059 0.4155 -0.0824
vn -0.7412 0.6330 -0.2235
vn -0.6313 0.7109 -0.3098
vn -0.8745 0.4575 -0.1608
vn -0.0667 -0.2692 0.9608
vn -0.0902 -0.4138 0.9059
vn -0.0431 -0.1174 0.9922
vn 0.9346 -0.0000 -0.3558
vn 0.9345 -0.0000 -0.3558
vn -0.1765 -0.9786 0.1059
vn 0.0039 0.2485 0.9686
vn -0.0902 -0.2623 0.9608
vn -0.0902 -0.2622 0.9608
vn 0.1216 0.3687 -0.9216
vn 0.1451 0.9259 0.3489
vn 0.1451 0.9258 0.3490
vn 0.1922 0.2909 -0.9372
vn 0.1921 0.2909 -0.9373
vn -0.0588 -0.3437 0.9372
vn -0.0588 -0.3436 0.9373
vn 0.0510 0.3228 0.9451
vn 0.1686 0.9157 -0.3647
vn -0.7255 0.0520 0.6863
vn 0.9608 -0.2529 0.1137
vn -0.0745 -0.7235 -0.6863
vn 0.0902 -0.5658 -0.8196
vn 0.0196 -0.6441 -0.7647
vn -0.1373 -0.7143 -0.6863
vn -0.1608 -0.7017 -0.6941
vn -0.2314 -0.6393 -0.7333
vn -0.7098 0.2784 -0.6470
vn 0.8745 0.4304 -0.2235
vn 0.8745 0.4305 -0.2235
vn 0.2000 0.8484 -0.4902
vn 0.1921 0.8502 -0.4902
vn 0.2392 0.8288 -0.5059
vn 0.1608 0.8697 -0.4667
vn -0.9843 0.1690 -0.0510
vn -0.9765 0.2154 -0.0118
vn -0.9765 0.2148 -0.0196
vn -0.9843 0.1560 -0.0824
vn -0.9843 0.1664 -0.0588
vn 0.9843 -0.1690 0.0510
vn 0.9765 -0.2139 0.0275
vn 0.9765 -0.2096 0.0510
vn 0.9843 -0.1729 0.0353
vn 0.9843 -0.1663 0.0588
vn 0.9843 -0.1634 0.0667
vn 0.9843 -0.1743 0.0274
vn 0.9843 -0.1664 0.0588
vn 0.1843 0.8851 -0.4274
vn 0.1843 0.8850 -0.4275
vn 0.1843 0.8851 -0.4275
vn 0.1608 0.9514 0.2627
vn 0.1608 0.9514 0.2628
vn 0.0667 0.6217 0.7804
vn -0.0196 0.6250 0.7804
vn -0.9686 0.1235 0.2157
vn 0.9843 0.1600 0.0745
vn 0.9843 0.1599 0.0745
vn 0.0588 -0.8652 0.4980
vn -0.0275 -0.8575 0.5137
vn -0.0824 -0.8632 0.4980
vn -0.1686 -0.8682 0.4667
vn 0.0823 -0.8927 0.4431
vn 0.0824 -0.8927 0.4431
vn -0.0431 0.8268 -0.5608
vn -0.0274 0.8275 -0.5608
vn -0.0431 0.8615 -0.5059
vn -0.0667 0.8690 -0.4902
vn -0.0745 0.7782 -0.6235
vn -0.0353 0.7992 -0.6000
vn -0.1608 -0.4263 -0.8902
vn -0.1608 -0.8858 -0.4353
vn -0.1373 -0.9355 -0.3255
vn -0.1922 -0.8212 -0.5372
vn 0.0039 -0.8802 -0.4745
vn -0.0118 -0.8225 -0.5686
vn 0.0039 -0.8760 -0.4824
vn 0.0196 -0.9214 -0.3882
vn -0.1137 -0.1833 -0.9765
vn -0.0510 0.8564 0.5137
vn 0.9921 0.1058 0.0667
vn 0.9921 0.0941 0.0824
vn 0.9921 0.1004 0.0745
vn -0.9922 -0.1199 0.0353
vn -0.9765 -0.2156 -0.0039
vn 0.0040 -0.8844 0.4667
vn -0.0431 -0.8521 0.5216
vn 0.0039 -0.8626 0.5059
vn 0.0039 -0.9280 0.3725
vn -0.1216 -0.9168 0.3804
vn 0.0980 0.6075 -0.7882
vn -0.0510 0.6329 -0.7725
vn -0.0510 0.6031 -0.7961
vn 0.1294 0.6216 -0.7726
vn -0.0510 0.6780 -0.7333
vn 0.2863 0.6686 -0.6863
vn 0.2863 0.6687 -0.6863
vn 0.1137 -0.0521 0.9922
vn 0.1137 -0.0520 0.9921
vn 0.1137 -0.0520 0.9922
vn 0.0196 -0.9998 0.0039
vn -0.0902 -0.6652 -0.7412
vn -0.0274 -0.6793 -0.7333
vn -0.0197 -0.6796 -0.7333
vn -0.2000 -0.2279 0.9529
vn -0.2000 -0.2278 0.9529
vn -0.1215 -0.7389 -0.6627
vn -0.1216 -0.7389 -0.6627
vn -0.0510 -0.7181 -0.6941
vn -0.0275 -0.7117 -0.7020
vn -0.0275 -0.9996 0.0039
vn -0.0274 -0.9996 0.0039
vn 0.9843 0.1561 -0.0824
vn 0.9921 0.1250 -0.0039
vn 0.9921 0.1142 -0.0510
vn 0.9765 0.1879 -0.1059
vn 0.9451 0.2845 -0.1608
vn 0.9529 0.2703 -0.1372
vn 0.9608 0.2530 -0.1138
vn 0.9215 0.3374 -0.1922
vn 0.9921 -0.0293 0.1216
vn 0.9529 -0.1758 0.2471
vn 0.9529 -0.1757 0.2471
vn 0.8745 0.4576 -0.1608
vn 0.9843 0.1761 0.0118
vn 0.9059 0.4154 -0.0823
vn 0.9294 0.3630 -0.0667
vn 0.9922 0.1142 -0.0510
vn 0.9765 0.1726 -0.1294
vn 0.9921 0.1058 -0.0667
vn 0.9922 0.1245 0.0118
vn 0.9921 0.1142 0.0510
vn 0.9922 0.0665 0.1059
vn 0.9815 -0.0000 0.1916
vn -0.9921 0.0294 -0.1216
vn -0.9921 0.0521 -0.1137
vn -0.9921 -0.1250 -0.0039
vn -0.9451 -0.2585 0.2000
vn -0.9216 -0.3497 0.1686
vn -0.8824 -0.2974 0.3647
vn -0.9843 -0.1279 0.1216
vn -0.9843 -0.1412 0.1059
vn -0.9765 -0.1596 0.1451
vn -0.9765 -0.1833 0.1137
vn -0.9843 -0.1349 0.1137
vn -0.9921 -0.1245 0.0118
vn -0.9921 -0.0520 -0.1137
vn -0.9916 -0.0000 -0.1294
vn -0.9765 -0.0002 -0.2157
vn -0.9137 -0.0908 -0.3961
vn -0.8667 -0.0294 -0.4980
vn -0.0902 0.9740 -0.2078
vn -0.0667 0.8691 -0.4902
vn -0.0353 0.4977 -0.8667
vn -0.0902 0.3776 -0.9216
vn -0.1452 0.2369 -0.9606
vn -0.1451 0.2363 -0.9608
vn 0.0275 -0.2470 -0.9686
vn 0.0275 -0.1220 -0.9921
vn 0.0275 -0.3476 -0.9373
vn 0.0274 -0.3476 -0.9372
vn 0.0275 -0.2471 -0.9686
vn 0.0118 -0.6963 0.7176
vn 0.0117 -0.6963 0.7177
vn 0.0824 -0.9953 -0.0510
vn 0.0823 -0.9953 -0.0510
vn -0.0274 -0.7117 -0.7019
vn -0.0196 -0.6796 -0.7333
vn 0.9922 0.0866 -0.0902
vn -0.9922 -0.1235 -0.0196
vn -0.9921 -0.1235 -0.0196
vn -0.0196 0.3026 0.9529
vn -0.0196 0.3025 0.9529
vn -0.0118 0.9986 0.0510
vn 0.9843 0.1729 -0.0353
vn -0.9998 -0.0000 0.0196
vn -0.0824 0.7711 0.6314
vn -0.0823 0.7711 0.6314
vn -0.0824 0.7711 0.6313
vn 0.0353 -0.1200 0.9922
vn 0.0353 -0.1200 0.9921
vn 0.0353 -0.1199 0.9922
vn 0.1058 -0.5630 0.8196
vn 0.1059 -0.5631 0.8196
vn -0.7881 -0.0000 -0.6156
vn -0.0667 0.2958 -0.9529
vn -0.0431 0.1174 -0.9921
vn -0.0431 0.1174 -0.9922
vn -0.1059 0.6450 -0.7569
vn -0.0980 0.6274 -0.7725
vn -0.1059 0.7682 -0.6314
vn -0.0902 0.9585 0.2706
vn 0.9059 0.4155 -0.0824
vn 0.6313 0.7109 -0.3098
vn 0.7412 0.6330 -0.2235
vn 0.0667 -0.2692 0.9608
vn 0.0902 -0.4138 0.9059
vn 0.0431 -0.1174 0.9922
vn 0.0431 -0.1173 0.9922
vn -0.9346 -0.0000 -0.3558
vn 0.1765 -0.9786 0.1059
vn -0.0039 0.2485 0.9686
vn 0.0902 -0.2622 0.9608
vn 0.0902 -0.2623 0.9608
vn -0.1216 0.3687 -0.9216
vn -0.1215 0.3687 -0.9216
vn -0.1451 0.9258 0.3490
vn -0.1921 0.2909 -0.9373
vn -0.1922 0.2909 -0.9372
vn 0.0588 -0.3437 0.9372
vn 0.0588 -0.3436 0.9373
vn -0.0510 0.3228 0.9451
vn -0.1686 0.9157 -0.3647
vn 0.7255 0.0520 0.6863
vn -0.9765 -0.1832 0.1137
vn -0.9608 -0.2529 0.1137
vn -0.9765 -0.1596 0.1450
vn -0.0902 -0.5658 -0.8196
vn 0.0745 -0.7235 -0.6863
vn -0.0196 -0.6441 -0.7647
vn 0.1373 -0.7143 -0.6863
vn 0.1608 -0.7017 -0.6941
vn 0.2314 -0.6393 -0.7333
vn 0.7098 0.2784 -0.6470
vn 0.7098 0.2784 -0.6471
vn -0.8745 0.4304 -0.2235
vn -0.8745 0.4305 -0.2235
vn -0.2000 0.8484 -0.4902
vn -0.2392 0.8288 -0.5059
vn -0.1921 0.8502 -0.4902
vn -0.1608 0.8697 -0.4666
vn -0.1608 0.8697 -0.4667
vn 0.9765 0.2154 -0.0118
vn 0.9843 0.1690 -0.0510
vn 0.9765 0.2148 -0.0196
vn 0.9843 0.1560 -0.0824
vn 0.9843 0.1664 -0.0588
vn -0.9765 -0.2139 0.0275
vn -0.9843 -0.1690 0.0510
vn -0.9765 -0.2096 0.0510
vn -0.9843 -0.1729 0.0353
vn -0.9843 -0.1664 0.0588
vn -0.9843 -0.1634 0.0667
vn -0.1843 0.8851 -0.4274
vn -0.1843 0.8850 -0.4275
vn -0.1843 0.8851 -0.4275
vn -0.1608 0.9514 0.2627
vn -0.1608 0.9514 0.2628
vn -0.0667 0.6217 0.7804
vn 0.7333 -0.6799 -0.0039
vn -0.7333 -0.6799 0.0039
vn 0.9922 -0.1244 -0.0040
vn 0.6864 -0.2817 0.6704
vn -0.6083 0.7937 -0.0035
vn -0.0038 -0.3273 0.9449
vn -0.0037 -0.3273 0.9449
vn -0.9921 -0.1256 -0.0040
vn -0.6861 -0.2825 0.6704
vn -0.6861 -0.2825 0.6705
vn 0.6074 0.7944 -0.0035
vn 0.6396 -0.7687 -0.0043
vn -0.0034 -1.0000 -0.0045
vn -0.6388 -0.7694 -0.0043
vn 0.6865 -0.3994 0.6076
vn -0.0037 -0.4711 0.8821
vn -0.6860 -0.4002 0.6076
vn -0.0036 -0.4711 0.8821
vn -0.2000 0.8657 0.4588
vn -0.2001 0.8657 0.4588
vn 0.0196 0.8714 -0.4902
vn -0.9529 0.2703 0.1372
vn 0.9765 0.1921 0.0980
vn 0.1765 -0.7132 -0.6784
vn 0.1765 -0.8248 -0.5372
vn 0.2000 -0.6126 -0.7647
vn 0.1922 -0.6151 -0.7647
vn 0.2235 -0.6421 -0.7333
vn 0.3726 -0.9189 -0.1294
vn 0.3725 -0.9190 -0.1294
vn 0.1686 -0.2799 -0.9451
vn 0.1059 0.9121 0.3961
vn 0.1216 0.9031 0.4118
vn 0.0980 0.9196 0.3804
vn 0.2000 0.8657 0.4588
vn 0.2001 0.8657 0.4588
vn 0.2002 0.8657 0.4588
vn -0.0196 0.8714 -0.4902
vt 0.167489 0.984767
vt 0.166515 0.968207
vt 0.238599 0.963337
vt 0.235677 0.985741
vt 0.151903 0.975026
vt 0.110991 0.983793
vt 0.121706 0.976000
vt 0.244444 0.969181
vt 0.243470 0.980871
vt 0.235677 0.991586
vt 0.245418 0.982819
vt 0.246392 0.968207
vt 0.238599 0.959440
vt 0.165541 0.964311
vt 0.151903 0.971130
vt 0.121706 0.973078
vt 0.104172 0.985741
vt 0.166515 0.990612
vt 0.184049 0.945803
vt 0.172360 0.931191
vt 0.148981 0.932165
vt 0.137292 0.940932
vt 0.183075 0.925346
vt 0.237625 0.946777
vt 0.239573 0.921450
vt 0.245418 0.939958
vt 0.246392 0.928269
vt 0.240547 0.852288
vt 0.229832 0.851314
vt 0.236651 0.860081
vt 0.235677 0.848392
vt 0.240547 0.846443
vt 0.223987 0.845469
vt 0.219117 0.843521
vt 0.218143 0.849366
vt 0.220091 0.859107
vt 0.227884 0.863003
vt 0.213272 0.843521
vt 0.213272 0.851314
vt 0.217169 0.863003
vt 0.227884 0.869822
vt 0.239573 0.865926
vt 0.246392 0.856185
vt 0.248340 0.847418
vt 0.202557 0.860081
vt 0.202557 0.858133
vt 0.188919 0.854236
vt 0.187945 0.860081
vt 0.165541 0.850340
vt 0.163593 0.859107
vt 0.145085 0.857159
vt 0.204505 0.854236
vt 0.189894 0.850340
vt 0.165541 0.846443
vt 0.142162 0.856185
vt 0.205479 0.861055
vt 0.206453 0.857159
vt 0.203531 0.863003
vt 0.187945 0.863977
vt 0.165541 0.864952
vt 0.003839 0.896123
vt 0.009683 0.838651
vt 0.015528 0.839625
vt 0.013580 0.897097
vt 0.141188 0.927295
vt 0.149955 0.922424
vt 0.152877 0.915605
vt 0.140214 0.915605
vt 0.108068 0.935087
vt 0.108068 0.914631
vt 0.067156 0.914631
vt 0.066182 0.933139
vt 0.020399 0.927295
vt 0.020399 0.914631
vt 0.007735 0.914631
vt 0.007735 0.931191
vt 0.025269 0.941906
vt 0.064233 0.950673
vt 0.110017 0.945803
vt 0.142162 0.931191
vt 0.148981 0.928269
vt 0.033062 0.842547
vt 0.027217 0.898071
vt 0.055466 0.873719
vt 0.057415 0.902942
vt 0.065208 0.872744
vt 0.093457 0.864952
vt 0.106120 0.909761
vt 0.094431 0.854236
vt 0.114887 0.850340
vt 0.122680 0.851314
vt 0.151903 0.868848
vt 0.156774 0.903916
vt 0.192816 0.896123
vt 0.183075 0.880537
vt 0.194764 0.878589
vt 0.204505 0.893201
vt 0.212298 0.896123
vt 0.216195 0.870796
vt 0.227884 0.891253
vt 0.121706 0.956518
vt 0.095405 0.958466
vt 0.095405 0.969181
vt 0.119758 0.964311
vt 0.062285 0.974052
vt 0.063259 0.958466
vt 0.032088 0.962363
vt 0.034036 0.954570
vt 0.014554 0.952621
vt 0.014554 0.948725
vt 0.006761 0.946777
vt 0.199635 0.799686
vt 0.197686 0.776308
vt 0.223987 0.782152
vt 0.220091 0.802609
vt 0.219117 0.811375
vt 0.205479 0.804557
vt 0.227884 0.763644
vt 0.199635 0.753903
vt 0.046699 0.833780
vt 0.039881 0.836702
vt 0.038907 0.839625
vt 0.062285 0.832806
vt 0.070078 0.852288
vt 0.066182 0.832806
vt 0.078845 0.832806
vt 0.082742 0.833780
vt 0.091509 0.841573
vt 0.090534 0.860081
vt 0.089560 0.838651
vt 0.246392 0.822091
vt 0.246392 0.841573
vt 0.222039 0.837676
vt 0.223013 0.815272
vt 0.181127 0.830858
vt 0.179178 0.802609
vt 0.224962 0.787997
vt 0.237625 0.752929
vt 0.244444 0.752929
vt 0.245418 0.787997
vt 0.226910 0.809427
vt 0.246392 0.811375
vt 0.169437 0.829884
vt 0.171385 0.801634
vt 0.123654 0.091509
vt 0.163593 0.092483
vt 0.140214 0.146059
vt 0.123654 0.146059
vt 0.124628 0.033062
vt 0.152877 0.035010
vt 0.125602 0.005787
vt 0.148981 0.006761
vt 0.182101 0.084690
vt 0.185023 0.111965
vt 0.167489 0.111965
vt 0.168463 0.084690
vt 0.170411 0.021373
vt 0.182101 0.022347
vt 0.080793 0.164567
vt 0.116835 0.159696
vt 0.108068 0.172360
vt 0.072026 0.176256
vt 0.144110 0.170411
vt 0.127551 0.170411
vt 0.027217 0.160670
vt 0.035984 0.175282
vt 0.019424 0.172360
vt 0.007735 0.154826
vt 0.012606 0.092483
vt 0.004813 0.104172
vt 0.137292 0.006761
vt 0.149955 0.033062
vt 0.149955 0.005787
vt 0.124628 0.005787
vt 0.188919 0.552262
vt 0.185997 0.590253
vt 0.179178 0.582460
vt 0.183075 0.561029
vt 0.172360 0.575641
vt 0.150929 0.558107
vt 0.146059 0.550314
vt 0.143136 0.588304
vt 0.150929 0.579537
vt 0.158722 0.573693
vt 0.188919 0.626295
vt 0.160670 0.625321
vt 0.161644 0.614605
vt 0.189894 0.615579
vt 0.199635 0.615579
vt 0.189894 0.600968
vt 0.200609 0.600968
vt 0.200609 0.368156
vt 0.170411 0.360363
vt 0.171385 0.327243
vt 0.201583 0.339906
vt 0.239573 0.379845
vt 0.237625 0.361337
vt 0.473359 0.168463
vt 0.465567 0.168463
vt 0.465567 0.149955
vt 0.473359 0.149955
vt 0.465567 0.134369
vt 0.473359 0.134369
vt 0.465567 0.115861
vt 0.082742 0.205479
vt 0.071052 0.238599
vt 0.060337 0.238599
vt 0.073975 0.198661
vt 0.085664 0.269771
vt 0.078845 0.277563
vt 0.118784 0.281460
vt 0.119758 0.291201
vt 0.112939 0.179178
vt 0.113913 0.189894
vt 0.153852 0.191842
vt 0.147033 0.199635
vt 0.148007 0.263926
vt 0.139240 0.283408
vt 0.157748 0.271719
vt 0.180152 0.268796
vt 0.172360 0.230806
vt 0.194764 0.228858
vt 0.164567 0.210350
vt 0.190868 0.207428
vt 0.159696 0.231780
vt 0.298994 0.189894
vt 0.247366 0.189894
vt 0.247366 0.156774
vt 0.298994 0.156774
vt 0.247366 0.124628
vt 0.298994 0.124628
vt 0.247366 0.092483
vt 0.298994 0.092483
vt 0.298994 0.387638
vt 0.247366 0.388612
vt 0.246392 0.373026
vt 0.298994 0.372052
vt 0.298994 0.336010
vt 0.245418 0.336010
vt 0.245418 0.303864
vt 0.298994 0.302890
vt 0.298994 0.352570
vt 0.245418 0.352570
vt 0.298994 0.269771
vt 0.246392 0.269771
vt 0.246392 0.254185
vt 0.298994 0.254185
vt 0.247366 0.222039
vt 0.298994 0.222039
vt 0.169437 0.145085
vt 0.191842 0.153852
vt 0.169437 0.162619
vt 0.182101 0.175282
vt 0.200609 0.175282
vt 0.213272 0.162619
vt 0.213272 0.145085
vt 0.200609 0.132421
vt 0.182101 0.132421
vt 0.151903 0.170411
vt 0.151903 0.137292
vt 0.175282 0.113913
vt 0.207428 0.113913
vt 0.230806 0.137292
vt 0.230806 0.170411
vt 0.207428 0.193790
vt 0.175282 0.193790
vt 0.113913 0.599020
vt 0.147033 0.598046
vt 0.144110 0.626295
vt 0.113913 0.632139
vt 0.091509 0.609735
vt 0.092483 0.627269
vt 0.079819 0.628243
vt 0.075923 0.610709
vt 0.074949 0.628243
vt 0.071052 0.611683
vt 0.131447 0.649673
vt 0.113913 0.659414
vt 0.090534 0.656492
vt 0.076897 0.649673
vt 0.072026 0.647725
vt 0.143136 0.660389
vt 0.169437 0.671104
vt 0.169437 0.684741
vt 0.143136 0.684741
vt 0.116835 0.684741
vt 0.117809 0.666233
vt 0.113913 0.591227
vt 0.080793 0.595123
vt 0.080793 0.577589
vt 0.113913 0.577589
vt 0.056441 0.596097
vt 0.055466 0.577589
vt 0.041829 0.593175
vt 0.040855 0.577589
vt 0.035984 0.591227
vt 0.035984 0.577589
vt 0.022347 0.593175
vt 0.022347 0.577589
vt 0.074949 0.671104
vt 0.074949 0.683767
vt 0.060337 0.682793
vt 0.059363 0.673052
vt 0.097353 0.664285
vt 0.097353 0.684741
vt 0.055466 0.682793
vt 0.054492 0.674026
vt 0.038907 0.682793
vt 0.036958 0.665259
vt 0.056441 0.610709
vt 0.056441 0.639932
vt 0.439266 0.420758
vt 0.441214 0.401275
vt 0.449981 0.399327
vt 0.470437 0.416861
vt 0.460696 0.432447
vt 0.479204 0.402249
vt 0.455826 0.388612
vt 0.476282 0.340881
vt 0.471411 0.352570
vt 0.452903 0.354518
vt 0.460696 0.335036
vt 0.453877 0.332114
vt 0.446084 0.352570
vt 0.427576 0.321398
vt 0.416861 0.347699
vt 0.434395 0.361337
vt 0.471411 0.376923
vt 0.469463 0.368156
vt 0.454851 0.371078
vt 0.445110 0.376923
vt 0.427576 0.377897
vt 0.420758 0.375949
vt 0.414913 0.363285
vt 0.414913 0.359389
vt 0.427576 0.393483
vt 0.422706 0.392508
vt 0.419783 0.421732
vt 0.424654 0.421732
vt 0.416861 0.439266
vt 0.414913 0.436343
vt 0.404198 0.449981
vt 0.385690 0.363285
vt 0.385690 0.359389
vt 0.388612 0.437317
vt 0.387638 0.422706
vt 0.389586 0.449981
vt 0.386664 0.394457
vt 0.385690 0.377897
vt 0.451929 0.446084
vt 0.440240 0.436343
vt 0.389586 0.453877
vt 0.440240 0.374974
vt 0.387638 0.586356
vt 0.387638 0.599020
vt 0.347699 0.599020
vt 0.347699 0.586356
vt 0.387638 0.574667
vt 0.347699 0.574667
vt 0.387638 0.562003
vt 0.347699 0.562003
vt 0.387638 0.549340
vt 0.347699 0.549340
vt 0.387638 0.536677
vt 0.347699 0.536677
vt 0.387638 0.611683
vt 0.347699 0.611683
vt 0.043777 0.550314
vt 0.054492 0.556159
vt 0.043777 0.562003
vt 0.054492 0.544469
vt 0.065208 0.550314
vt 0.065208 0.562978
vt 0.054492 0.568822
vt 0.361337 0.739291
vt 0.372052 0.775333
vt 0.353544 0.782152
vt 0.339906 0.747084
vt 0.391534 0.775333
vt 0.392508 0.793842
vt 0.373026 0.794816
vt 0.399327 0.750007
vt 0.026243 0.383741
vt 0.072026 0.371078
vt 0.072026 0.378871
vt 0.027217 0.388612
vt 0.102224 0.382767
vt 0.105146 0.372052
vt 0.153852 0.387638
vt 0.136318 0.390560
vt 0.152877 0.372052
vt 0.026243 0.351596
vt 0.068130 0.338932
vt 0.104172 0.342829
vt 0.077871 0.306787
vt 0.069104 0.321398
vt 0.038907 0.305813
vt 0.059363 0.274641
vt 0.097353 0.330165
vt 0.101250 0.314580
vt 0.132421 0.329191
vt 0.134369 0.309709
vt 0.173334 0.319450
vt 0.168463 0.295097
vt 0.189894 0.306787
vt 0.184049 0.287305
vt 0.221065 0.289253
vt 0.208402 0.325295
vt 0.148981 0.357440
vt 0.199635 0.378871
vt 0.133395 0.405172
vt 0.208402 0.225936
vt 0.225936 0.217169
vt 0.035010 0.267822
vt 0.044751 0.216195
vt 0.030140 0.218143
vt 0.039881 0.195738
vt 0.028191 0.198661
vt 0.078845 0.394457
vt 0.043777 0.402249
vt 0.102224 0.397379
vt 0.122680 0.411991
vt 0.194764 0.454851
vt 0.197686 0.452903
vt 0.183075 0.403224
vt 0.194764 0.453877
vt 0.132421 0.445110
vt 0.122680 0.425628
vt 0.134369 0.420758
vt 0.140214 0.440240
vt 0.134369 0.462644
vt 0.189894 0.455826
vt 0.055466 0.703249
vt 0.072026 0.703249
vt 0.081767 0.718835
vt 0.062285 0.716887
vt 0.095405 0.714939
vt 0.088586 0.705198
vt 0.105146 0.713965
vt 0.100275 0.708120
vt 0.117809 0.715913
vt 0.120732 0.707146
vt 0.123654 0.719809
vt 0.129499 0.713965
vt 0.039881 0.698379
vt 0.040855 0.707146
vt 0.029165 0.692534
vt 0.025269 0.696431
vt 0.184049 0.392508
vt 0.161644 0.388612
vt 0.204505 0.403224
vt 0.221065 0.395431
vt 0.222039 0.435369
vt 0.239573 0.424654
vt 0.147033 0.716887
vt 0.148981 0.725654
vt 0.159696 0.727602
vt 0.161644 0.728576
vt 0.180152 0.449981
vt 0.173334 0.439266
vt 0.169437 0.438292
vt 0.023321 0.697405
vt 0.007735 0.669156
vt 0.203531 0.449981
vt 0.207428 0.448033
vt 0.210350 0.445110
vt 0.208402 0.437317
vt 0.209376 0.441214
vt 0.208402 0.434395
vt 0.209376 0.429525
vt 0.208402 0.426602
vt 0.212298 0.426602
vt 0.172360 0.429525
vt 0.183075 0.402249
vt 0.169437 0.428550
vt 0.155800 0.426602
vt 0.147033 0.422706
vt 0.144110 0.416861
vt 0.148981 0.408094
vt 0.153852 0.399327
vt 0.157748 0.395431
vt 0.202557 0.222039
vt 0.209376 0.202557
vt 0.208402 0.220091
vt 0.223987 0.215220
vt 0.361337 0.477256
vt 0.369130 0.476282
vt 0.373026 0.460696
vt 0.364259 0.459722
vt 0.336010 0.485049
vt 0.397379 0.477256
vt 0.400301 0.461670
vt 0.414913 0.477256
vt 0.415887 0.461670
vt 0.424654 0.479204
vt 0.426602 0.463618
vt 0.437317 0.485049
vt 0.441214 0.469463
vt 0.453877 0.478230
vt 0.448033 0.492842
vt 0.456800 0.497712
vt 0.460696 0.483101
vt 0.471411 0.504531
vt 0.465567 0.512324
vt 0.475308 0.525961
vt 0.478230 0.510376
vt 0.329191 0.471411
vt 0.147033 0.456800
vt 0.151903 0.712016
vt 0.148007 0.723706
vt 0.124628 0.726628
vt 0.126576 0.700327
vt 0.104172 0.707146
vt 0.101250 0.727602
vt 0.041829 0.734421
vt 0.038907 0.719809
vt 0.027217 0.715913
vt 0.020399 0.737343
vt 0.021373 0.719809
vt 0.014554 0.735395
vt 0.016502 0.721757
vt 0.133395 0.688638
vt 0.152877 0.701301
vt 0.161644 0.714939
vt 0.164567 0.725654
vt 0.146059 0.731499
vt 0.131447 0.740266
vt 0.095405 0.700327
vt 0.115861 0.692534
vt 0.112939 0.737343
vt 0.094431 0.737343
vt 0.037932 0.711042
vt 0.022347 0.710068
vt 0.034036 0.710068
vt 0.016502 0.713965
vt 0.011632 0.714939
vt 0.035984 0.744162
vt 0.016502 0.744162
vt 0.007735 0.732473
vt 0.007735 0.721757
vt 0.009683 0.742214
vt 0.042803 0.744162
vt 0.144110 0.256133
vt 0.148007 0.231780
vt 0.134369 0.242496
vt 0.134369 0.216195
vt 0.116835 0.242496
vt 0.116835 0.216195
vt 0.011632 0.412965
vt 0.016502 0.414913
vt 0.019424 0.442188
vt 0.008709 0.444136
vt 0.020399 0.437317
vt 0.029165 0.434395
vt 0.399327 0.062285
vt 0.409068 0.062285
vt 0.409068 0.069104
vt 0.399327 0.069104
vt 0.362311 0.062285
vt 0.371078 0.062285
vt 0.371078 0.069104
vt 0.362311 0.069104
vt 0.384715 0.062285
vt 0.384715 0.069104
vt 0.390560 0.062285
vt 0.390560 0.069104
vt 0.226910 0.683767
vt 0.204505 0.698379
vt 0.184049 0.685715
vt 0.211324 0.668181
vt 0.264900 0.657466
vt 0.241521 0.626295
vt 0.283408 0.645777
vt 0.270745 0.623372
vt 0.235677 0.575641
vt 0.263926 0.598046
vt 0.298020 0.657466
vt 0.284382 0.675974
vt 0.251262 0.708120
vt 0.223987 0.729550
vt 0.240547 0.554211
vt 0.261004 0.564926
vt 0.218143 0.553236
vt 0.223013 0.543495
vt 0.203531 0.533754
vt 0.218143 0.515246
vt 0.177230 0.509402
vt 0.186971 0.490893
vt 0.227884 0.532780
vt 0.242496 0.542521
vt 0.260029 0.559081
vt 0.267822 0.538625
vt 0.266848 0.548366
vt 0.270745 0.544469
vt 0.267822 0.549340
vt 0.305813 0.553236
vt 0.306787 0.548366
vt 0.309709 0.530832
vt 0.307761 0.524013
vt 0.333088 0.590253
vt 0.318476 0.594149
vt 0.317502 0.579537
vt 0.333088 0.583434
vt 0.335036 0.596097
vt 0.336984 0.601942
vt 0.325295 0.608761
vt 0.320424 0.601942
vt 0.339906 0.571745
vt 0.335036 0.578563
vt 0.318476 0.570770
vt 0.326269 0.559081
vt 0.326269 0.548366
vt 0.320424 0.546418
vt 0.326269 0.537651
vt 0.316528 0.541547
vt 0.316528 0.534728
vt 0.319450 0.529858
vt 0.326269 0.526936
vt 0.270745 0.563952
vt 0.294123 0.591227
vt 0.287305 0.600968
vt 0.267822 0.597071
vt 0.291201 0.617528
vt 0.274641 0.622398
vt 0.285356 0.639932
vt 0.295097 0.623372
vt 0.301916 0.648699
vt 0.305813 0.561029
vt 0.307761 0.584408
vt 0.292175 0.600968
vt 0.294123 0.615579
vt 0.299968 0.620450
vt 0.306787 0.630191
vt 0.307761 0.626295
vt 0.297046 0.594149
vt 0.308735 0.587330
vt 0.182101 0.650647
vt 0.202557 0.638958
vt 0.223013 0.609735
vt 0.172360 0.715913
vt 0.155800 0.706172
vt 0.187945 0.744162
vt 0.219117 0.583434
vt 0.247366 0.524987
vt 0.263926 0.523039
vt 0.298020 0.508427
vt 0.230806 0.505505
vt 0.240547 0.520117
vt 0.204505 0.563952
vt 0.191842 0.547392
vt 0.171385 0.529858
vt 0.207428 0.483101
vt 0.160670 0.498686
vt 0.166515 0.486023
vt 0.322372 0.495764
vt 0.302890 0.495764
vt 0.302890 0.481152
vt 0.322372 0.481152
vt 0.272693 0.495764
vt 0.242496 0.495764
vt 0.242496 0.481152
vt 0.272693 0.481152
vt 0.276589 0.495764
vt 0.276589 0.481152
vt 0.031114 0.426602
vt 0.032088 0.423680
vt 0.049622 0.424654
vt 0.048648 0.434395
vt 0.070078 0.457774
vt 0.103198 0.424654
vt 0.114887 0.430499
vt 0.083716 0.456800
vt 0.403224 0.995482
vt 0.382767 0.995482
vt 0.382767 0.985741
vt 0.403224 0.985741
vt 0.427576 0.995482
vt 0.427576 0.985741
vt 0.371078 0.995482
vt 0.371078 0.985741
vt 0.360363 0.995482
vt 0.360363 0.985741
vt 0.308735 0.995482
vt 0.308735 0.985741
vt 0.455826 0.995482
vt 0.455826 0.985741
vt 0.495764 0.995482
vt 0.495764 0.985741
vt 0.289253 0.995482
vt 0.289253 0.985741
vt 0.070078 0.509402
vt 0.070078 0.497712
vt 0.092483 0.497712
vt 0.092483 0.509402
vt 0.070078 0.521091
vt 0.092483 0.521091
vt 0.070078 0.531806
vt 0.092483 0.531806
vt 0.070078 0.543495
vt 0.092483 0.543495
vt 0.021373 0.559081
vt 0.021373 0.550314
vt 0.029165 0.550314
vt 0.013580 0.550314
vt 0.021373 0.542521
vt 0.140214 0.554211
vt 0.123654 0.557133
vt 0.121706 0.517194
vt 0.134369 0.515246
vt 0.108068 0.503557
vt 0.122680 0.505505
vt 0.107094 0.516220
vt 0.109042 0.555185
vt 0.027217 0.472385
vt 0.043777 0.473359
vt 0.049622 0.495764
vt 0.022347 0.496738
vt 0.006761 0.478230
vt 0.022347 0.467515
vt 0.021373 0.463618
vt 0.016502 0.462644
vt 0.472385 0.025269
vt 0.484075 0.025269
vt 0.484075 0.034036
vt 0.472385 0.034036
vt 0.407120 0.025269
vt 0.426602 0.025269
vt 0.426602 0.034036
vt 0.407120 0.034036
vt 0.442188 0.025269
vt 0.450955 0.025269
vt 0.450955 0.034036
vt 0.442188 0.034036
vt 0.454851 0.025269
vt 0.454851 0.034036
vt 0.459722 0.025269
vt 0.459722 0.034036
vt 0.042803 0.533754
vt 0.046699 0.508427
vt 0.057415 0.506479
vt 0.056441 0.534728
vt 0.035010 0.524987
vt 0.449981 0.061311
vt 0.459722 0.061311
vt 0.459722 0.068130
vt 0.449981 0.068130
vt 0.415887 0.061311
vt 0.426602 0.061311
vt 0.426602 0.068130
vt 0.415887 0.068130
vt 0.441214 0.061311
vt 0.441214 0.068130
vt 0.340881 0.501609
vt 0.389586 0.515246
vt 0.388612 0.524987
vt 0.336010 0.524013
vt 0.334062 0.509402
vt 0.327243 0.514272
vt 0.323347 0.514272
vt 0.329191 0.506479
vt 0.338932 0.496738
vt 0.390560 0.527910
vt 0.336010 0.528884
vt 0.391534 0.511350
vt 0.265874 0.468489
vt 0.260029 0.411991
vt 0.267822 0.405172
vt 0.278538 0.473359
vt 0.287305 0.411016
vt 0.271719 0.398353
vt 0.279512 0.775333
vt 0.279512 0.704223
vt 0.331139 0.704223
vt 0.321398 0.754877
vt 0.299968 0.775333
vt 0.279512 0.785075
vt 0.299968 0.785075
vt 0.326269 0.763644
vt 0.339906 0.696431
vt 0.279512 0.696431
vt 0.482126 0.916579
vt 0.486997 0.906838
vt 0.472385 0.899045
vt 0.466541 0.908786
vt 0.452903 0.885408
vt 0.459722 0.880537
vt 0.443162 0.847418
vt 0.449981 0.846443
vt 0.479204 0.922424
vt 0.458748 0.919502
vt 0.424654 0.890278
vt 0.424654 0.860081
vt 0.416861 0.902942
vt 0.400301 0.930217
vt 0.391534 0.892227
vt 0.336010 0.895149
vt 0.385690 0.929243
vt 0.335036 0.945803
vt 0.296072 0.911709
vt 0.289253 0.917553
vt 0.278538 0.967233
vt 0.281460 0.872744
vt 0.342829 0.867874
vt 0.280486 0.835728
vt 0.300942 0.819168
vt 0.479204 0.888330
vt 0.492842 0.895149
vt 0.454851 0.932165
vt 0.474334 0.934113
vt 0.395431 0.941906
vt 0.380819 0.940932
vt 0.468489 0.868848
vt 0.452903 0.834754
vt 0.441214 0.834754
vt 0.416861 0.850340
vt 0.332114 0.959440
vt 0.264900 0.982819
vt 0.276589 0.916579
vt 0.282434 0.907812
vt 0.292175 0.808453
vt 0.269771 0.866900
vt 0.269771 0.826961
vt 0.461670 0.808453
vt 0.461670 0.838651
vt 0.484075 0.809427
vt 0.484075 0.804557
vt 0.449981 0.789945
vt 0.495764 0.787997
vt 0.446084 0.747084
vt 0.487971 0.757800
vt 0.494790 0.770463
vt 0.036958 0.098327
vt 0.077871 0.099301
vt 0.069104 0.116835
vt 0.060337 0.127551
vt 0.036958 0.063259
vt 0.078845 0.064233
vt 0.049622 0.025269
vt 0.036958 0.020399
vt 0.036958 0.131447
vt 0.086638 0.076897
vt 0.086638 0.096379
vt 0.082742 0.121706
vt 0.072026 0.135343
vt 0.093457 0.103198
vt 0.061311 0.016502
vt 0.092483 0.057415
vt 0.100275 0.073000
vt 0.101250 0.095405
vt 0.036958 0.008709
vt 0.036958 0.145085
vt 0.350622 0.721757
vt 0.349648 0.691560
vt 0.374974 0.691560
vt 0.374974 0.721757
vt 0.389586 0.697405
vt 0.387638 0.717861
vt 0.376923 0.683767
vt 0.349648 0.684741
vt 0.396405 0.694482
vt 0.350622 0.728576
vt 0.377897 0.728576
vt 0.394457 0.719809
vt 0.380819 0.452903
vt 0.383741 0.435369
vt 0.365233 0.428550
vt 0.366207 0.452903
vt 0.335036 0.452903
vt 0.335036 0.428550
vt 0.033062 0.770463
vt 0.033062 0.755851
vt 0.050596 0.758774
vt 0.050596 0.768515
vt 0.047674 0.998405
vt 0.041829 0.989638
vt 0.076897 0.989638
vt 0.073000 0.998405
vt 0.041829 0.976000
vt 0.076897 0.976000
vt 0.094431 0.758774
vt 0.094431 0.767541
vt 0.008709 0.998405
vt 0.034036 0.998405
vt 0.037932 0.989638
vt 0.002865 0.989638
vt 0.037932 0.976000
vt 0.002865 0.976000
vt 0.110017 0.756825
vt 0.110017 0.770463
vt 0.133395 0.756825
vt 0.133395 0.770463
vt 0.008709 0.770463
vt 0.008709 0.756825
vt 0.022347 0.832806
vt 0.014554 0.832806
vt 0.013580 0.775333
vt 0.022347 0.775333
vt 0.005787 0.833780
vt 0.005787 0.776308
vt 0.039881 0.833780
vt 0.031114 0.833780
vt 0.031114 0.776308
vt 0.039881 0.776308
vt 0.144110 0.839625
vt 0.144110 0.799686
vt 0.151903 0.798712
vt 0.151903 0.839625
vt 0.156774 0.798712
vt 0.156774 0.839625
vt 0.165541 0.799686
vt 0.164567 0.839625
vt 0.139240 0.839625
vt 0.139240 0.799686
vt 0.131447 0.780204
vt 0.131447 0.819168
vt 0.126576 0.819168
vt 0.126576 0.780204
vt 0.135343 0.780204
vt 0.135343 0.819168
vt 0.123654 0.781178
vt 0.123654 0.819168
vt 0.118784 0.819168
vt 0.118784 0.780204
vt 0.123654 0.838651
vt 0.123654 0.830858
vt 0.127551 0.830858
vt 0.128525 0.838651
vt 0.119758 0.838651
vt 0.118784 0.830858
vt 0.114887 0.838651
vt 0.114887 0.830858
vt 0.131447 0.830858
vt 0.132421 0.838651
vt 0.116835 0.840599
vt 0.119758 0.842547
vt 0.114887 0.842547
vt 0.109042 0.773385
vt 0.113913 0.773385
vt 0.114887 0.823065
vt 0.109042 0.823065
vt 0.099301 0.826961
vt 0.099301 0.777282
vt 0.088586 0.827935
vt 0.089560 0.777282
vt 0.081767 0.827935
vt 0.082742 0.778256
vt 0.076897 0.826961
vt 0.078845 0.778256
vt 0.054492 0.826961
vt 0.055466 0.778256
vt 0.044751 0.826961
vt 0.045725 0.777282
vt 0.312631 0.082742
vt 0.307761 0.218143
vt 0.311657 0.213272
vt 0.385690 0.114887
vt 0.329191 0.093457
vt 0.331139 0.220091
vt 0.394457 0.265874
vt 0.417835 0.206453
vt 0.336010 0.313606
vt 0.368156 0.318476
vt 0.340881 0.415887
vt 0.360363 0.397379
vt 0.327243 0.215220
vt 0.382767 0.324321
vt 0.368156 0.402249
vt 0.406146 0.268796
vt 0.428550 0.204505
vt 0.396405 0.107094
vt 0.411016 0.712990
vt 0.443162 0.717861
vt 0.434395 0.796764
vt 0.414913 0.814298
vt 0.405172 0.618502
vt 0.469463 0.665259
vt 0.459722 0.514272
vt 0.491868 0.605838
vt 0.404198 0.494790
vt 0.404198 0.492842
vt 0.344777 0.427576
vt 0.366207 0.406146
vt 0.318476 0.315554
vt 0.331139 0.421732
vt 0.060337 0.485049
vt 0.061311 0.478230
vt 0.080793 0.481152
vt 0.080793 0.491868
vt 0.108068 0.478230
vt 0.114887 0.491868
vt 0.110991 0.473359
vt 0.121706 0.491868
vt 0.118784 0.468489
vt 0.127551 0.487971
vt 0.123654 0.470437
vt 0.130473 0.483101
vt 0.385690 0.016502
vt 0.372052 0.016502
vt 0.372052 0.006761
vt 0.385690 0.006761
vt 0.399327 0.016502
vt 0.399327 0.006761
vt 0.403224 0.016502
vt 0.403224 0.006761
vt 0.365233 0.016502
vt 0.365233 0.006761
vt 0.463618 0.016502
vt 0.449981 0.016502
vt 0.449981 0.006761
vt 0.463618 0.006761
vt 0.436343 0.006761
vt 0.436343 0.016502
vt 0.427576 0.016502
vt 0.427576 0.006761
vt 0.422706 0.016502
vt 0.418809 0.016502
vt 0.418809 0.006761
vt 0.422706 0.006761
vt 0.407120 0.016502
vt 0.407120 0.006761
vt 0.411016 0.016502
vt 0.411016 0.006761
vt 0.160670 0.475308
vt 0.163593 0.464592
vt 0.202557 0.455826
vt 0.205479 0.479204
vt 0.216195 0.471411
vt 0.221065 0.464592
vt 0.335036 0.060337
vt 0.347699 0.060337
vt 0.347699 0.070078
vt 0.335036 0.070078
vt 0.318476 0.060337
vt 0.318476 0.070078
vt 0.249314 0.060337
vt 0.267822 0.060337
vt 0.267822 0.070078
vt 0.249314 0.070078
vt 0.282434 0.060337
vt 0.282434 0.070078
vt 0.293149 0.070078
vt 0.293149 0.060337
vt 0.301916 0.060337
vt 0.301916 0.070078
vt 0.321398 0.039881
vt 0.319450 0.028191
vt 0.330165 0.011632
vt 0.336010 0.018450
vt 0.315554 0.026243
vt 0.317502 0.044751
vt 0.307761 0.028191
vt 0.312631 0.046699
vt 0.308735 0.043777
vt 0.305813 0.032088
vt 0.267822 0.050596
vt 0.268796 0.028191
vt 0.241521 0.038907
vt 0.239573 0.029165
vt 0.240547 0.008709
vt 0.244444 0.009683
vt 0.509402 0.148981
vt 0.507453 0.192816
vt 0.524013 0.201583
vt 0.526936 0.161644
vt 0.518169 0.123654
vt 0.541547 0.100275
vt 0.524987 0.095405
vt 0.561029 0.017476
vt 0.561029 0.047674
vt 0.552262 0.015528
vt 0.557133 0.225936
vt 0.576615 0.197686
vt 0.587330 0.116835
vt 0.592201 0.053518
vt 0.593175 0.272693
vt 0.611683 0.259055
vt 0.602916 0.210350
vt 0.625321 0.269771
vt 0.619476 0.285356
vt 0.634088 0.270745
vt 0.634088 0.285356
vt 0.645777 0.267822
vt 0.648699 0.280486
vt 0.646751 0.266848
vt 0.657466 0.253211
vt 0.670130 0.262952
vt 0.602916 0.177230
vt 0.667207 0.208402
vt 0.692534 0.212298
vt 0.689612 0.226910
vt 0.714939 0.214246
vt 0.712016 0.204505
vt 0.667207 0.171385
vt 0.660389 0.121706
vt 0.695457 0.117809
vt 0.668181 0.089560
vt 0.688638 0.086638
vt 0.755851 0.186971
vt 0.772411 0.173334
vt 0.770463 0.151903
vt 0.744162 0.114887
vt 0.719809 0.109042
vt 0.734421 0.097353
vt 0.769489 0.069104
vt 0.774359 0.084690
vt 0.787023 0.089560
vt 0.715913 0.005787
vt 0.698379 0.035010
vt 0.729550 0.191842
vt 0.736369 0.199635
vt 0.708120 0.078845
vt 0.634088 0.116835
vt 0.624346 0.033062
vt 0.634088 0.157748
vt 0.607787 0.027217
vt 0.645777 0.043777
vt 0.592201 0.614605
vt 0.592201 0.601942
vt 0.577589 0.601942
vt 0.579537 0.614605
vt 0.560055 0.601942
vt 0.560055 0.614605
vt 0.785075 0.614605
vt 0.834754 0.614605
vt 0.834754 0.601942
vt 0.785075 0.601942
vt 0.771437 0.614605
vt 0.769489 0.601942
vt 0.743188 0.601942
vt 0.787023 0.614605
vt 0.743188 0.614605
vt 0.724680 0.601942
vt 0.724680 0.614605
vt 0.717861 0.614605
vt 0.717861 0.601942
vt 0.708120 0.614605
vt 0.708120 0.601942
vt 0.688638 0.614605
vt 0.688638 0.601942
vt 0.677922 0.614605
vt 0.677922 0.601942
vt 0.662337 0.614605
vt 0.662337 0.601942
vt 0.647725 0.614605
vt 0.647725 0.601942
vt 0.637984 0.614605
vt 0.637984 0.601942
vt 0.624346 0.614605
vt 0.625321 0.601942
vt 0.611683 0.601942
vt 0.611683 0.614605
vt 0.534728 0.601942
vt 0.503557 0.601942
vt 0.503557 0.614605
vt 0.535703 0.614605
vt 0.602916 0.614605
vt 0.601942 0.601942
vt 0.619476 0.246392
vt 0.611683 0.214246
vt 0.627269 0.255159
vt 0.634088 0.256133
vt 0.641880 0.253211
vt 0.648699 0.242496
vt 0.659414 0.214246
vt 0.632139 0.486023
vt 0.644803 0.491868
vt 0.652596 0.483101
vt 0.615579 0.486023
vt 0.615579 0.473359
vt 0.576615 0.483101
vt 0.599020 0.485049
vt 0.585382 0.489919
vt 0.654544 0.441214
vt 0.616554 0.423680
vt 0.578563 0.445110
vt 0.584408 0.400301
vt 0.594149 0.390560
vt 0.556159 0.388612
vt 0.577589 0.401275
vt 0.568822 0.399327
vt 0.530832 0.346725
vt 0.594149 0.330165
vt 0.555185 0.320424
vt 0.608761 0.336010
vt 0.618502 0.362311
vt 0.537651 0.326269
vt 0.523039 0.336010
vt 0.523039 0.345751
vt 0.588304 0.424654
vt 0.609735 0.411991
vt 0.576615 0.424654
vt 0.563952 0.423680
vt 0.543495 0.413939
vt 0.525961 0.369130
vt 0.522065 0.388612
vt 0.658440 0.299968
vt 0.647725 0.293149
vt 0.649673 0.331139
vt 0.641880 0.342829
vt 0.633113 0.345751
vt 0.632139 0.292175
vt 0.625321 0.344777
vt 0.615579 0.335036
vt 0.617528 0.293149
vt 0.606812 0.299968
vt 0.583434 0.274641
vt 0.575641 0.266848
vt 0.550314 0.284382
vt 0.520117 0.363285
vt 0.845469 0.603890
vt 0.845469 0.615579
vt 0.851314 0.615579
vt 0.851314 0.603890
vt 0.859107 0.615579
vt 0.859107 0.603890
vt 0.872744 0.615579
vt 0.872744 0.603890
vt 0.881511 0.615579
vt 0.881511 0.603890
vt 0.891253 0.615579
vt 0.891253 0.603890
vt 0.902942 0.615579
vt 0.902942 0.603890
vt 0.927295 0.615579
vt 0.927295 0.603890
vt 0.953596 0.603890
vt 0.953596 0.615579
vt 0.969181 0.615579
vt 0.969181 0.603890
vt 0.988663 0.615579
vt 0.988663 0.603890
vt 0.941906 0.615579
vt 0.941906 0.603890
vt 0.757800 0.481152
vt 0.775333 0.525961
vt 0.779230 0.478230
vt 0.756825 0.494790
vt 0.759748 0.473359
vt 0.819168 0.496738
vt 0.795790 0.476282
vt 0.797738 0.524013
vt 0.815272 0.474334
vt 0.813324 0.469463
vt 0.787023 0.527910
vt 0.528884 0.594149
vt 0.524013 0.540573
vt 0.514272 0.541547
vt 0.519143 0.594149
vt 0.537651 0.593175
vt 0.534728 0.539599
vt 0.546418 0.593175
vt 0.545444 0.539599
vt 0.556159 0.592201
vt 0.556159 0.539599
vt 0.564926 0.593175
vt 0.566874 0.539599
vt 0.574667 0.593175
vt 0.577589 0.539599
vt 0.583434 0.594149
vt 0.588304 0.540573
vt 0.593175 0.594149
vt 0.598046 0.541547
vt 0.601942 0.595123
vt 0.608761 0.542521
vt 0.503557 0.542521
vt 0.510376 0.595123
vt 0.618502 0.559081
vt 0.648699 0.581486
vt 0.667207 0.574667
vt 0.630191 0.574667
vt 0.618502 0.538625
vt 0.648699 0.517194
vt 0.630191 0.523039
vt 0.667207 0.523039
vt 0.678897 0.559081
vt 0.678897 0.538625
vt 0.668181 0.523039
vt 0.630191 0.522065
vt 0.649673 0.516220
vt 0.679871 0.538625
vt 0.667207 0.575641
vt 0.629217 0.575641
vt 0.647725 0.581486
vt 0.939958 0.553236
vt 0.936062 0.552262
vt 0.942880 0.587330
vt 0.945803 0.568822
vt 0.925346 0.553236
vt 0.924372 0.540573
vt 0.935087 0.539599
vt 0.924372 0.553236
vt 0.920476 0.588304
vt 0.916579 0.568822
vt 0.921450 0.554211
vt 0.918528 0.590253
vt 0.944829 0.589279
vt 0.948725 0.568822
vt 0.942880 0.552262
vt 0.938984 0.550314
vt 0.913657 0.568822
vt 0.918528 0.553236
vt 0.924372 0.552262
vt 0.921450 0.551288
vt 0.938010 0.538625
vt 0.921450 0.539599
vt 0.970155 0.555185
vt 0.970155 0.562978
vt 0.977948 0.564926
vt 0.976974 0.555185
vt 0.980871 0.586356
vt 0.979896 0.563952
vt 0.982819 0.573693
vt 0.966259 0.587330
vt 0.964311 0.572719
vt 0.968207 0.562978
vt 0.987689 0.443162
vt 0.984767 0.441214
vt 0.989638 0.476282
vt 0.992560 0.457774
vt 0.967233 0.476282
vt 0.973078 0.441214
vt 0.984767 0.428550
vt 0.974052 0.427576
vt 0.969181 0.442188
vt 0.963337 0.456800
vt 0.991586 0.478230
vt 0.965285 0.478230
vt 0.960414 0.456800
vt 0.966259 0.441214
vt 0.970155 0.439266
vt 0.996456 0.457774
vt 0.990612 0.442188
vt 0.987689 0.440240
vt 0.971130 0.427576
vt 0.987689 0.428550
vt 0.981845 0.490893
vt 0.974052 0.491868
vt 0.975026 0.500635
vt 0.984767 0.502583
vt 0.968207 0.531806
vt 0.966259 0.513298
vt 0.972104 0.500635
vt 0.987689 0.531806
vt 0.991586 0.513298
vt 0.986715 0.501609
vt 0.606812 0.987689
vt 0.617528 0.986715
vt 0.626295 0.975026
vt 0.607787 0.950673
vt 0.623372 0.952621
vt 0.596097 0.984767
vt 0.588304 0.972104
vt 0.592201 0.952621
vt 0.652596 0.917553
vt 0.652596 0.971130
vt 0.670130 0.961388
vt 0.681819 0.917553
vt 0.689612 0.880537
vt 0.657466 0.882486
vt 0.702275 0.845469
vt 0.659414 0.844495
vt 0.692534 0.828910
vt 0.652596 0.821117
vt 0.641880 0.825987
vt 0.637984 0.853262
vt 0.612657 0.827935
vt 0.611683 0.852288
vt 0.587330 0.853262
vt 0.583434 0.828910
vt 0.558107 0.852288
vt 0.609735 0.886382
vt 0.633113 0.886382
vt 0.608761 0.919502
vt 0.632139 0.918528
vt 0.589279 0.887356
vt 0.566874 0.889304
vt 0.590253 0.920476
vt 0.564926 0.928269
vt 0.541547 0.888330
vt 0.538625 0.934113
vt 0.566874 0.968207
vt 0.544469 0.960414
vt 0.524013 0.940932
vt 0.516220 0.903916
vt 0.585382 0.976000
vt 0.594149 0.987689
vt 0.618502 0.989638
vt 0.606812 0.991586
vt 0.566874 0.971130
vt 0.542521 0.963337
vt 0.522065 0.942880
vt 0.513298 0.903916
vt 0.538625 0.884434
vt 0.554211 0.852288
vt 0.558107 0.833780
vt 0.557133 0.831832
vt 0.583434 0.825987
vt 0.611683 0.824039
vt 0.639932 0.822091
vt 0.652596 0.818194
vt 0.694482 0.825987
vt 0.705198 0.844495
vt 0.693508 0.881511
vt 0.685715 0.918528
vt 0.673052 0.963337
vt 0.629217 0.977948
vt 0.653570 0.974052
vt 0.996456 0.682793
vt 0.980871 0.690586
vt 0.982819 0.649673
vt 0.992560 0.661363
vt 0.921450 0.639932
vt 0.937036 0.637984
vt 0.902942 0.668181
vt 0.910735 0.643829
vt 0.922424 0.721757
vt 0.897097 0.689612
vt 0.947751 0.632139
vt 0.954570 0.634088
vt 0.957492 0.640906
vt 0.938984 0.721757
vt 0.941906 0.632139
vt 0.955544 0.721757
vt 0.969181 0.644803
vt 0.970155 0.710068
vt 0.969181 0.720783
vt 0.915605 0.723706
vt 0.893201 0.717861
vt 0.888330 0.709094
vt 0.521091 0.872744
vt 0.523039 0.872744
vt 0.545444 0.821117
vt 0.543495 0.819168
vt 0.508427 0.863003
vt 0.519143 0.873719
vt 0.509402 0.861055
vt 0.531806 0.813324
vt 0.515246 0.825013
vt 0.516220 0.825987
vt 0.532780 0.815272
vt 0.544469 0.817220
vt 0.533754 0.813324
vt 0.507453 0.860081
vt 0.763644 0.938010
vt 0.772411 0.923398
vt 0.738317 0.916579
vt 0.744162 0.934113
vt 0.827935 0.976000
vt 0.817220 0.962363
vt 0.760722 0.970155
vt 0.746110 0.985741
vt 0.831832 0.976974
vt 0.843521 0.975026
vt 0.838651 0.957492
vt 0.822091 0.956518
vt 0.837676 0.938010
vt 0.809427 0.942880
vt 0.766566 0.952621
vt 0.740266 0.949699
vt 0.733447 0.959440
vt 0.727602 0.976000
vt 0.800660 0.923398
vt 0.833780 0.919502
vt 0.712016 0.914631
vt 0.699353 0.931191
vt 0.695457 0.950673
vt 0.739291 0.888330
vt 0.712016 0.888330
vt 0.774359 0.892227
vt 0.801634 0.898071
vt 0.691560 0.968207
vt 0.804557 0.965285
vt 0.765592 0.968207
vt 0.764618 0.984767
vt 0.805531 0.983793
vt 0.831832 0.892227
vt 0.826961 0.907812
vt 0.820143 0.919502
vt 0.808453 0.913657
vt 0.817220 0.900994
vt 0.739291 0.887356
vt 0.774359 0.891253
vt 0.801634 0.897097
vt 0.831832 0.891253
vt 0.712016 0.887356
vt 0.891253 0.663311
vt 0.882486 0.657466
vt 0.873719 0.656492
vt 0.858133 0.678897
vt 0.877615 0.692534
vt 0.868848 0.707146
vt 0.849366 0.691560
vt 0.827935 0.720783
vt 0.852288 0.736369
vt 0.800660 0.823065
vt 0.810401 0.823065
vt 0.792867 0.818194
vt 0.794816 0.809427
vt 0.813324 0.816246
vt 0.814298 0.732473
vt 0.846443 0.752929
vt 0.817220 0.741240
vt 0.816246 0.754877
vt 0.842547 0.765592
vt 0.808453 0.764618
vt 0.836702 0.779230
vt 0.799686 0.769489
vt 0.797738 0.789945
vt 0.822091 0.798712
vt 0.875667 0.649673
vt 0.885408 0.652596
vt 0.894175 0.658440
vt 0.853262 0.675000
vt 0.866900 0.653570
vt 0.844495 0.688638
vt 0.823065 0.716887
vt 0.810401 0.731499
vt 0.895149 0.666233
vt 0.882486 0.694482
vt 0.873719 0.710068
vt 0.858133 0.738317
vt 0.852288 0.755851
vt 0.847418 0.767541
vt 0.840599 0.782152
vt 0.826961 0.801634
vt 0.818194 0.817220
vt 0.817220 0.824039
vt 0.812350 0.742214
vt 0.811375 0.752929
vt 0.804557 0.760722
vt 0.792867 0.787997
vt 0.795790 0.767541
vt 0.789945 0.807479
vt 0.787023 0.815272
vt 0.798712 0.828910
vt 0.790919 0.824039
vt 0.809427 0.828910
vt 0.526936 0.789945
vt 0.530832 0.806505
vt 0.525961 0.796764
vt 0.545444 0.808453
vt 0.550314 0.788971
vt 0.632139 0.814298
vt 0.620450 0.816246
vt 0.620450 0.794816
vt 0.631165 0.795790
vt 0.575641 0.816246
vt 0.555185 0.810401
vt 0.560055 0.789945
vt 0.579537 0.791893
vt 0.603890 0.816246
vt 0.597071 0.814298
vt 0.598046 0.791893
vt 0.606812 0.791893
vt 0.590253 0.791893
vt 0.591227 0.816246
vt 0.608761 0.819168
vt 0.586356 0.820143
vt 0.635062 0.794816
vt 0.641880 0.804557
vt 0.640906 0.809427
vt 0.897097 0.778256
vt 0.897097 0.757800
vt 0.887356 0.757800
vt 0.887356 0.778256
vt 0.907812 0.778256
vt 0.907812 0.757800
vt 0.917553 0.778256
vt 0.917553 0.757800
vt 0.928269 0.778256
vt 0.928269 0.757800
vt 0.938010 0.778256
vt 0.938010 0.757800
vt 0.876641 0.757800
vt 0.876641 0.778256
vt 0.882486 0.738317
vt 0.876641 0.735395
vt 0.876641 0.742214
vt 0.882486 0.731499
vt 0.888330 0.735395
vt 0.888330 0.742214
vt 0.882486 0.745136
vt 0.961388 0.789945
vt 0.961388 0.757800
vt 0.954570 0.757800
vt 0.954570 0.789945
vt 0.969181 0.789945
vt 0.969181 0.757800
vt 0.976974 0.789945
vt 0.976974 0.757800
vt 0.984767 0.789945
vt 0.984767 0.757800
vt 0.991586 0.789945
vt 0.991586 0.757800
vt 0.946777 0.757800
vt 0.946777 0.789945
vt 0.944829 0.859107
vt 0.960414 0.855210
vt 0.959440 0.852288
vt 0.942880 0.857159
vt 0.966259 0.847418
vt 0.965285 0.845469
vt 0.971130 0.845469
vt 0.970155 0.847418
vt 0.944829 0.880537
vt 0.944829 0.863977
vt 0.942880 0.863977
vt 0.941906 0.879563
vt 0.938010 0.888330
vt 0.940932 0.888330
vt 0.938984 0.898071
vt 0.940932 0.897097
vt 0.953596 0.901968
vt 0.953596 0.900020
vt 0.973078 0.901968
vt 0.973078 0.900020
vt 0.991586 0.897097
vt 0.989638 0.896123
vt 0.993534 0.881511
vt 0.991586 0.881511
vt 0.989638 0.861055
vt 0.991586 0.860081
vt 0.954570 0.881511
vt 0.972104 0.882486
vt 0.957492 0.864952
vt 0.973078 0.866900
vt 0.525961 0.957492
vt 0.539599 0.966259
vt 0.519143 0.962363
vt 0.523039 0.957492
vt 0.508427 0.965285
vt 0.508427 0.969181
vt 0.505505 0.991586
vt 0.505505 0.985741
vt 0.539599 0.990612
vt 0.540573 0.980871
vt 0.508427 0.980871
vt 0.514272 0.993534
vt 0.527910 0.993534
vt 0.750981 0.856185
vt 0.739291 0.881511
vt 0.775333 0.884434
vt 0.770463 0.860081
vt 0.738317 0.888330
vt 0.774359 0.899045
vt 0.738317 0.896123
vt 0.722732 0.846443
vt 0.712016 0.866900
vt 0.712016 0.880537
vt 0.798712 0.853262
vt 0.802609 0.874693
vt 0.830858 0.869822
vt 0.824039 0.844495
vt 0.831832 0.883460
vt 0.801634 0.888330
vt 0.773385 0.824039
vt 0.952621 0.822091
vt 0.989638 0.819168
vt 0.985741 0.804557
vt 0.952621 0.808453
vt 0.967233 0.803583
vt 0.963337 0.833780
vt 0.983793 0.830858
vt 0.765592 0.646751
vt 0.730524 0.636036
vt 0.762670 0.670130
vt 0.727602 0.663311
vt 0.723706 0.687664
vt 0.756825 0.698379
vt 0.734421 0.787023
vt 0.712016 0.785075
vt 0.698379 0.676948
vt 0.699353 0.636036
vt 0.692534 0.781178
vt 0.661363 0.679871
vt 0.654544 0.639932
vt 0.619476 0.648699
vt 0.630191 0.684741
vt 0.675974 0.782152
vt 0.656492 0.786049
vt 0.585382 0.671104
vt 0.596097 0.701301
vt 0.631165 0.792867
vt 0.787997 0.703249
vt 0.811375 0.709094
vt 0.807479 0.674026
vt 0.799686 0.676948
vt 0.767541 0.796764
vt 0.753903 0.789945
vt 0.781178 0.670130
vt 0.775333 0.650647
vt 0.870796 0.783126
vt 0.870796 0.778256
vt 0.868848 0.784100
vt 0.861055 0.775333
vt 0.860081 0.787023
vt 0.852288 0.784100
vt 0.856185 0.764618
vt 0.850340 0.772411
vt 0.866900 0.766566
vt 0.870796 0.771437
vt 0.870796 0.769489
vt 0.825013 0.679871
vt 0.937036 0.749032
vt 0.937036 0.726628
vt 0.928269 0.726628
vt 0.928269 0.749032
vt 0.944829 0.749032
vt 0.944829 0.726628
vt 0.953596 0.749032
vt 0.953596 0.726628
vt 0.962363 0.749032
vt 0.962363 0.726628
vt 0.970155 0.749032
vt 0.970155 0.726628
vt 0.978922 0.749032
vt 0.978922 0.726628
vt 0.987689 0.749032
vt 0.987689 0.726628
vt 0.996456 0.749032
vt 0.996456 0.726628
vt 0.906838 0.738317
vt 0.896123 0.738317
vt 0.899045 0.746110
vt 0.899045 0.730524
vt 0.906838 0.727602
vt 0.914631 0.730524
vt 0.918528 0.738317
vt 0.914631 0.746110
vt 0.906838 0.749032
vt 0.535703 0.763644
vt 0.509402 0.784100
vt 0.513298 0.746110
vt 0.543495 0.730524
vt 0.561029 0.706172
vt 0.515246 0.692534
vt 0.566874 0.642855
vt 0.567848 0.702275
vt 0.540573 0.766566
vt 0.547392 0.733447
vt 0.564926 0.710068
vt 0.512324 0.788971
vt 0.538625 0.768515
vt 0.508427 0.747084
vt 0.504531 0.786049
vt 0.509402 0.693508
vt 0.573693 0.704223
vt 0.572719 0.643829
vt 0.570770 0.707146
vt 0.562003 0.638958
vt 0.510376 0.688638
vt 0.738317 0.898071
vt 0.774359 0.900994
vt 0.831832 0.890278
vt 0.712016 0.892227
vt 0.712016 0.895149
vt 0.757800 0.916579
vt 0.758774 0.906838
vt 0.750007 0.905864
vt 0.748058 0.916579
vt 0.922424 0.848392
vt 0.923398 0.857159
vt 0.932165 0.855210
vt 0.932165 0.847418
vt 0.839625 0.925346
vt 0.838651 0.899045
vt 0.848392 0.901968
vt 0.849366 0.924372
vt 0.920476 0.825987
vt 0.911709 0.825987
vt 0.913657 0.850340
vt 0.931191 0.825013
vt 0.938984 0.824039
vt 0.940932 0.848392
vt 0.906838 0.741240
vt 0.911709 0.739291
vt 0.909761 0.734421
vt 0.903916 0.737343
vt 0.920476 0.825013
vt 0.930217 0.823065
vt 0.930217 0.813324
vt 0.921450 0.810401
vt 0.847418 0.900020
vt 0.838651 0.898071
vt 0.838651 0.886382
vt 0.847418 0.886382
vt 0.938984 0.822091
vt 0.937036 0.812350
vt 0.914631 0.808453
vt 0.912683 0.825013
vt 0.903916 0.736369
vt 0.905864 0.743188
vt 0.912683 0.739291
vt 0.910735 0.733447
vt 0.905864 0.744162
vt 0.911709 0.741240
vt 0.902942 0.735395
vt 0.930217 0.792867
vt 0.930217 0.787997
vt 0.926320 0.787997
vt 0.926320 0.792867
vt 0.847418 0.869822
vt 0.847418 0.885408
vt 0.838651 0.885408
vt 0.843521 0.868848
vt 0.921450 0.790919
vt 0.921450 0.809427
vt 0.935087 0.792867
vt 0.909761 0.733447
vt 0.902942 0.737343
vt 0.863977 0.914631
vt 0.863977 0.927295
vt 0.897097 0.927295
vt 0.896123 0.915605
vt 0.895149 0.903916
vt 0.862029 0.903916
vt 0.895149 0.895149
vt 0.862029 0.895149
vt 0.892227 0.878589
vt 0.854236 0.880537
vt 0.874693 0.868848
vt 0.852288 0.870796
vt 0.891253 0.867874
vt 0.895149 0.938010
vt 0.862029 0.938010
vt 0.862029 0.946777
vt 0.895149 0.946777
vt 0.858133 0.971130
vt 0.894175 0.970155
vt 0.919502 0.986715
vt 0.915605 0.976000
vt 0.907812 0.985741
vt 0.926320 0.976974
vt 0.923398 0.969181
vt 0.907812 0.967233
vt 0.903916 0.975026
vt 0.923398 0.951647
vt 0.907812 0.941906
vt 0.924372 0.941906
vt 0.910735 0.928269
vt 0.922424 0.929243
vt 0.916579 0.918528
vt 0.904890 0.918528
vt 0.908786 0.910735
vt 0.924372 0.911709
vt 0.927295 0.919502
vt 0.906838 0.894175
vt 0.926320 0.887356
vt 0.915605 0.888330
vt 0.893201 0.980871
vt 0.876641 0.979896
vt 0.856185 0.986715
vt 0.970155 0.924372
vt 0.960414 0.924372
vt 0.945803 0.984767
vt 0.983793 0.985741
vt 0.946777 0.934113
vt 0.985741 0.937036
vt 0.942880 0.933139
vt 0.941906 0.983793
vt 0.959440 0.921450
vt 0.943854 0.931191
vt 0.971130 0.921450
vt 0.988663 0.934113
vt 0.987689 0.985741
vt 0.989638 0.936062
vt 0.945803 0.988663
vt 0.983793 0.989638
vt 0.980871 0.909761
vt 0.993534 0.918528
vt 0.960414 0.918528
vt 0.973078 0.909761
vt 0.847418 0.818194
vt 0.848392 0.842547
vt 0.856185 0.842547
vt 0.856185 0.819168
vt 0.888330 0.843521
vt 0.900020 0.843521
vt 0.901968 0.814298
vt 0.887356 0.814298
vt 0.866900 0.842547
vt 0.874693 0.842547
vt 0.875667 0.818194
vt 0.866900 0.819168
vt 0.905864 0.741240
vt 0.910735 0.740266
vt 0.909761 0.736369
vt 0.905864 0.736369
vt 0.910735 0.735395
vt 0.904890 0.735395
vt 0.904890 0.741240
vt 0.910735 0.741240
vt 0.856185 0.818194
vt 0.857159 0.807479
vt 0.849366 0.807479
vt 0.865926 0.807479
vt 0.874693 0.807479
vt 0.900994 0.801634
vt 0.890278 0.800660
vt 0.904890 0.736369
vt 0.858133 0.790919
vt 0.858133 0.795790
vt 0.864952 0.795790
vt 0.864952 0.790919
vt 0.857159 0.806505
vt 0.865926 0.806505
vt 0.852288 0.794816
vt 0.849366 0.806505
vt 0.891253 0.787023
vt 0.900994 0.800660
vt 0.900020 0.787023
vt 0.874693 0.806505
vt 0.870796 0.795790
vt 0.992560 0.137292
vt 0.994508 0.127551
vt 0.989638 0.139240
vt 0.974052 0.093457
vt 0.954570 0.107094
vt 0.968207 0.082742
vt 0.942880 0.089560
vt 0.951647 0.077871
vt 0.953596 0.486023
vt 0.955544 0.490893
vt 0.954570 0.492842
vt 0.930217 0.485049
vt 0.937036 0.475308
vt 0.933139 0.470437
vt 0.922424 0.478230
vt 0.924372 0.470437
vt 0.939958 0.089560
vt 0.951647 0.109042
vt 0.989638 0.142162
vt 0.949699 0.074949
vt 0.994508 0.139240
vt 0.976974 0.091509
vt 0.970155 0.079819
vt 0.997430 0.126576
vt 0.958466 0.261004
vt 0.954570 0.280486
vt 0.968207 0.283408
vt 0.969181 0.260029
vt 0.979896 0.261004
vt 0.981845 0.280486
vt 0.977948 0.224962
vt 0.960414 0.225936
vt 0.963337 0.204505
vt 0.974052 0.203531
vt 0.945803 0.264900
vt 0.957492 0.226910
vt 0.992560 0.264900
vt 0.980871 0.226910
vt 0.968207 0.288279
vt 0.952621 0.284382
vt 0.984767 0.285356
vt 0.939958 0.265874
vt 0.952621 0.224962
vt 0.997430 0.265874
vt 0.985741 0.224962
vt 0.979896 0.318476
vt 0.978922 0.317502
vt 0.984767 0.361337
vt 0.989638 0.347699
vt 0.954570 0.223013
vt 0.957492 0.203531
vt 0.978922 0.201583
vt 0.983793 0.222039
vt 0.978922 0.300942
vt 0.971130 0.300942
vt 0.971130 0.316528
vt 0.965285 0.361337
vt 0.975026 0.364259
vt 0.960414 0.347699
vt 0.969181 0.317502
vt 0.562003 0.465567
vt 0.559081 0.458748
vt 0.561029 0.466541
vt 0.546418 0.462644
vt 0.547392 0.451929
vt 0.523039 0.456800
vt 0.526936 0.436343
vt 0.513298 0.437317
vt 0.511350 0.448033
vt 0.913657 0.477256
vt 0.910735 0.470437
vt 0.914631 0.476282
vt 0.900020 0.475308
vt 0.900020 0.466541
vt 0.881511 0.453877
vt 0.880537 0.471411
vt 0.868848 0.466541
vt 0.869822 0.456800
vt 0.522065 0.458748
vt 0.545444 0.465567
vt 0.562003 0.468489
vt 0.509402 0.449007
vt 0.512324 0.436343
vt 0.563952 0.466541
vt 0.562003 0.457774
vt 0.548366 0.449981
vt 0.527910 0.434395
vt 0.698379 0.069104
vt 0.696431 0.061311
vt 0.695457 0.071052
vt 0.681819 0.061311
vt 0.686689 0.048648
vt 0.682793 0.038907
vt 0.656492 0.009683
vt 0.645777 0.035010
vt 0.632139 0.015528
vt 0.638958 0.003839
vt 0.941906 0.460696
vt 0.944829 0.465567
vt 0.944829 0.466541
vt 0.934113 0.465567
vt 0.933139 0.457774
vt 0.928269 0.453877
vt 0.907812 0.460696
vt 0.905864 0.445110
vt 0.894175 0.455826
vt 0.895149 0.447059
vt 0.680845 0.064233
vt 0.643829 0.036958
vt 0.696431 0.073000
vt 0.629217 0.015528
vt 0.637984 0.001890
vt 0.699353 0.071052
vt 0.699353 0.060337
vt 0.688638 0.047674
vt 0.685715 0.037932
vt 0.658440 0.007735
vt 0.843521 0.373026
vt 0.808453 0.380819
vt 0.808453 0.389586
vt 0.846443 0.381793
vt 0.856185 0.378871
vt 0.853262 0.384715
vt 0.888330 0.393483
vt 0.903916 0.421732
vt 0.902942 0.410042
vt 0.880537 0.357440
vt 0.661363 0.431473
vt 0.679871 0.435369
vt 0.679871 0.423680
vt 0.660389 0.418809
vt 0.663311 0.376923
vt 0.679871 0.396405
vt 0.696431 0.412965
vt 0.699353 0.388612
vt 0.646751 0.361337
vt 0.665259 0.368156
vt 0.664285 0.352570
vt 0.660389 0.324321
vt 0.677922 0.337958
vt 0.704223 0.276589
vt 0.681819 0.275615
vt 0.709094 0.255159
vt 0.698379 0.237625
vt 0.696431 0.300942
vt 0.709094 0.298020
vt 0.711042 0.288279
vt 0.697405 0.421732
vt 0.806505 0.363285
vt 0.839625 0.355492
vt 0.801634 0.340881
vt 0.835728 0.334062
vt 0.793842 0.283408
vt 0.817220 0.278538
vt 0.857159 0.355492
vt 0.847418 0.329191
vt 0.863977 0.320424
vt 0.828910 0.276589
vt 0.841573 0.271719
vt 0.819168 0.237625
vt 0.828910 0.232754
vt 0.797738 0.390560
vt 0.800660 0.396405
vt 0.766566 0.411016
vt 0.750981 0.439266
vt 0.751955 0.426602
vt 0.732473 0.430499
vt 0.730524 0.442188
vt 0.790919 0.368156
vt 0.788971 0.341855
vt 0.773385 0.376923
vt 0.755851 0.391534
vt 0.782152 0.286330
vt 0.767541 0.287305
vt 0.771437 0.246392
vt 0.759748 0.246392
vt 0.744162 0.261004
vt 0.744162 0.283408
vt 0.757800 0.362311
vt 0.754877 0.375949
vt 0.744162 0.315554
vt 0.715913 0.416861
vt 0.713965 0.425628
vt 0.718835 0.390560
vt 0.736369 0.404198
vt 0.699353 0.307761
vt 0.681819 0.389586
vt 0.699353 0.381793
vt 0.709094 0.304839
vt 0.683767 0.340881
vt 0.672078 0.367182
vt 0.670130 0.374000
vt 0.671104 0.353544
vt 0.719809 0.384715
vt 0.730524 0.307761
vt 0.734421 0.396405
vt 0.739291 0.319450
vt 0.748058 0.374000
vt 0.750981 0.361337
vt 0.749032 0.386664
vt 0.733447 0.300942
vt 0.733447 0.293149
vt 0.681819 0.393483
vt 0.699353 0.385690
vt 0.718835 0.387638
vt 0.734421 0.400301
vt 0.710068 0.300942
vt 0.697405 0.304839
vt 0.731499 0.303864
vt 0.742214 0.317502
vt 0.753903 0.361337
vt 0.751955 0.374000
vt 0.751955 0.388612
vt 0.667207 0.374974
vt 0.668181 0.367182
vt 0.667207 0.352570
vt 0.679871 0.337958
vt 0.655518 0.174308
vt 0.632139 0.196712
vt 0.655518 0.214246
vt 0.644803 0.167489
vt 0.634088 0.173334
vt 0.604864 0.184049
vt 0.611683 0.174308
vt 0.624346 0.175282
vt 0.620450 0.221065
vt 0.651622 0.218143
vt 0.625321 0.223013
vt 0.539599 0.490893
vt 0.541547 0.492842
vt 0.545444 0.486023
vt 0.544469 0.525961
vt 0.561029 0.527910
vt 0.564926 0.487971
vt 0.568822 0.495764
vt 0.570770 0.493816
vt 0.506479 0.496738
vt 0.509402 0.499660
vt 0.505505 0.508427
vt 0.508427 0.507453
vt 0.518169 0.519143
vt 0.516220 0.521091
vt 0.535703 0.523039
vt 0.536677 0.520117
vt 0.599994 0.506479
vt 0.602916 0.504531
vt 0.588304 0.524013
vt 0.590253 0.526936
vt 0.602916 0.515246
vt 0.599994 0.514272
vt 0.568822 0.523039
vt 0.569796 0.525961
vt 0.816246 0.550314
vt 0.816246 0.576615
vt 0.822091 0.576615
vt 0.822091 0.550314
vt 0.811375 0.550314
vt 0.811375 0.576615
vt 0.837676 0.550314
vt 0.837676 0.576615
vt 0.842547 0.576615
vt 0.842547 0.550314
vt 0.831832 0.550314
vt 0.831832 0.576615
vt 0.826961 0.550314
vt 0.826961 0.576615
vt 0.751955 0.566874
vt 0.742214 0.561029
vt 0.742214 0.572719
vt 0.751955 0.578563
vt 0.762670 0.572719
vt 0.762670 0.561029
vt 0.751955 0.555185
vt 0.722732 0.545444
vt 0.712990 0.539599
vt 0.712990 0.551288
vt 0.722732 0.533754
vt 0.733447 0.539599
vt 0.733447 0.551288
vt 0.722732 0.557133
vt 0.850340 0.412965
vt 0.815272 0.413939
vt 0.819168 0.451929
vt 0.848392 0.448033
vt 0.798712 0.413939
vt 0.791893 0.437317
vt 0.799686 0.456800
vt 0.792867 0.449007
vt 0.863977 0.409068
vt 0.871770 0.422706
vt 0.867874 0.449981
vt 0.874693 0.441214
vt 0.847418 0.408094
vt 0.817220 0.408094
vt 0.796764 0.410042
vt 0.863977 0.405172
vt 0.821117 0.457774
vt 0.847418 0.453877
vt 0.799686 0.461670
vt 0.868848 0.454851
vt 0.787997 0.451929
vt 0.787023 0.436343
vt 0.877615 0.420758
vt 0.879563 0.443162
vt 0.885408 0.526936
vt 0.881511 0.499660
vt 0.852288 0.502583
vt 0.848392 0.527910
vt 0.906838 0.534728
vt 0.903916 0.511350
vt 0.914631 0.526936
vt 0.911709 0.512324
vt 0.830858 0.514272
vt 0.826961 0.537651
vt 0.822091 0.516220
vt 0.819168 0.528884
vt 0.877615 0.496738
vt 0.851314 0.500635
vt 0.901968 0.503557
vt 0.830858 0.507453
vt 0.849366 0.533754
vt 0.879563 0.532780
vt 0.905864 0.539599
vt 0.825013 0.542521
vt 0.915605 0.510376
vt 0.918528 0.526936
vt 0.818194 0.514272
vt 0.813324 0.528884
vt 0.798712 0.048648
vt 0.836702 0.041829
vt 0.813324 0.029165
vt 0.794816 0.035010
vt 0.835728 0.052544
vt 0.798712 0.060337
vt 0.812350 0.074949
vt 0.796764 0.077871
vt 0.790919 0.068130
vt 0.796764 0.023321
vt 0.807479 0.020399
vt 0.795790 0.009683
vt 0.789945 0.013580
vt 0.829884 0.161644
vt 0.792867 0.167489
vt 0.816246 0.183075
vt 0.801634 0.180152
vt 0.819168 0.203531
vt 0.792867 0.200609
vt 0.818194 0.195738
vt 0.793842 0.220091
vt 0.791893 0.205479
vt 0.819168 0.209376
vt 0.797738 0.226910
vt 0.806505 0.226910
vt 0.821117 0.217169
vt 0.807479 0.226910
vt 0.821117 0.221065
vt 0.917553 0.079819
vt 0.922424 0.070078
vt 0.913657 0.056441
vt 0.897097 0.074949
vt 0.882486 0.027217
vt 0.887356 0.013580
vt 0.920476 0.049622
vt 0.932165 0.021373
vt 0.929243 0.048648
vt 0.946777 0.039881
vt 0.949699 0.025269
vt 0.963337 0.045725
vt 0.956518 0.051570
vt 0.921450 0.189894
vt 0.886382 0.182101
vt 0.914631 0.206453
vt 0.895149 0.209376
vt 0.888330 0.230806
vt 0.917553 0.241521
vt 0.896123 0.263926
vt 0.914631 0.249314
vt 0.884434 0.235677
vt 0.886382 0.265874
vt 0.875667 0.258081
vt 0.876641 0.239573
vt 0.863977 0.252237
vt 0.863003 0.238599
vt 0.856185 0.241521
vt 0.936062 0.081767
vt 0.941906 0.072026
vt 0.863977 0.030140
vt 0.879563 0.075923
vt 0.877615 0.179178
vt 0.862029 0.179178
vt 0.862029 0.013580
vt 0.906838 0.355492
vt 0.899045 0.369130
vt 0.951647 0.361337
vt 0.939958 0.349648
vt 0.894175 0.310683
vt 0.934113 0.303864
vt 0.878589 0.294123
vt 0.938984 0.281460
vt 0.873719 0.543495
vt 0.855210 0.542521
vt 0.852288 0.574667
vt 0.870796 0.569796
vt 0.888330 0.547392
vt 0.884434 0.572719
vt 0.900994 0.549340
vt 0.896123 0.573693
vt 0.964311 0.411016
vt 0.963337 0.401275
vt 0.944829 0.401275
vt 0.945803 0.411991
vt 0.963337 0.417835
vt 0.943854 0.417835
vt 0.943854 0.373026
vt 0.962363 0.373026
vt 0.989638 0.410042
vt 0.970155 0.412965
vt 0.985741 0.416861
vt 0.919502 0.413939
vt 0.939958 0.414913
vt 0.925346 0.418809
vt 0.969181 0.073000
vt 0.976974 0.067156
vt 0.927295 0.258081
vt 0.933139 0.246392
vt 0.934113 0.208402
vt 0.886382 0.211324
vt 0.891253 0.223013
vt 0.843521 0.253211
vt 0.859107 0.264900
vt 0.867874 0.272693
vt 0.884434 0.281460
vt 0.902942 0.278538
vt 0.864952 0.216195
vt 0.870796 0.214246
vt 0.853262 0.182101
vt 0.872744 0.225936
vt 0.942880 0.191842
vt 0.734421 0.460696
vt 0.681819 0.460696
vt 0.682793 0.472385
vt 0.696431 0.472385
vt 0.720783 0.472385
vt 0.735395 0.472385
vt 0.735395 0.482126
vt 0.720783 0.483101
vt 0.720783 0.490893
vt 0.735395 0.490893
vt 0.735395 0.507453
vt 0.721757 0.507453
vt 0.721757 0.518169
vt 0.735395 0.518169
vt 0.721757 0.499660
vt 0.735395 0.499660
vt 0.682793 0.518169
vt 0.696431 0.518169
vt 0.696431 0.506479
vt 0.682793 0.507453
vt 0.682793 0.482126
vt 0.696431 0.482126
vt 0.682793 0.489919
vt 0.696431 0.489919
vt 0.696431 0.499660
vt 0.682793 0.499660
vt 0.821117 0.223013
vt 0.696431 0.452903
vt 0.681819 0.452903
vt 0.720783 0.452903
vt 0.735395 0.452903
vt 0.783126 0.571745
vt 0.789945 0.561029
vt 0.779230 0.559081
vt 0.793842 0.569796
vt 0.790919 0.582460
vt 0.780204 0.584408
vt 0.772411 0.577589
vt 0.772411 0.564926
vt 0.724680 0.579537
vt 0.719809 0.568822
vt 0.713965 0.575641
vt 0.732473 0.569796
vt 0.736369 0.577589
vt 0.734421 0.589279
vt 0.723706 0.593175
vt 0.715913 0.586356
vt 0.035984 0.336984
vt 0.026243 0.331139
vt 0.026243 0.313606
vt 0.039881 0.320424
vt 0.009683 0.331139
vt 0.009683 0.313606
vt 0.312631 0.080793
s 1
usemtl SaberAthena
f 3/1/1 2/2/1 1/3/2
f 4/4/2 3/1/1 1/3/2
f 5/5/3 2/2/1 3/1/1
f 3/1/1 6/6/4 5/5/3
f 6/6/4 7/7/4 5/5/3
f 4/4/2 1/3/2 8/8/5
f 9/9/6 4/4/2 8/8/5
f 12/10/7 11/4/7 10/9/8
f 13/11/7 12/10/7 10/9/8
f 16/11/9 15/9/9 14/8/9
f 17/12/9 16/11/9 14/8/9
f 20/3/10 19/13/10 18/12/10
f 21/8/10 20/3/10 18/12/10
f 24/2/11 23/14/12 22/13/13
f 25/3/13 24/2/11 22/13/13
f 24/2/11 26/5/14 23/14/12
f 26/5/14 27/15/15 23/14/12
f 27/15/15 26/5/14 28/7/16
f 29/16/17 27/15/15 28/7/16
f 32/16/18 31/7/19 30/6/20
f 33/17/21 32/16/18 30/6/20
f 36/17/22 35/6/22 34/1/23
f 37/18/23 36/17/22 34/1/23
f 34/1/23 38/4/24 37/18/23
f 38/4/24 39/10/24 37/18/23
f 42/19/25 41/20/26 40/21/27
f 43/22/28 42/19/25 40/21/27
f 44/23/29 41/20/26 42/19/25
f 42/19/25 45/24/30 44/23/29
f 45/24/30 46/25/30 44/23/29
f 46/25/30 45/24/30 47/26/31
f 48/27/32 46/25/30 47/26/31
f 51/28/33 50/29/34 49/30/35
f 52/31/36 50/29/34 51/28/33
f 53/32/37 52/31/36 51/28/33
f 50/29/34 52/31/36 54/33/38
f 50/29/34 54/33/38 55/34/39
f 56/35/40 50/29/34 55/34/39
f 56/35/40 57/36/41 50/29/34
f 58/37/42 49/30/35 50/29/34
f 57/36/41 58/37/42 50/29/34
f 61/35/43 60/34/44 59/38/43
f 62/39/45 61/35/43 59/38/43
f 65/35/46 64/39/46 63/40/47
f 66/36/48 65/35/46 63/40/47
f 69/36/49 68/40/49 67/41/49
f 70/37/49 69/36/49 67/41/49
f 73/37/50 72/41/50 71/42/50
f 74/30/51 73/37/50 71/42/50
f 77/30/52 76/42/52 75/43/52
f 78/28/52 77/30/52 75/43/52
f 81/32/53 80/28/54 79/43/54
f 82/44/54 81/32/53 79/43/54
f 85/45/55 84/46/56 83/47/57
f 86/48/58 85/45/55 83/47/57
f 83/47/57 87/49/59 86/48/58
f 87/49/59 88/50/60 86/48/58
f 87/49/59 89/51/61 88/50/60
f 92/46/62 91/52/62 90/53/63
f 93/47/64 92/46/62 90/53/63
f 90/53/63 94/54/65 93/47/64
f 94/54/65 95/49/66 93/47/64
f 98/55/67 97/51/68 96/49/68
f 99/54/69 98/55/67 96/49/68
f 102/56/70 101/57/70 100/46/70
f 103/45/70 102/56/70 100/46/70
f 106/58/71 105/45/71 104/48/72
f 107/59/72 106/58/71 104/48/72
f 104/48/72 108/50/73 107/59/72
f 108/50/73 109/60/73 107/59/72
f 112/61/74 111/62/75 110/63/75
f 113/64/74 112/61/74 110/63/75
f 116/65/76 115/66/77 114/67/78
f 117/68/79 116/65/76 114/67/78
f 118/69/80 116/65/76 117/68/79
f 119/70/81 118/69/80 117/68/79
f 119/70/81 120/71/82 118/69/80
f 120/71/82 121/72/83 118/69/80
f 121/72/83 120/71/82 122/73/84
f 120/71/82 123/74/85 122/73/84
f 126/74/86 125/75/74 124/76/74
f 127/73/86 126/74/86 124/76/74
f 130/77/87 129/78/88 128/72/89
f 131/73/90 130/77/87 128/72/89
f 128/72/89 129/78/88 132/79/91
f 133/69/92 128/72/89 132/79/91
f 134/76/93 130/77/87 131/73/90
f 133/69/92 132/79/91 135/65/94
f 132/79/91 136/80/94 135/65/94
f 135/65/94 136/80/94 137/66/95
f 136/80/94 138/81/96 137/66/95
f 141/82/97 140/83/98 139/64/99
f 142/63/100 141/82/97 139/64/99
f 141/82/97 143/84/101 140/83/98
f 143/84/101 144/85/102 140/83/98
f 143/84/101 145/86/103 144/85/102
f 145/86/103 146/87/104 144/85/102
f 146/87/104 147/88/104 144/85/102
f 150/87/105 149/89/106 148/88/107
f 149/89/106 151/90/108 148/88/107
f 151/90/108 152/91/109 148/88/107
f 152/91/109 153/92/110 148/88/107
f 153/92/110 154/93/111 148/88/107
f 155/94/112 154/93/111 153/92/110
f 156/95/112 155/94/112 153/92/110
f 159/96/113 158/97/113 157/94/113
f 160/95/113 159/96/113 157/94/113
f 163/96/114 162/98/114 161/97/114
f 166/98/115 165/96/115 164/99/115
f 167/100/115 166/98/115 164/99/115
f 170/101/116 169/102/117 168/103/118
f 171/104/116 170/101/116 168/103/118
f 168/103/118 169/102/117 172/105/119
f 169/102/117 173/106/120 172/105/119
f 174/107/121 172/105/119 173/106/120
f 175/108/122 174/107/121 173/106/120
f 174/107/121 175/108/122 176/109/123
f 175/108/122 177/110/124 176/109/123
f 178/111/125 176/109/123 177/110/124
f 181/112/126 180/113/127 179/114/128
f 182/115/129 181/112/126 179/114/128
f 182/115/129 183/116/130 181/112/126
f 183/116/130 184/117/131 181/112/126
f 179/114/128 180/113/127 185/118/132
f 180/113/127 186/119/133 185/118/132
f 189/120/134 188/121/134 187/122/134
f 192/123/135 191/124/136 190/125/137
f 190/125/137 191/124/136 193/126/138
f 196/126/139 195/124/139 194/127/139
f 199/128/140 198/124/141 197/129/141
f 202/127/142 201/124/143 200/130/144
f 200/130/144 201/124/143 203/128/145
f 206/61/74 205/64/74 204/63/75
f 207/62/75 206/61/74 204/63/75
f 210/65/146 209/68/79 208/67/147
f 211/66/148 210/65/146 208/67/147
f 210/65/146 212/69/149 209/68/79
f 212/69/149 213/70/81 209/68/79
f 214/71/150 213/70/81 212/69/149
f 215/72/151 214/71/150 212/69/149
f 214/71/150 215/72/151 216/73/152
f 217/74/85 214/71/150 216/73/152
f 220/74/86 219/73/86 218/76/74
f 221/75/74 220/74/86 218/76/74
f 224/77/153 223/73/154 222/72/155
f 225/78/156 224/77/153 222/72/155
f 225/78/156 222/72/155 226/79/157
f 222/72/155 227/69/158 226/79/157
f 224/77/153 228/76/159 223/73/154
f 226/79/157 227/69/158 229/65/160
f 230/80/160 226/79/157 229/65/160
f 230/80/160 229/65/160 231/66/161
f 232/81/161 230/80/160 231/66/161
f 235/82/162 234/63/163 233/64/164
f 236/83/165 235/82/162 233/64/164
f 237/84/166 235/82/162 236/83/165
f 238/85/167 237/84/166 236/83/165
f 239/86/168 237/84/166 238/85/167
f 240/87/169 239/86/168 238/85/167
f 241/88/170 240/87/169 238/85/167
f 244/89/171 243/87/172 242/88/173
f 245/90/174 244/89/171 242/88/173
f 246/91/175 245/90/174 242/88/173
f 247/92/176 246/91/175 242/88/173
f 248/93/177 247/92/176 242/88/173
f 248/93/177 249/94/178 247/92/176
f 249/94/178 250/95/178 247/92/176
f 253/96/179 252/95/179 251/94/179
f 254/97/179 253/96/179 251/94/179
f 257/98/180 256/96/180 255/97/180
f 260/98/181 259/100/181 258/99/181
f 261/96/181 260/98/181 258/99/181
f 264/101/182 263/104/182 262/103/183
f 265/102/184 264/101/182 262/103/183
f 265/102/184 262/103/183 266/105/185
f 267/106/186 265/102/184 266/105/185
f 266/105/185 268/107/187 267/106/186
f 268/107/187 269/108/188 267/106/186
f 269/108/188 268/107/187 270/109/189
f 271/110/190 269/108/188 270/109/189
f 270/109/189 272/111/191 271/110/190
f 275/112/192 274/115/193 273/114/194
f 276/113/195 275/112/192 273/114/194
f 277/116/130 274/115/193 275/112/192
f 278/117/196 277/116/130 275/112/192
f 276/113/195 273/114/194 279/118/132
f 280/119/197 276/113/195 279/118/132
f 283/121/134 282/120/134 281/122/134
f 286/124/198 285/123/199 284/125/200
f 286/124/198 284/125/200 287/126/201
f 290/124/202 289/126/202 288/127/202
f 293/124/141 292/128/203 291/129/141
f 296/124/204 295/127/205 294/130/206
f 296/124/204 294/130/206 297/128/207
f 300/45/208 299/48/209 298/47/210
f 301/46/211 300/45/208 298/47/210
f 302/49/212 298/47/210 299/48/209
f 303/50/213 302/49/212 299/48/209
f 304/51/214 302/49/212 303/50/213
f 307/46/215 306/47/216 305/53/217
f 308/52/215 307/46/215 305/53/217
f 309/54/218 305/53/217 306/47/216
f 310/49/219 309/54/218 306/47/216
f 313/55/220 312/54/221 311/49/222
f 314/51/221 313/55/220 311/49/222
f 317/56/223 316/45/223 315/46/223
f 318/57/224 317/56/223 315/46/223
f 321/58/225 320/59/226 319/48/226
f 322/45/225 321/58/225 319/48/226
f 323/50/227 319/48/226 320/59/226
f 324/60/227 323/50/227 320/59/226
f 327/29/228 326/28/229 325/30/230
f 327/29/228 328/31/231 326/28/229
f 328/31/231 329/32/232 326/28/229
f 328/31/231 327/29/228 330/33/233
f 330/33/233 327/29/228 331/34/234
f 327/29/228 332/35/235 331/34/234
f 333/36/236 332/35/235 327/29/228
f 325/30/230 334/37/237 327/29/228
f 334/37/237 333/36/236 327/29/228
f 337/35/238 336/39/239 335/38/238
f 338/34/238 337/35/238 335/38/238
f 341/35/240 340/36/241 339/40/241
f 342/39/240 341/35/240 339/40/241
f 345/36/242 344/37/242 343/41/242
f 346/40/243 345/36/242 343/41/242
f 349/37/244 348/30/244 347/42/244
f 350/41/244 349/37/244 347/42/244
f 353/30/245 352/28/245 351/43/245
f 354/42/245 353/30/245 351/43/245
f 357/32/246 356/44/247 355/43/246
f 358/28/246 357/32/246 355/43/246
f 361/1/248 360/4/249 359/3/249
f 362/2/248 361/1/248 359/3/249
f 362/2/248 363/5/250 361/1/248
f 364/6/251 361/1/248 363/5/250
f 365/7/251 364/6/251 363/5/250
f 359/3/249 360/4/249 366/8/252
f 360/4/249 367/9/252 366/8/252
f 370/10/253 369/11/253 368/9/254
f 371/4/255 370/10/253 368/9/254
f 374/11/256 373/12/257 372/8/258
f 375/9/259 374/11/256 372/8/258
f 378/3/260 377/8/260 376/12/260
f 379/13/260 378/3/260 376/12/260
f 382/2/261 381/3/262 380/13/263
f 383/14/264 382/2/261 380/13/263
f 384/5/265 382/2/261 383/14/264
f 385/15/266 384/5/265 383/14/264
f 384/5/265 385/15/266 386/7/267
f 385/15/266 387/16/268 386/7/267
f 390/16/269 389/17/270 388/6/271
f 391/7/272 390/16/269 388/6/271
f 394/17/273 393/18/274 392/1/274
f 395/6/273 394/17/273 392/1/274
f 396/4/275 392/1/274 393/18/274
f 397/10/275 396/4/275 393/18/274
f 400/19/276 399/22/277 398/21/278
f 401/20/279 400/19/276 398/21/278
f 401/20/279 402/23/280 400/19/276
f 403/24/281 400/19/276 402/23/280
f 404/25/281 403/24/281 402/23/280
f 403/24/281 404/25/281 405/26/282
f 404/25/281 406/27/283 405/26/282
f 409/131/284 408/132/284 407/133/284
f 410/134/284 409/131/284 407/133/284
f 413/135/285 412/136/285 411/134/285
f 414/133/285 413/135/285 411/134/285
f 417/137/286 416/138/287 415/139/287
f 418/140/130 417/137/286 415/139/287
f 417/137/286 418/140/130 419/141/288
f 418/140/130 420/142/289 419/141/288
f 423/136/290 422/135/290 421/143/290
f 424/144/290 423/136/290 421/143/290
f 427/131/291 426/134/291 425/133/291
f 428/132/291 427/131/291 425/133/291
f 431/135/292 430/133/292 429/134/292
f 432/136/292 431/135/292 429/134/292
f 435/137/293 434/140/130 433/139/287
f 436/138/287 435/137/293 433/139/287
f 434/140/130 435/137/293 437/141/294
f 438/142/289 434/140/130 437/141/294
f 441/136/290 440/144/290 439/143/290
f 442/135/290 441/136/290 439/143/290
f 445/145/295 444/146/296 443/147/297
f 446/148/298 445/145/295 443/147/297
f 449/145/299 448/149/300 447/150/301
f 450/146/302 449/145/299 447/150/301
f 448/149/300 451/151/303 447/150/301
f 451/151/303 452/152/304 447/150/301
f 455/153/305 454/154/305 453/155/306
f 456/156/306 455/153/305 453/155/306
f 459/157/307 458/158/308 457/153/309
f 460/156/307 459/157/307 457/153/309
f 463/159/310 462/160/310 461/161/310
f 464/162/310 463/159/310 461/161/310
f 467/163/311 466/164/312 465/148/312
f 468/147/311 467/163/311 465/148/312
f 471/165/313 470/159/314 469/162/315
f 472/166/316 471/165/313 469/162/315
f 473/167/313 471/165/313 472/166/316
f 474/168/317 471/165/313 473/167/313
f 475/169/318 471/165/313 474/168/317
f 476/170/319 475/169/318 474/168/317
f 479/147/320 478/146/321 477/145/322
f 480/148/322 479/147/320 477/145/322
f 483/145/299 482/146/323 481/150/324
f 484/149/325 483/145/299 481/150/324
f 485/151/326 484/149/325 481/150/324
f 486/152/327 485/151/326 481/150/324
f 489/153/328 488/156/306 487/155/306
f 490/154/328 489/153/328 487/155/306
f 493/157/329 492/156/307 491/153/330
f 494/158/331 493/157/329 491/153/330
f 497/162/332 496/161/333 495/160/332
f 498/159/332 497/162/332 495/160/332
f 501/163/334 500/147/334 499/148/335
f 502/164/336 501/163/334 499/148/335
f 505/165/337 504/166/172 503/162/338
f 506/159/338 505/165/337 503/162/338
f 505/165/337 507/167/337 504/166/172
f 505/165/337 508/168/339 507/167/337
f 505/165/337 509/169/340 508/168/339
f 509/169/340 510/170/340 508/168/339
f 513/171/341 512/172/342 511/173/343
f 514/149/344 512/172/342 513/171/341
f 514/149/344 513/171/341 515/174/345
f 518/175/252 517/176/252 516/177/252
f 519/178/252 518/175/252 516/177/252
f 522/179/346 521/178/346 520/177/346
f 525/178/347 524/180/347 523/181/347
f 526/175/347 525/178/347 523/181/347
f 529/182/86 528/183/86 527/177/86
f 530/176/86 529/182/86 527/177/86
f 533/183/348 532/184/348 531/179/348
f 534/177/348 533/183/348 531/179/348
f 537/184/349 536/180/349 535/178/349
f 538/179/349 537/184/349 535/178/349
f 541/180/350 540/184/350 539/183/350
f 544/185/351 543/186/351 542/187/352
f 545/188/351 544/185/351 542/187/352
f 548/189/353 547/188/353 546/190/353
f 549/191/353 548/189/353 546/190/353
f 552/190/252 551/188/252 550/187/252
f 555/192/354 554/193/355 553/194/355
f 556/195/356 555/192/354 553/194/355
f 557/196/357 555/192/354 556/195/356
f 558/197/358 557/196/357 556/195/356
f 561/198/359 560/199/360 559/200/361
f 562/201/361 561/198/359 559/200/361
f 562/201/361 559/200/361 563/202/362
f 564/203/363 562/201/361 563/202/362
f 567/203/364 566/202/364 565/204/364
f 570/205/365 569/206/366 568/207/366
f 571/208/365 570/205/365 568/207/366
f 569/206/366 572/209/367 568/207/366
f 572/209/367 573/210/368 568/207/366
f 572/209/367 574/211/369 573/210/368
f 574/211/369 575/212/370 573/210/368
f 570/205/365 571/208/365 576/213/371
f 577/214/371 570/205/365 576/213/371
f 577/214/371 576/213/371 578/215/372
f 579/216/372 577/214/371 578/215/372
f 582/212/373 581/211/373 580/217/374
f 580/217/374 583/218/375 582/212/373
f 580/217/374 584/219/376 583/218/375
f 583/218/375 584/219/376 585/220/107
f 585/220/107 584/219/376 586/221/106
f 587/222/377 585/220/107 586/221/106
f 587/222/377 586/221/106 588/223/378
f 589/224/379 587/222/377 588/223/378
f 592/225/380 591/221/380 590/219/380
f 593/217/381 592/225/380 590/219/380
f 596/216/382 595/215/382 594/223/383
f 597/225/384 596/216/382 594/223/383
f 598/221/385 597/225/384 594/223/383
f 601/226/386 600/227/386 599/228/387
f 602/229/386 601/226/386 599/228/387
f 605/229/388 604/228/388 603/230/388
f 606/231/388 605/229/388 603/230/388
f 609/231/389 608/230/389 607/232/389
f 610/233/389 609/231/389 607/232/389
f 613/234/390 612/235/390 611/236/390
f 614/237/390 613/234/390 611/236/390
f 617/238/391 616/239/391 615/240/391
f 618/241/391 617/238/391 615/240/391
f 621/238/392 620/242/393 619/243/393
f 622/239/392 621/238/392 619/243/393
f 625/244/394 624/245/395 623/246/396
f 626/247/396 625/244/394 623/246/396
f 624/245/395 625/244/394 627/241/397
f 628/240/398 624/245/395 627/241/397
f 631/247/399 630/246/399 629/248/399
f 632/249/399 631/247/399 629/248/399
f 635/249/400 634/248/400 633/227/400
f 636/226/400 635/249/400 633/227/400
f 639/237/401 638/236/401 637/243/401
f 640/242/401 639/237/401 637/243/401
f 643/250/402 642/251/403 641/252/404
f 642/251/403 644/253/405 641/252/404
f 642/251/403 645/254/406 644/253/405
f 642/251/403 646/255/407 645/254/406
f 642/251/403 647/256/408 646/255/407
f 642/251/403 648/257/409 647/256/408
f 642/251/403 649/258/410 648/257/409
f 642/251/403 643/250/402 649/258/410
f 652/252/411 651/259/411 650/260/412
f 653/250/411 652/252/411 650/260/412
f 656/250/413 655/260/413 654/261/413
f 657/258/413 656/250/413 654/261/413
f 660/258/414 659/261/414 658/262/414
f 661/257/414 660/258/414 658/262/414
f 664/257/415 663/262/415 662/263/415
f 665/256/415 664/257/415 662/263/415
f 668/256/416 667/263/417 666/264/418
f 669/255/418 668/256/416 666/264/418
f 672/255/419 671/264/419 670/265/419
f 673/254/419 672/255/419 670/265/419
f 676/254/420 675/265/420 674/266/420
f 677/253/420 676/254/420 674/266/420
f 680/253/421 679/266/421 678/259/421
f 681/252/421 680/253/421 678/259/421
f 684/267/422 683/268/423 682/269/423
f 685/270/424 684/267/422 682/269/423
f 684/267/422 685/270/424 686/271/425
f 685/270/424 687/272/426 686/271/425
f 687/272/426 688/273/427 686/271/425
f 688/273/427 689/274/428 686/271/425
f 688/273/427 690/275/429 689/274/428
f 690/275/429 691/276/430 689/274/428
f 694/269/431 693/277/432 692/278/433
f 695/270/434 694/269/431 692/278/433
f 692/278/433 696/279/435 695/270/434
f 696/279/435 697/272/436 695/270/434
f 697/272/436 696/279/435 698/273/437
f 696/279/435 699/280/438 698/273/437
f 698/273/437 699/280/438 700/275/439
f 699/280/438 701/281/439 700/275/439
f 704/282/440 703/283/441 702/284/442
f 705/285/443 704/282/440 702/284/442
f 705/285/443 706/286/444 704/282/440
f 706/286/444 707/287/445 704/282/440
f 710/288/446 709/289/446 708/290/446
f 711/291/446 710/288/446 708/290/446
f 714/289/447 713/292/448 712/293/449
f 715/290/450 714/289/447 712/293/449
f 718/294/451 717/295/452 716/293/453
f 719/292/454 718/294/451 716/293/453
f 718/294/451 720/296/455 717/295/452
f 720/296/455 721/297/456 717/295/452
f 720/296/455 722/298/457 721/297/456
f 722/298/457 723/299/458 721/297/456
f 726/300/459 725/301/460 724/302/461
f 727/303/462 726/300/459 724/302/461
f 725/301/460 726/300/459 728/304/463
f 729/305/464 725/301/460 728/304/463
f 727/303/462 724/302/461 730/306/465
f 731/307/466 727/303/462 730/306/465
f 730/306/465 732/308/467 731/307/466
f 732/308/467 733/309/468 731/307/466
f 736/275/469 735/310/470 734/276/471
f 737/311/472 735/310/470 736/275/469
f 740/287/473 739/286/474 738/305/474
f 741/304/475 740/287/473 738/305/474
f 744/281/476 743/311/476 742/275/476
f 747/312/477 746/313/477 745/314/478
f 745/314/478 748/315/479 747/312/477
f 748/315/479 749/316/477 747/312/477
f 745/314/478 750/317/480 748/315/479
f 751/318/481 750/317/480 745/314/478
f 754/319/482 753/320/482 752/321/483
f 755/322/483 754/319/482 752/321/483
f 756/323/484 755/322/483 752/321/483
f 757/324/485 756/323/484 752/321/483
f 757/324/485 758/325/486 756/323/484
f 759/326/487 758/325/486 757/324/485
f 760/327/488 759/326/487 757/324/485
f 763/318/489 762/328/489 761/317/489
f 766/329/490 765/328/491 764/318/492
f 767/330/493 766/329/490 764/318/492
f 767/330/493 764/318/492 768/331/494
f 768/331/494 764/318/492 769/314/495
f 772/321/496 771/320/497 770/329/497
f 773/330/496 772/321/496 770/329/497
f 774/324/498 772/321/496 773/330/496
f 775/331/498 774/324/498 773/330/496
f 778/332/499 777/333/500 776/334/501
f 779/335/502 778/332/499 776/334/501
f 777/333/500 778/332/499 780/336/503
f 781/337/504 777/333/500 780/336/503
f 782/338/505 781/337/504 780/336/503
f 783/339/506 782/338/505 780/336/503
f 783/339/506 784/340/507 782/338/505
f 784/340/507 785/341/508 782/338/505
f 785/341/508 784/340/507 786/342/509
f 789/334/510 788/343/510 787/344/510
f 790/335/510 789/334/510 787/344/510
f 793/341/511 792/345/512 791/346/513
f 794/338/513 793/341/511 791/346/513
f 793/341/511 795/342/514 792/345/512
f 795/342/514 796/347/514 792/345/512
f 799/348/515 798/337/516 797/338/517
f 800/346/517 799/348/515 797/338/517
f 801/333/518 798/337/516 799/348/515
f 802/349/518 801/333/518 799/348/515
f 805/316/519 804/350/520 803/351/520
f 806/312/521 805/316/519 803/351/520
f 809/347/399 808/342/399 807/352/399
f 812/333/522 811/349/523 810/343/523
f 813/334/523 812/333/522 810/343/523
f 816/314/524 815/313/525 814/353/526
f 817/331/527 816/314/524 814/353/526
f 820/353/528 819/327/528 818/324/528
f 821/331/528 820/353/528 818/324/528
f 824/354/529 823/355/529 822/356/529
f 825/357/529 824/354/529 822/356/529
f 828/358/530 827/354/530 826/357/530
f 829/359/530 828/358/530 826/357/530
f 832/360/531 831/358/531 830/359/532
f 833/361/531 832/360/531 830/359/532
f 836/362/533 835/360/533 834/361/533
f 837/363/533 836/362/533 834/361/533
f 840/364/534 839/362/534 838/363/534
f 841/365/534 840/364/534 838/363/534
f 844/355/535 843/366/535 842/367/535
f 845/356/535 844/355/535 842/367/535
f 848/368/536 847/369/536 846/370/536
f 849/371/536 847/369/536 848/368/536
f 850/372/536 847/369/536 849/371/536
f 851/373/536 847/369/536 850/372/536
f 852/374/536 847/369/536 851/373/536
f 846/370/536 847/369/536 852/374/536
f 855/354/537 854/355/537 853/356/537
f 856/357/537 855/354/537 853/356/537
f 859/358/530 858/354/530 857/357/530
f 860/359/530 859/358/530 857/357/530
f 863/360/538 862/358/538 861/359/538
f 864/361/538 863/360/538 861/359/538
f 867/362/539 866/360/539 865/361/539
f 868/363/539 867/362/539 865/361/539
f 871/364/534 870/362/534 869/363/540
f 872/365/534 871/364/534 869/363/540
f 875/355/541 874/366/541 873/367/541
f 876/356/541 875/355/541 873/367/541
f 879/371/542 878/369/542 877/368/542
f 880/372/542 878/369/542 879/371/542
f 881/373/542 878/369/542 880/372/542
f 882/374/542 878/369/542 881/373/542
f 883/370/542 878/369/542 882/374/542
f 877/368/542 878/369/542 883/370/542
f 886/375/543 885/376/543 884/377/543
f 887/378/543 886/375/543 884/377/543
f 890/379/544 889/380/544 888/381/544
f 891/376/545 890/379/544 888/381/544
f 894/382/546 893/379/546 892/376/547
f 895/375/547 894/382/546 892/376/547
f 898/383/548 897/384/549 896/385/550
f 899/386/551 898/383/548 896/385/550
f 896/385/550 897/384/549 900/387/552
f 897/384/549 901/388/552 900/387/552
f 904/389/553 903/390/553 902/391/553
f 907/392/554 906/393/555 905/384/556
f 908/383/557 907/392/554 905/384/556
f 905/384/556 906/393/555 909/388/558
f 906/393/555 910/394/559 909/388/558
f 913/395/560 912/396/560 911/397/560
f 914/398/560 913/395/560 911/397/560
f 917/399/561 916/396/506 915/395/506
f 918/400/562 917/399/561 915/395/506
f 917/399/561 918/400/562 919/401/563
f 918/400/562 920/402/564 919/401/563
f 919/401/563 920/402/564 921/403/565
f 920/402/564 922/404/566 921/403/565
f 921/403/565 922/404/566 923/405/567
f 922/404/566 924/406/568 923/405/567
f 924/406/568 925/407/569 923/405/567
f 925/407/569 926/408/569 923/405/567
f 929/394/570 928/409/571 927/391/572
f 930/388/573 929/394/570 927/391/572
f 927/391/572 928/409/571 931/410/574
f 934/388/575 933/390/576 932/411/577
f 935/387/578 934/388/575 932/411/577
f 933/390/576 934/388/575 936/391/579
f 939/412/580 938/413/580 937/407/580
f 940/406/580 939/412/580 937/407/580
f 943/414/581 942/398/582 941/397/583
f 942/398/582 943/414/581 944/415/584
f 943/414/581 945/416/584 944/415/584
f 946/417/585 944/415/584 945/416/584
f 947/418/585 946/417/585 945/416/584
f 950/419/586 949/420/587 948/386/588
f 951/385/589 950/419/586 948/386/588
f 952/421/590 950/419/586 951/385/589
f 953/387/591 952/421/590 951/385/589
f 954/422/592 952/421/590 953/387/591
f 955/411/593 954/422/592 953/387/591
f 958/423/594 957/424/595 956/425/596
f 959/426/597 958/423/594 956/425/596
f 962/427/598 961/428/599 960/429/600
f 963/430/601 962/427/598 960/429/600
f 966/431/602 965/427/602 964/430/602
f 969/426/603 968/425/603 967/432/603
f 972/433/604 971/434/605 970/435/605
f 973/436/606 972/433/604 970/435/605
f 970/435/605 971/434/605 974/437/607
f 971/434/605 975/438/608 974/437/607
f 974/437/607 975/438/608 976/439/609
f 975/438/608 977/440/610 976/439/609
f 976/439/609 977/440/610 978/441/611
f 977/440/610 979/442/611 978/441/611
f 978/441/611 979/442/611 980/443/612
f 979/442/611 981/444/613 980/443/612
f 982/445/614 972/433/604 973/436/606
f 983/446/615 982/445/614 973/436/606
f 984/447/616 982/445/614 983/446/615
f 985/448/616 984/447/616 983/446/615
f 988/428/617 987/422/618 986/411/619
f 989/429/620 988/428/617 986/411/619
f 992/449/621 991/450/622 990/391/623
f 993/410/624 992/449/621 990/391/623
f 994/451/625 992/449/621 993/410/624
f 995/452/626 994/451/625 993/410/624
f 998/453/627 997/451/627 996/452/627
f 999/454/627 998/453/627 996/452/627
f 1002/444/628 1001/455/629 1000/456/629
f 1003/443/630 1002/444/628 1000/456/629
f 1006/455/631 1005/457/631 1004/458/631
f 1007/456/631 1006/455/631 1004/458/631
f 1010/432/632 1009/425/633 1008/459/634
f 1008/459/634 1009/425/633 1011/460/635
f 1011/460/635 1009/425/633 1012/461/636
f 1015/462/637 1014/463/638 1013/447/639
f 1015/462/637 1013/447/639 1016/448/640
f 1019/464/641 1018/425/642 1017/424/643
f 1020/465/644 1018/425/642 1019/464/641
f 1021/466/645 1018/425/642 1020/465/644
f 1024/467/646 1023/425/647 1022/468/648
f 1027/469/649 1026/425/649 1025/467/649
f 1030/468/650 1029/425/650 1028/466/650
f 1033/470/651 1032/425/652 1031/469/653
f 1034/471/625 1032/425/652 1033/470/651
f 1037/472/654 1036/425/654 1035/471/654
f 1040/473/655 1039/474/656 1038/475/657
f 1038/475/657 1039/474/656 1041/476/658
f 1041/476/658 1039/474/656 1042/477/659
f 1042/477/659 1039/474/656 1043/478/660
f 1043/478/660 1039/474/656 1044/479/661
f 1044/479/661 1039/474/656 1045/480/662
f 1045/480/662 1039/474/656 1046/481/663
f 1049/482/664 1048/483/664 1047/484/664
f 1052/484/665 1051/483/665 1050/485/665
f 1055/486/666 1054/487/666 1053/488/667
f 1056/489/666 1055/486/666 1053/488/667
f 1059/490/668 1058/486/668 1057/489/668
f 1062/487/669 1061/491/669 1060/492/669
f 1063/488/669 1062/487/669 1060/492/669
f 1066/491/670 1065/493/670 1064/494/670
f 1067/492/670 1066/491/670 1064/494/670
f 1070/493/671 1069/495/671 1068/496/672
f 1071/494/671 1070/493/671 1068/496/672
f 1074/495/673 1073/497/674 1072/498/675
f 1075/496/673 1074/495/673 1072/498/675
f 1072/498/675 1073/497/674 1076/499/676
f 1073/497/674 1077/500/676 1076/499/676
f 1080/500/677 1079/501/678 1078/502/679
f 1081/499/677 1080/500/677 1078/502/679
f 1078/502/679 1079/501/678 1082/503/680
f 1079/501/678 1083/504/680 1082/503/680
f 1086/504/681 1085/505/682 1084/506/682
f 1087/503/682 1086/504/681 1084/506/682
f 1090/507/683 1089/490/683 1088/489/683
f 1093/508/684 1092/431/684 1091/430/684
f 1096/509/685 1095/510/686 1094/511/687
f 1097/512/688 1096/509/685 1094/511/687
f 1097/512/688 1094/511/687 1098/513/689
f 1094/511/687 1099/514/690 1098/513/689
f 1098/513/689 1099/514/690 1100/515/691
f 1101/516/692 1098/513/689 1100/515/691
f 1104/515/693 1103/517/694 1102/516/695
f 1103/517/694 1104/515/693 1105/518/696
f 1106/519/696 1103/517/694 1105/518/696
f 1106/519/696 1105/518/696 1107/520/697
f 1108/521/698 1106/519/696 1107/520/697
f 1111/522/699 1110/523/700 1109/509/699
f 1112/512/699 1111/522/699 1109/509/699
f 1115/524/701 1114/525/701 1113/510/701
f 1116/509/701 1115/524/701 1113/510/701
f 1119/526/702 1118/527/702 1117/511/703
f 1120/510/703 1119/526/702 1117/511/703
f 1123/528/704 1122/529/705 1121/512/706
f 1124/513/706 1123/528/704 1121/512/706
f 1127/530/707 1126/531/708 1125/514/708
f 1128/511/707 1127/530/707 1125/514/708
f 1131/532/709 1130/528/709 1129/513/709
f 1132/516/709 1131/532/709 1129/513/709
f 1135/533/710 1134/534/710 1133/516/710
f 1136/517/710 1135/533/710 1133/516/710
f 1139/535/711 1138/533/712 1137/517/713
f 1140/519/714 1139/535/711 1137/517/713
f 1141/536/715 1139/535/711 1140/519/714
f 1142/521/715 1141/536/715 1140/519/714
f 1145/537/716 1144/538/716 1143/518/716
f 1146/515/716 1145/537/716 1143/518/716
f 1149/539/717 1148/540/717 1147/521/717
f 1150/520/717 1149/539/717 1147/521/717
f 1153/538/718 1152/541/719 1151/520/718
f 1154/518/718 1153/538/718 1151/520/718
f 1157/531/720 1156/542/720 1155/515/720
f 1158/514/720 1157/531/720 1155/515/720
f 1161/543/721 1160/544/722 1159/544/722
f 1162/543/721 1161/543/721 1159/544/722
f 1165/543/723 1164/545/724 1163/546/725
f 1166/544/726 1165/543/723 1163/546/725
f 1169/543/727 1168/545/727 1167/545/727
f 1170/543/727 1169/543/727 1167/545/727
f 1173/547/728 1172/547/728 1171/545/728
f 1174/545/728 1173/547/728 1171/545/728
f 1172/547/728 1173/547/728 1175/545/728
f 1173/547/728 1176/545/728 1175/545/728
f 1179/547/729 1178/548/730 1177/546/731
f 1180/545/732 1179/547/729 1177/546/731
f 1183/549/733 1182/550/734 1181/551/735
f 1184/552/733 1183/549/733 1181/551/735
f 1182/550/734 1185/553/736 1181/551/735
f 1185/553/736 1182/550/734 1186/554/737
f 1189/555/738 1188/556/738 1187/557/738
f 1190/558/738 1189/555/738 1187/557/738
f 1193/559/389 1192/560/739 1191/561/740
f 1194/562/389 1193/559/389 1191/561/740
f 1197/560/741 1196/563/741 1195/564/741
f 1198/561/741 1197/560/741 1195/564/741
f 1201/563/742 1200/565/742 1199/566/742
f 1202/564/742 1201/563/742 1199/566/742
f 1205/565/252 1204/555/252 1203/558/252
f 1206/566/252 1205/565/252 1203/558/252
f 1209/567/743 1208/568/744 1207/569/744
f 1210/570/743 1209/567/743 1207/569/744
f 1211/571/745 1209/567/743 1210/570/743
f 1212/572/746 1211/571/745 1210/570/743
f 1213/573/747 1211/571/745 1212/572/746
f 1214/574/748 1213/573/747 1212/572/746
f 1214/574/748 1212/572/746 1215/575/749
f 1216/576/750 1214/574/748 1215/575/749
f 1219/577/751 1218/578/752 1217/571/753
f 1220/573/754 1219/577/751 1217/571/753
f 1218/578/752 1221/579/755 1217/571/753
f 1221/579/755 1222/567/756 1217/571/753
f 1222/567/756 1221/579/755 1223/580/757
f 1224/568/758 1222/567/756 1223/580/757
f 1227/581/759 1226/582/760 1225/576/761
f 1228/575/762 1227/581/759 1225/576/761
f 1227/581/759 1228/575/762 1229/583/763
f 1230/584/764 1227/581/759 1229/583/763
f 1230/584/764 1229/583/763 1231/585/765
f 1230/584/764 1231/585/765 1232/586/766
f 1232/586/766 1231/585/765 1233/587/767
f 1234/588/768 1232/586/766 1233/587/767
f 1235/589/769 1230/584/764 1232/586/766
f 1230/584/764 1235/589/769 1227/581/759
f 1235/589/769 1236/590/770 1227/581/759
f 1227/581/759 1236/590/770 1226/582/760
f 1236/590/770 1237/591/771 1226/582/760
f 1236/590/770 1238/592/772 1237/591/771
f 1238/592/772 1239/593/773 1237/591/771
f 1239/593/773 1238/592/772 1240/594/774
f 1237/591/771 1239/593/773 1241/595/775
f 1242/596/776 1237/591/771 1241/595/775
f 1243/597/776 1242/596/776 1241/595/775
f 1246/598/777 1245/594/778 1244/592/778
f 1247/599/777 1246/598/777 1244/592/778
f 1250/600/779 1249/601/779 1248/602/779
f 1251/603/779 1250/600/779 1248/602/779
f 1254/604/780 1253/605/781 1252/606/781
f 1255/607/782 1254/604/780 1252/606/781
f 1254/604/780 1255/607/782 1256/600/783
f 1255/607/782 1257/601/784 1256/600/783
f 1260/608/785 1259/609/785 1258/610/785
f 1261/611/786 1260/608/785 1258/610/785
f 1264/602/787 1263/610/787 1262/609/787
f 1265/603/787 1264/602/787 1262/609/787
f 1268/612/788 1267/613/789 1266/614/790
f 1267/613/789 1269/615/791 1266/614/790
f 1270/616/792 1266/614/790 1269/615/791
f 1271/617/793 1266/614/790 1270/616/792
f 1271/617/793 1272/618/794 1266/614/790
f 1275/619/795 1274/620/796 1273/621/797
f 1276/622/798 1275/619/795 1273/621/797
f 1276/622/798 1273/621/797 1277/623/799
f 1278/624/799 1276/622/798 1277/623/799
f 1278/624/799 1277/623/799 1279/625/800
f 1277/623/799 1280/626/801 1279/625/800
f 1283/619/802 1282/622/803 1281/576/804
f 1284/582/802 1283/619/802 1281/576/804
f 1285/574/805 1281/576/804 1282/622/803
f 1286/624/806 1285/574/805 1282/622/803
f 1287/573/807 1285/574/805 1286/624/806
f 1288/625/808 1287/573/807 1286/624/806
f 1289/577/329 1287/573/807 1288/625/808
f 1290/627/307 1289/577/329 1288/625/808
f 1284/582/802 1291/591/809 1283/619/802
f 1294/596/810 1293/628/810 1292/619/811
f 1295/591/811 1294/596/810 1292/619/811
f 1298/620/812 1297/619/812 1296/628/813
f 1299/629/813 1298/620/812 1296/628/813
f 1302/621/814 1301/630/815 1300/631/816
f 1303/623/817 1302/621/814 1300/631/816
f 1304/626/818 1303/623/817 1300/631/816
f 1305/632/819 1304/626/818 1300/631/816
f 1306/633/820 1304/626/818 1305/632/819
f 1307/634/821 1306/633/820 1305/632/819
f 1310/635/822 1309/620/823 1308/629/824
f 1311/636/825 1310/635/822 1308/629/824
f 1309/620/823 1310/635/822 1312/621/826
f 1310/635/822 1313/630/827 1312/621/826
f 1316/627/828 1315/625/829 1314/626/829
f 1317/633/830 1316/627/828 1314/626/829
f 1320/637/831 1319/638/832 1318/570/833
f 1321/569/831 1320/637/831 1318/570/833
f 1318/570/833 1319/638/832 1322/572/834
f 1319/638/832 1323/639/834 1322/572/834
f 1326/640/835 1325/641/836 1324/569/836
f 1327/568/835 1326/640/835 1324/569/836
f 1330/642/837 1329/640/838 1328/568/838
f 1331/580/837 1330/642/837 1328/568/838
f 1334/639/839 1333/643/839 1332/575/839
f 1335/572/840 1334/639/839 1332/575/839
f 1338/644/841 1337/645/842 1336/592/843
f 1339/590/844 1338/644/841 1336/592/843
f 1336/592/843 1337/645/842 1340/599/845
f 1337/645/842 1341/646/845 1340/599/845
f 1344/647/846 1343/648/847 1342/589/848
f 1345/586/847 1344/647/846 1342/589/848
f 1348/649/849 1347/650/850 1346/585/851
f 1349/583/852 1348/649/849 1346/585/851
f 1346/585/851 1347/650/850 1350/587/853
f 1347/650/850 1351/651/853 1350/587/853
f 1352/643/854 1348/649/849 1349/583/852
f 1353/575/855 1352/643/854 1349/583/852
f 1356/652/856 1355/647/856 1354/586/856
f 1357/588/856 1356/652/856 1354/586/856
f 1360/653/857 1359/654/857 1358/588/857
f 1361/587/857 1360/653/857 1358/588/857
f 1364/648/858 1363/644/859 1362/590/858
f 1365/589/858 1364/648/858 1362/590/858
f 1368/655/860 1367/656/861 1366/657/862
f 1369/658/862 1368/655/860 1366/657/862
f 1372/659/863 1371/660/864 1370/661/864
f 1373/662/863 1372/659/863 1370/661/864
f 1376/663/865 1375/659/865 1374/662/866
f 1377/664/866 1376/663/865 1374/662/866
f 1380/656/867 1379/663/867 1378/664/867
f 1381/657/868 1380/656/867 1378/664/867
f 1384/665/869 1383/666/869 1382/667/870
f 1385/668/871 1384/665/869 1382/667/870
f 1386/669/872 1385/668/871 1382/667/870
f 1389/670/873 1388/671/873 1387/672/873
f 1392/673/874 1391/674/875 1390/675/876
f 1393/676/877 1392/673/874 1390/675/876
f 1394/677/878 1392/673/874 1393/676/877
f 1395/678/878 1394/677/878 1393/676/877
f 1398/674/879 1397/679/879 1396/680/879
f 1399/675/879 1398/674/879 1396/680/879
f 1402/679/880 1401/681/881 1400/682/882
f 1403/680/880 1402/679/880 1400/682/882
f 1401/681/881 1404/683/883 1400/682/882
f 1404/683/883 1405/684/883 1400/682/882
f 1408/685/884 1407/677/884 1406/678/884
f 1409/686/885 1408/685/884 1406/678/884
f 1412/687/886 1411/685/887 1410/686/887
f 1413/688/886 1412/687/886 1410/686/887
f 1416/683/888 1415/689/888 1414/690/888
f 1417/684/888 1416/683/888 1414/690/888
f 1420/667/889 1419/670/889 1418/672/890
f 1421/669/890 1420/667/889 1418/672/890
f 1424/691/891 1423/692/891 1422/693/891
f 1425/694/891 1424/691/891 1422/693/891
f 1428/695/892 1427/691/892 1426/694/892
f 1429/696/892 1428/695/892 1426/694/892
f 1432/697/893 1431/695/893 1430/696/893
f 1433/698/893 1432/697/893 1430/696/893
f 1436/699/894 1435/697/894 1434/698/894
f 1437/700/894 1436/699/894 1434/698/894
f 1440/701/895 1439/702/896 1438/703/895
f 1441/704/895 1439/702/896 1440/701/895
f 1442/705/896 1439/702/896 1441/704/895
f 1438/703/895 1439/702/896 1442/705/896
f 1445/706/897 1444/707/897 1443/708/897
f 1446/709/897 1445/706/897 1443/708/897
f 1449/710/898 1448/711/898 1447/708/898
f 1450/712/898 1449/710/898 1447/708/898
f 1453/713/899 1452/712/899 1451/708/899
f 1454/707/899 1453/713/899 1451/708/899
f 1457/714/900 1456/715/901 1455/716/902
f 1458/717/903 1457/714/900 1455/716/902
f 1457/714/900 1458/717/903 1459/718/904
f 1460/719/905 1457/714/900 1459/718/904
f 1461/720/906 1460/719/905 1459/718/904
f 1462/721/907 1461/720/906 1459/718/904
f 1465/722/908 1464/723/909 1463/724/910
f 1466/725/911 1465/722/908 1463/724/910
f 1469/726/912 1468/727/913 1467/728/913
f 1470/729/912 1469/726/912 1467/728/913
f 1473/730/914 1472/731/915 1471/732/916
f 1474/733/917 1473/730/914 1471/732/916
f 1477/731/918 1476/734/919 1475/735/920
f 1478/732/918 1477/731/918 1475/735/920
f 1481/734/921 1480/736/922 1479/737/923
f 1482/735/924 1481/734/921 1479/737/923
f 1485/727/925 1484/730/926 1483/733/927
f 1486/728/928 1485/727/925 1483/733/927
f 1489/736/929 1488/722/930 1487/725/931
f 1490/737/932 1489/736/929 1487/725/931
f 1493/738/933 1492/739/934 1491/740/935
f 1494/741/935 1493/738/933 1491/740/935
f 1497/739/936 1496/738/936 1495/742/936
f 1500/743/937 1499/744/938 1498/745/938
f 1501/746/937 1500/743/937 1498/745/938
f 1504/747/939 1503/748/940 1502/749/940
f 1505/750/941 1504/747/939 1502/749/940
f 1508/748/942 1507/751/942 1506/752/942
f 1509/749/943 1508/748/942 1506/752/942
f 1512/751/944 1511/743/944 1510/746/945
f 1513/752/944 1512/751/944 1510/746/945
f 1516/753/946 1515/754/947 1514/755/948
f 1516/753/946 1514/755/948 1517/756/949
f 1518/757/950 1516/753/946 1517/756/949
f 1519/758/951 1518/757/950 1517/756/949
f 1522/759/952 1521/760/953 1520/757/954
f 1523/758/952 1522/759/952 1520/757/954
f 1520/757/954 1521/760/953 1524/753/955
f 1521/760/953 1525/761/955 1524/753/955
f 1528/756/956 1527/755/957 1526/762/957
f 1529/763/957 1528/756/956 1526/762/957
f 1532/763/958 1531/759/958 1530/758/958
f 1533/756/958 1532/763/958 1530/758/958
f 1536/761/959 1535/764/960 1534/754/960
f 1537/753/959 1536/761/959 1534/754/960
f 1540/764/961 1539/762/962 1538/755/962
f 1541/754/963 1540/764/961 1538/755/962
f 1544/765/964 1543/766/965 1542/767/966
f 1545/768/967 1544/765/964 1542/767/966
f 1546/769/968 1545/768/967 1542/767/966
f 1549/770/969 1548/769/969 1547/767/969
f 1552/771/299 1551/772/970 1550/773/971
f 1552/771/299 1550/773/971 1553/774/972
f 1554/775/973 1552/771/299 1553/774/972
f 1557/776/974 1556/771/974 1555/775/974
f 1558/777/974 1557/776/974 1555/775/974
f 1561/778/975 1560/777/976 1559/775/976
f 1562/774/976 1561/778/975 1559/775/976
f 1565/779/977 1564/773/977 1563/772/341
f 1566/780/341 1565/779/977 1563/772/341
f 1569/779/978 1568/778/978 1567/774/978
f 1570/773/979 1569/779/978 1567/774/978
f 1573/781/74 1572/782/74 1571/783/736
f 1574/784/980 1573/781/74 1571/783/736
f 1575/785/981 1574/784/980 1571/783/736
f 1576/786/982 1575/785/981 1571/783/736
f 1577/787/983 1575/785/981 1576/786/982
f 1578/788/984 1577/787/983 1576/786/982
f 1581/789/985 1580/781/986 1579/784/987
f 1582/790/988 1581/789/985 1579/784/987
f 1579/784/987 1583/791/989 1582/790/988
f 1584/785/990 1583/791/989 1579/784/987
f 1583/791/989 1584/785/990 1585/787/991
f 1586/792/992 1583/791/989 1585/787/991
f 1587/793/993 1582/790/988 1583/791/989
f 1587/793/993 1588/794/994 1582/790/988
f 1588/794/994 1587/793/993 1589/795/995
f 1589/795/995 1587/793/993 1583/791/989
f 1589/795/995 1583/791/989 1586/792/992
f 1589/795/995 1590/796/996 1588/794/994
f 1590/796/996 1591/797/997 1588/794/994
f 1590/796/996 1592/798/998 1591/797/997
f 1590/796/996 1593/799/999 1592/798/998
f 1593/799/999 1594/800/1000 1592/798/998
f 1594/800/1000 1595/801/1000 1592/798/998
f 1590/796/996 1596/802/1001 1593/799/999
f 1596/802/1001 1590/796/996 1589/795/995
f 1597/803/1002 1596/802/1001 1589/795/995
f 1597/803/1002 1589/795/995 1586/792/992
f 1597/803/1002 1598/804/1003 1596/802/1001
f 1597/803/1002 1586/792/992 1598/804/1003
f 1586/792/992 1599/805/1004 1598/804/1003
f 1602/806/389 1601/783/389 1600/782/389
f 1603/807/389 1602/806/389 1600/782/389
f 1606/808/1005 1605/809/1006 1604/789/1006
f 1607/790/1007 1606/808/1005 1604/789/1006
f 1608/810/1008 1606/808/1005 1607/790/1007
f 1609/794/1009 1608/810/1008 1607/790/1007
f 1610/811/1010 1608/810/1008 1609/794/1009
f 1611/797/1010 1610/811/1010 1609/794/1009
f 1614/806/1011 1613/812/1011 1612/786/1011
f 1615/783/1011 1614/806/1011 1612/786/1011
f 1618/812/1012 1617/813/1013 1616/788/1013
f 1619/786/1012 1618/812/1012 1616/788/1013
f 1622/813/1014 1621/814/1015 1620/787/1014
f 1623/788/1014 1622/813/1014 1620/787/1014
f 1626/814/741 1625/815/741 1624/792/741
f 1627/787/741 1626/814/741 1624/792/741
f 1630/816/1016 1629/811/1016 1628/797/1016
f 1631/798/1016 1630/816/1016 1628/797/1016
f 1634/801/6 1633/817/6 1632/816/6
f 1635/798/6 1634/801/6 1632/816/6
f 1638/818/1017 1637/817/1017 1636/801/1017
f 1639/800/1017 1638/818/1017 1636/801/1017
f 1642/819/252 1641/818/252 1640/800/252
f 1643/799/252 1642/819/252 1640/800/252
f 1646/820/1018 1645/805/1019 1644/792/1019
f 1647/815/1019 1646/820/1018 1644/792/1019
f 1650/821/1020 1649/819/1021 1648/799/1021
f 1651/802/1020 1650/821/1020 1648/799/1021
f 1654/820/1022 1653/822/1022 1652/804/1022
f 1655/805/1022 1654/820/1022 1652/804/1022
f 1658/822/252 1657/821/252 1656/802/252
f 1659/804/252 1658/822/252 1656/802/252
f 1662/823/1023 1661/824/1024 1660/825/1025
f 1662/823/1023 1660/825/1025 1663/826/1026
f 1664/827/1027 1662/823/1023 1663/826/1026
f 1664/827/1027 1663/826/1026 1665/828/1028
f 1666/829/1029 1664/827/1027 1665/828/1028
f 1666/829/1029 1665/828/1028 1667/830/1030
f 1665/828/1028 1668/831/1031 1667/830/1030
f 1671/832/1032 1670/833/1033 1669/834/1034
f 1672/835/1035 1671/832/1032 1669/834/1034
f 1671/832/1032 1673/836/1036 1670/833/1033
f 1673/836/1036 1674/837/1037 1670/833/1033
f 1674/837/1037 1673/836/1036 1675/838/1038
f 1673/836/1036 1676/839/312 1675/838/1038
f 1677/840/1039 1671/832/1032 1672/835/1035
f 1670/833/1033 1674/837/1037 1678/841/1040
f 1679/842/1040 1670/833/1033 1678/841/1040
f 1682/843/1041 1681/844/1042 1680/835/1041
f 1683/834/1041 1682/843/1041 1680/835/1041
f 1686/845/1043 1685/843/1044 1684/834/1044
f 1687/833/1044 1686/845/1043 1684/834/1044
f 1690/846/1045 1689/847/1046 1688/837/1047
f 1691/838/1045 1690/846/1045 1688/837/1047
f 1688/837/1047 1689/847/1046 1692/841/1048
f 1689/847/1046 1693/848/1049 1692/841/1048
f 1692/841/1048 1693/848/1049 1694/842/1050
f 1693/848/1049 1695/849/1050 1694/842/1050
f 1698/850/1051 1697/846/1051 1696/838/1051
f 1699/839/1051 1698/850/1051 1696/838/1051
f 1702/844/1052 1701/851/755 1700/840/755
f 1703/835/1052 1702/844/1052 1700/840/755
f 1706/849/1053 1705/845/1053 1704/833/1053
f 1707/842/1054 1706/849/1053 1704/833/1053
f 1710/852/1055 1709/853/1055 1708/854/1056
f 1711/855/1056 1710/852/1055 1708/854/1056
f 1711/855/1056 1708/854/1056 1712/856/1057
f 1713/857/1057 1711/855/1056 1712/856/1057
f 1716/858/1058 1715/854/1059 1714/853/1060
f 1717/859/1060 1716/858/1058 1714/853/1060
f 1715/854/1059 1716/858/1058 1718/856/1061
f 1716/858/1058 1719/860/1062 1718/856/1061
f 1722/861/511 1721/852/1063 1720/855/1064
f 1723/862/1065 1722/861/511 1720/855/1064
f 1724/863/1066 1723/862/1065 1720/855/1064
f 1725/857/1067 1724/863/1066 1720/855/1064
f 1728/860/1068 1727/863/1068 1726/857/1068
f 1729/856/1068 1728/860/1068 1726/857/1068
f 1732/864/1069 1731/865/1069 1730/866/1070
f 1733/867/1070 1732/864/1069 1730/866/1070
f 1734/868/1071 1733/867/1070 1730/866/1070
f 1735/869/1071 1734/868/1071 1730/866/1070
f 1738/870/298 1737/871/298 1736/872/298
f 1739/873/298 1738/870/298 1736/872/298
f 1742/874/1072 1741/875/1073 1740/876/1074
f 1743/877/1072 1742/874/1072 1740/876/1074
f 1740/876/1074 1741/875/1073 1744/878/252
f 1745/879/1075 1740/876/1074 1744/878/252
f 1748/872/1076 1747/880/1077 1746/881/1076
f 1749/873/1078 1748/872/1076 1746/881/1076
f 1752/882/1079 1751/883/1079 1750/884/1080
f 1753/885/1081 1752/882/1079 1750/884/1080
f 1750/884/1080 1754/886/6 1753/885/1081
f 1754/886/6 1755/887/6 1753/885/1081
f 1758/880/1082 1757/888/1083 1756/889/1083
f 1759/881/1082 1758/880/1082 1756/889/1083
f 1757/888/1083 1760/890/1084 1756/889/1083
f 1760/890/1084 1761/891/1085 1756/889/1083
f 1764/871/1086 1763/870/1086 1762/892/1086
f 1765/893/1087 1764/871/1086 1762/892/1086
f 1768/894/1088 1767/895/1088 1766/896/1088
f 1769/897/1088 1768/894/1088 1766/896/1088
f 1772/895/1089 1771/898/1090 1770/899/1090
f 1773/896/1090 1772/895/1089 1770/899/1090
f 1776/900/1091 1775/901/1091 1774/902/1091
f 1777/903/1091 1776/900/1091 1774/902/1091
f 1780/901/1092 1779/894/1092 1778/897/1092
f 1781/902/1092 1780/901/1092 1778/897/1092
f 1784/904/1093 1783/905/1093 1782/906/1093
f 1785/907/1093 1784/904/1093 1782/906/1093
f 1788/908/1094 1787/909/1094 1786/907/1094
f 1789/906/1094 1788/908/1094 1786/907/1094
f 1792/910/1095 1791/911/1095 1790/909/1095
f 1793/908/1095 1792/910/1095 1790/909/1095
f 1796/905/1096 1795/904/1097 1794/912/1097
f 1797/913/1097 1796/905/1096 1794/912/1097
f 1800/914/1098 1799/915/1098 1798/916/1098
f 1801/917/1098 1800/914/1098 1798/916/1098
f 1804/918/1081 1803/919/1081 1802/915/1081
f 1805/914/1081 1804/918/1081 1802/915/1081
f 1808/920/1099 1807/921/1099 1806/922/1099
f 1809/923/1099 1808/920/1099 1806/922/1099
f 1812/917/249 1811/916/249 1810/921/249
f 1813/920/249 1812/917/249 1810/921/249
f 1816/924/1100 1815/925/1100 1814/926/1100
f 1817/927/1100 1816/924/1100 1814/926/1100
f 1820/928/134 1819/929/134 1818/925/134
f 1821/924/134 1820/928/134 1818/925/134
f 1824/930/1101 1823/931/1102 1822/929/1102
f 1825/928/1102 1824/930/1101 1822/929/1102
f 1828/927/1063 1827/926/1063 1826/932/1063
f 1829/933/1063 1828/927/1063 1826/932/1063
f 1832/934/252 1831/930/252 1830/928/252
f 1833/935/252 1832/934/252 1830/928/252
f 1832/934/252 1833/935/252 1834/936/252
f 1831/930/252 1832/934/252 1834/936/252
f 1837/937/1103 1836/938/1104 1835/939/1104
f 1838/940/1105 1837/937/1103 1835/939/1104
f 1841/937/1106 1840/940/1106 1839/941/1106
f 1842/942/1106 1841/937/1106 1839/941/1106
f 1845/942/1107 1844/941/1107 1843/943/1107
f 1846/944/1107 1845/942/1107 1843/943/1107
f 1849/944/1108 1848/943/1108 1847/945/1108
f 1850/946/1108 1849/944/1108 1847/945/1108
f 1853/946/1109 1852/945/1110 1851/947/1110
f 1854/948/1111 1853/946/1109 1851/947/1110
f 1857/949/1112 1856/950/1112 1855/948/1112
f 1858/947/1112 1857/949/1112 1855/948/1112
f 1861/950/1113 1860/949/1113 1859/951/1113
f 1862/952/1113 1861/950/1113 1859/951/1113
f 1865/185/351 1864/188/351 1863/187/351
f 1866/186/351 1865/185/351 1863/187/351
f 1869/189/353 1868/191/353 1867/190/353
f 1870/188/353 1869/189/353 1867/190/353
f 1873/188/6 1872/190/6 1871/187/6
f 1876/192/1114 1875/195/1115 1874/194/1116
f 1877/193/1116 1876/192/1114 1874/194/1116
f 1876/192/1114 1878/196/1117 1875/195/1115
f 1878/196/1117 1879/197/1117 1875/195/1115
f 1882/198/1118 1881/201/1119 1880/200/1119
f 1883/199/1120 1882/198/1118 1880/200/1119
f 1880/200/1119 1881/201/1119 1884/202/1121
f 1881/201/1119 1885/203/1122 1884/202/1121
f 1888/202/1123 1887/203/1123 1886/204/1123
f 1891/205/1124 1890/208/1124 1889/207/1125
f 1892/206/1125 1891/205/1124 1889/207/1125
f 1893/209/1126 1892/206/1125 1889/207/1125
f 1894/210/1126 1893/209/1126 1889/207/1125
f 1895/211/1127 1893/209/1126 1894/210/1126
f 1896/212/1127 1895/211/1127 1894/210/1126
f 1890/208/1124 1891/205/1124 1897/213/1128
f 1891/205/1124 1898/214/1129 1897/213/1128
f 1897/213/1128 1898/214/1129 1899/215/1130
f 1898/214/1129 1900/216/1130 1899/215/1130
f 1903/217/1131 1902/211/1132 1901/212/1132
f 1901/212/1132 1904/218/1133 1903/217/1131
f 1904/218/1133 1905/219/1134 1903/217/1131
f 1905/219/1134 1904/218/1133 1906/220/1135
f 1905/219/1134 1906/220/1135 1907/221/171
f 1906/220/1135 1908/222/1136 1907/221/171
f 1907/221/171 1908/222/1136 1909/223/1137
f 1908/222/1136 1910/224/1138 1909/223/1137
f 1913/225/1139 1912/217/1139 1911/219/1139
f 1914/221/1139 1913/225/1139 1911/219/1139
f 1917/216/1140 1916/225/1141 1915/223/1142
f 1918/215/1140 1917/216/1140 1915/223/1142
f 1916/225/1141 1919/221/1143 1915/223/1142
f 1922/226/1144 1921/229/1144 1920/228/1144
f 1923/227/1144 1922/226/1144 1920/228/1144
f 1926/229/1145 1925/231/1145 1924/230/1145
f 1927/228/1145 1926/229/1145 1924/230/1145
f 1930/231/389 1929/233/389 1928/232/389
f 1931/230/389 1930/231/389 1928/232/389
f 1934/234/1146 1933/237/1146 1932/236/1146
f 1935/235/1146 1934/234/1146 1932/236/1146
f 1938/238/1147 1937/241/1147 1936/240/1147
f 1939/239/1147 1938/238/1147 1936/240/1147
f 1942/238/1148 1941/239/1149 1940/243/1148
f 1943/242/1150 1942/238/1148 1940/243/1148
f 1946/244/1151 1945/247/1152 1944/246/1152
f 1947/245/1153 1946/244/1151 1944/246/1152
f 1946/244/1151 1947/245/1153 1948/241/1154
f 1947/245/1153 1949/240/1155 1948/241/1154
f 1952/247/399 1951/249/399 1950/248/399
f 1953/246/399 1952/247/399 1950/248/399
f 1956/249/1156 1955/226/1156 1954/227/1156
f 1957/248/1156 1956/249/1156 1954/227/1156
f 1960/237/1157 1959/242/1158 1958/243/1158
f 1961/236/1158 1960/237/1157 1958/243/1158
f 1964/251/1159 1963/250/1160 1962/252/1161
f 1965/253/1162 1964/251/1159 1962/252/1161
f 1966/254/1163 1964/251/1159 1965/253/1162
f 1967/255/1164 1964/251/1159 1966/254/1163
f 1968/256/1165 1964/251/1159 1967/255/1164
f 1969/257/1166 1964/251/1159 1968/256/1165
f 1970/258/1167 1964/251/1159 1969/257/1166
f 1963/250/1160 1964/251/1159 1970/258/1167
f 1973/252/1168 1972/250/1169 1971/260/1169
f 1974/259/1168 1973/252/1168 1971/260/1169
f 1977/250/1170 1976/258/1170 1975/261/1170
f 1978/260/1170 1977/250/1170 1975/261/1170
f 1981/258/1171 1980/257/1171 1979/262/1171
f 1982/261/1171 1981/258/1171 1979/262/1171
f 1985/257/1172 1984/256/1172 1983/263/1172
f 1986/262/1172 1985/257/1172 1983/263/1172
f 1989/256/1173 1988/255/1173 1987/264/1173
f 1990/263/1173 1989/256/1173 1987/264/1173
f 1993/255/1174 1992/254/1175 1991/265/1174
f 1994/264/1176 1993/255/1174 1991/265/1174
f 1997/254/1010 1996/253/1177 1995/266/1010
f 1998/265/1010 1997/254/1010 1995/266/1010
f 2001/253/1178 2000/252/1178 1999/259/1179
f 2002/266/1178 2001/253/1178 1999/259/1179
f 2005/267/1180 2004/270/1181 2003/269/1182
f 2006/268/1183 2005/267/1180 2003/269/1182
f 2004/270/1181 2005/267/1180 2007/271/1184
f 2008/272/1185 2004/270/1181 2007/271/1184
f 2009/273/1186 2008/272/1185 2007/271/1184
f 2010/274/1187 2009/273/1186 2007/271/1184
f 2011/275/1188 2009/273/1186 2010/274/1187
f 2012/276/1189 2011/275/1188 2010/274/1187
f 2015/269/1190 2014/270/1191 2013/278/1192
f 2016/277/1193 2015/269/1190 2013/278/1192
f 2017/279/1194 2013/278/1192 2014/270/1191
f 2018/272/1195 2017/279/1194 2014/270/1191
f 2017/279/1194 2018/272/1195 2019/273/1196
f 2020/280/1197 2017/279/1194 2019/273/1196
f 2020/280/1197 2019/273/1196 2021/275/1198
f 2022/281/1198 2020/280/1197 2021/275/1198
f 2025/282/1199 2024/285/1200 2023/284/1201
f 2026/283/1202 2025/282/1199 2023/284/1201
f 2027/286/1203 2024/285/1200 2025/282/1199
f 2028/287/1204 2027/286/1203 2025/282/1199
f 2031/288/446 2030/291/446 2029/290/446
f 2032/289/446 2031/288/446 2029/290/446
f 2035/289/1205 2034/290/450 2033/293/1206
f 2036/292/1207 2035/289/1205 2033/293/1206
f 2039/294/1208 2038/292/1209 2037/293/1210
f 2040/295/1211 2039/294/1208 2037/293/1210
f 2041/296/1212 2039/294/1208 2040/295/1211
f 2042/297/1213 2041/296/1212 2040/295/1211
f 2043/298/1214 2041/296/1212 2042/297/1213
f 2044/299/1215 2043/298/1214 2042/297/1213
f 2047/300/1216 2046/303/1217 2045/302/1218
f 2048/301/1219 2047/300/1216 2045/302/1218
f 2047/300/1216 2048/301/1219 2049/304/1220
f 2048/301/1219 2050/305/1221 2049/304/1220
f 2045/302/1218 2046/303/1217 2051/306/1222
f 2046/303/1217 2052/307/1223 2051/306/1222
f 2053/308/1224 2051/306/1222 2052/307/1223
f 2054/309/1225 2053/308/1224 2052/307/1223
f 2057/310/1226 2056/275/1227 2055/276/1228
f 2057/310/1226 2058/311/1229 2056/275/1227
f 2061/287/1230 2060/304/1231 2059/305/1232
f 2062/286/474 2061/287/1230 2059/305/1232
f 2065/311/1233 2064/281/1233 2063/275/1233
f 2068/316/1234 2067/315/1235 2066/314/1236
f 2066/314/1236 2069/312/1237 2068/316/1234
f 2066/314/1236 2070/313/1238 2069/312/1237
f 2071/317/1239 2066/314/1236 2067/315/1235
f 2071/317/1239 2072/318/1240 2066/314/1236
f 2075/319/543 2074/322/1241 2073/321/1241
f 2076/320/543 2075/319/543 2073/321/1241
f 2074/322/1241 2077/323/1242 2073/321/1241
f 2077/323/1242 2078/324/1243 2073/321/1241
f 2079/325/1244 2078/324/1243 2077/323/1242
f 2079/325/1244 2080/326/1245 2078/324/1243
f 2080/326/1245 2081/327/1246 2078/324/1243
f 2084/328/1247 2083/318/1247 2082/317/1247
f 2087/329/1248 2086/330/1249 2085/318/1250
f 2088/328/1248 2087/329/1248 2085/318/1250
f 2085/318/1250 2086/330/1249 2089/331/1251
f 2085/318/1250 2089/331/1251 2090/314/1252
f 2093/321/1253 2092/330/1253 2091/329/1254
f 2094/320/1254 2093/321/1253 2091/329/1254
f 2093/321/1253 2095/324/1255 2092/330/1253
f 2095/324/1255 2096/331/1256 2092/330/1253
f 2099/332/1257 2098/335/1258 2097/334/1258
f 2100/333/1259 2099/332/1257 2097/334/1258
f 2099/332/1257 2100/333/1259 2101/336/1095
f 2100/333/1259 2102/337/1260 2101/336/1095
f 2102/337/1260 2103/338/1261 2101/336/1095
f 2103/338/1261 2104/339/1262 2101/336/1095
f 2105/340/1263 2104/339/1262 2103/338/1261
f 2106/341/1264 2105/340/1263 2103/338/1261
f 2105/340/1263 2106/341/1264 2107/342/1265
f 2110/334/1266 2109/335/1266 2108/344/1266
f 2111/343/1266 2110/334/1266 2108/344/1266
f 2114/341/511 2113/338/513 2112/346/513
f 2115/345/512 2114/341/511 2112/346/513
f 2116/342/514 2114/341/511 2115/345/512
f 2117/347/514 2116/342/514 2115/345/512
f 2120/348/1267 2119/346/517 2118/338/517
f 2121/337/1268 2120/348/1267 2118/338/517
f 2121/337/1268 2122/333/1269 2120/348/1267
f 2122/333/1269 2123/349/1269 2120/348/1267
f 2126/316/1270 2125/312/1271 2124/351/1270
f 2127/350/1272 2126/316/1270 2124/351/1270
f 2130/342/399 2129/347/399 2128/352/399
f 2133/333/1273 2132/334/1273 2131/343/1274
f 2134/349/1273 2133/333/1273 2131/343/1274
f 2137/314/1275 2136/331/1275 2135/353/1276
f 2138/313/1277 2137/314/1275 2135/353/1276
f 2141/353/1278 2140/331/1278 2139/324/1278
f 2142/327/1278 2141/353/1278 2139/324/1278
f 2145/354/1279 2144/357/1279 2143/356/1279
f 2146/355/1279 2145/354/1279 2143/356/1279
f 2149/358/1280 2148/359/1280 2147/357/1281
f 2150/354/1280 2149/358/1280 2147/357/1281
f 2153/360/1282 2152/361/1283 2151/359/1282
f 2154/358/1284 2153/360/1282 2151/359/1282
f 2157/362/1285 2156/363/1285 2155/361/1285
f 2158/360/1285 2157/362/1285 2155/361/1285
f 2161/364/1286 2160/365/1287 2159/363/1287
f 2162/362/1286 2161/364/1286 2159/363/1287
f 2165/355/1288 2164/356/1288 2163/367/1288
f 2166/366/1289 2165/355/1288 2163/367/1288
f 2169/369/1290 2168/368/1290 2167/370/1290
f 2169/369/1290 2170/371/1290 2168/368/1290
f 2169/369/1290 2171/372/1290 2170/371/1290
f 2169/369/1290 2172/373/1290 2171/372/1290
f 2169/369/1290 2173/374/1290 2172/373/1290
f 2169/369/1290 2167/370/1290 2173/374/1290
f 2176/354/1291 2175/357/1291 2174/356/1291
f 2177/355/1291 2176/354/1291 2174/356/1291
f 2180/358/1280 2179/359/1280 2178/357/1280
f 2181/354/1280 2180/358/1280 2178/357/1280
f 2184/360/1292 2183/361/1292 2182/359/1292
f 2185/358/1292 2184/360/1292 2182/359/1292
f 2188/362/1293 2187/363/1293 2186/361/1294
f 2189/360/1293 2188/362/1293 2186/361/1294
f 2192/364/1287 2191/365/1287 2190/363/1287
f 2193/362/1287 2192/364/1287 2190/363/1287
f 2196/355/1295 2195/356/1295 2194/367/1295
f 2197/366/1295 2196/355/1295 2194/367/1295
f 2200/369/1296 2199/371/1297 2198/368/1296
f 2200/369/1296 2201/372/1297 2199/371/1297
f 2200/369/1296 2202/373/1296 2201/372/1297
f 2200/369/1296 2203/374/1297 2202/373/1296
f 2200/369/1296 2204/370/1297 2203/374/1297
f 2200/369/1296 2198/368/1296 2204/370/1297
f 2207/375/543 2206/378/543 2205/377/543
f 2208/376/543 2207/375/543 2205/377/543
f 2211/379/544 2210/376/545 2209/381/544
f 2212/380/544 2211/379/544 2209/381/544
f 2215/382/1298 2214/375/1299 2213/376/1299
f 2216/379/1298 2215/382/1298 2213/376/1299
f 2219/383/1300 2218/386/1301 2217/385/1302
f 2220/384/1303 2219/383/1300 2217/385/1302
f 2220/384/1303 2217/385/1302 2221/387/1304
f 2222/388/1305 2220/384/1303 2221/387/1304
f 2225/390/1306 2224/389/1307 2223/391/1307
f 2228/392/1308 2227/383/1309 2226/384/1310
f 2229/393/1311 2228/392/1308 2226/384/1310
f 2229/393/1311 2226/384/1310 2230/388/1312
f 2231/394/1313 2229/393/1311 2230/388/1312
f 2234/395/1314 2233/398/1314 2232/397/1314
f 2235/396/1314 2234/395/1314 2232/397/1314
f 2238/399/1315 2237/400/1316 2236/395/1262
f 2239/396/1262 2238/399/1315 2236/395/1262
f 2237/400/1316 2238/399/1315 2240/401/1317
f 2241/402/1318 2237/400/1316 2240/401/1317
f 2241/402/1318 2240/401/1317 2242/403/1319
f 2243/404/1320 2241/402/1318 2242/403/1319
f 2243/404/1320 2242/403/1319 2244/405/1321
f 2245/406/1322 2243/404/1320 2244/405/1321
f 2246/407/1323 2245/406/1322 2244/405/1321
f 2247/408/1323 2246/407/1323 2244/405/1321
f 2250/394/1324 2249/388/1325 2248/391/1326
f 2251/409/1327 2250/394/1324 2248/391/1326
f 2251/409/1327 2248/391/1326 2252/410/1328
f 2255/388/1329 2254/387/1330 2253/411/1331
f 2256/390/1332 2255/388/1329 2253/411/1331
f 2255/388/1329 2256/390/1332 2257/391/1333
f 2260/412/1334 2259/406/1334 2258/407/1334
f 2261/413/1334 2260/412/1334 2258/407/1334
f 2264/398/1335 2263/414/1336 2262/397/1337
f 2263/414/1336 2264/398/1335 2265/415/1338
f 2266/416/1338 2263/414/1336 2265/415/1338
f 2265/415/1338 2267/417/1339 2266/416/1338
f 2267/417/1339 2268/418/1339 2266/416/1338
f 2271/419/1340 2270/385/1341 2269/386/1342
f 2272/420/1343 2271/419/1340 2269/386/1342
f 2271/419/1340 2273/421/1344 2270/385/1341
f 2273/421/1344 2274/387/1345 2270/385/1341
f 2273/421/1344 2275/422/1346 2274/387/1345
f 2275/422/1346 2276/411/1347 2274/387/1345
f 2279/423/1348 2278/426/1349 2277/425/1350
f 2280/424/1351 2279/423/1348 2277/425/1350
f 2283/427/1352 2282/430/1353 2281/429/1354
f 2284/428/1355 2283/427/1352 2281/429/1354
f 2287/427/1356 2286/431/1356 2285/430/1356
f 2290/425/1357 2289/426/1357 2288/432/1357
f 2293/433/1358 2292/436/1359 2291/435/1360
f 2294/434/1361 2293/433/1358 2291/435/1360
f 2294/434/1361 2291/435/1360 2295/437/1362
f 2296/438/1363 2294/434/1361 2295/437/1362
f 2296/438/1363 2295/437/1362 2297/439/1364
f 2298/440/1365 2296/438/1363 2297/439/1364
f 2298/440/1365 2297/439/1364 2299/441/1366
f 2300/442/1367 2298/440/1365 2299/441/1366
f 2300/442/1367 2299/441/1366 2301/443/1368
f 2302/444/1368 2300/442/1367 2301/443/1368
f 2293/433/1358 2303/445/1369 2292/436/1359
f 2303/445/1369 2304/446/1370 2292/436/1359
f 2303/445/1369 2305/447/1371 2304/446/1370
f 2305/447/1371 2306/448/1371 2304/446/1370
f 2309/428/1372 2308/429/1373 2307/411/1374
f 2310/422/1375 2309/428/1372 2307/411/1374
f 2313/449/1376 2312/410/1377 2311/391/1378
f 2314/450/1379 2313/449/1376 2311/391/1378
f 2313/449/1376 2315/451/1380 2312/410/1377
f 2315/451/1380 2316/452/1381 2312/410/1377
f 2319/453/1382 2318/454/1382 2317/452/1382
f 2320/451/1382 2319/453/1382 2317/452/1382
f 2323/444/1383 2322/443/1384 2321/456/1384
f 2324/455/1384 2323/444/1383 2321/456/1384
f 2327/455/1385 2326/456/1386 2325/458/1385
f 2328/457/1385 2327/455/1385 2325/458/1385
f 2331/425/1387 2330/432/1388 2329/459/1389
f 2331/425/1387 2329/459/1389 2332/460/1390
f 2331/425/1387 2332/460/1390 2333/461/1391
f 2336/463/1392 2335/462/1393 2334/447/1394
f 2334/447/1394 2335/462/1393 2337/448/1395
f 2340/425/1396 2339/464/1397 2338/424/1398
f 2340/425/1396 2341/465/1399 2339/464/1397
f 2340/425/1396 2342/466/1400 2341/465/1399
f 2345/425/1401 2344/467/1402 2343/468/1403
f 2348/425/1404 2347/469/1404 2346/467/1404
f 2351/425/1405 2350/468/1405 2349/466/1405
f 2354/425/1406 2353/470/1407 2352/469/1408
f 2354/425/1406 2355/471/1380 2353/470/1407
f 2358/425/1409 2357/472/1409 2356/471/1409
f 2361/474/1410 2360/473/1411 2359/475/1412
f 2361/474/1410 2359/475/1412 2362/476/1413
f 2361/474/1410 2362/476/1413 2363/477/1414
f 2361/474/1410 2363/477/1414 2364/478/1415
f 2361/474/1410 2364/478/1415 2365/479/1416
f 2361/474/1410 2365/479/1416 2366/480/1417
f 2361/474/1410 2366/480/1417 2367/481/1418
f 2370/483/1419 2369/482/1419 2368/484/1419
f 2373/483/1420 2372/484/1420 2371/485/1420
f 2376/486/74 2375/489/74 2374/488/1421
f 2377/487/74 2376/486/74 2374/488/1421
f 2380/486/1422 2379/490/1422 2378/489/1422
f 2383/487/1423 2382/488/1423 2381/492/1423
f 2384/491/1423 2383/487/1423 2381/492/1423
f 2387/491/1424 2386/492/1424 2385/494/1424
f 2388/493/1424 2387/491/1424 2385/494/1424
f 2391/493/1425 2390/494/1426 2389/496/1426
f 2392/495/1426 2391/493/1425 2389/496/1426
f 2395/495/1427 2394/496/1427 2393/498/1428
f 2396/497/1429 2395/495/1427 2393/498/1428
f 2396/497/1429 2393/498/1428 2397/499/1430
f 2398/500/1430 2396/497/1429 2397/499/1430
f 2401/500/1431 2400/499/1431 2399/502/1432
f 2402/501/1433 2401/500/1431 2399/502/1432
f 2402/501/1433 2399/502/1432 2403/503/1434
f 2404/504/1434 2402/501/1433 2403/503/1434
f 2407/504/1435 2406/503/1436 2405/506/1436
f 2408/505/1436 2407/504/1435 2405/506/1436
f 2411/490/1437 2410/507/1437 2409/489/1437
f 2414/431/1438 2413/508/1438 2412/430/1438
f 2417/509/1439 2416/512/1440 2415/511/1441
f 2418/510/1439 2417/509/1439 2415/511/1441
f 2415/511/1441 2416/512/1440 2419/513/1442
f 2420/514/1443 2415/511/1441 2419/513/1442
f 2420/514/1443 2419/513/1442 2421/515/1444
f 2419/513/1442 2422/516/1445 2421/515/1444
f 2425/517/1446 2424/515/1446 2423/516/1447
f 2424/515/1446 2425/517/1446 2426/518/1448
f 2425/517/1446 2427/519/1448 2426/518/1448
f 2426/518/1448 2427/519/1448 2428/520/1449
f 2427/519/1448 2429/521/1449 2428/520/1449
f 2432/522/1450 2431/512/1450 2430/509/1450
f 2433/523/1450 2432/522/1450 2430/509/1450
f 2436/524/1451 2435/509/1452 2434/510/1452
f 2437/525/1451 2436/524/1451 2434/510/1452
f 2440/526/1453 2439/510/1454 2438/511/1453
f 2441/527/1454 2440/526/1453 2438/511/1453
f 2444/528/1455 2443/513/1455 2442/512/1456
f 2445/529/1457 2444/528/1455 2442/512/1456
f 2448/530/1458 2447/511/1458 2446/514/1459
f 2449/531/1458 2448/530/1458 2446/514/1459
f 2452/532/1460 2451/516/1460 2450/513/1460
f 2453/528/1460 2452/532/1460 2450/513/1460
f 2456/533/1461 2455/517/1461 2454/516/1461
f 2457/534/1461 2456/533/1461 2454/516/1461
f 2460/535/1462 2459/519/1463 2458/517/1464
f 2461/533/1464 2460/535/1462 2458/517/1464
f 2460/535/1462 2462/536/1465 2459/519/1463
f 2462/536/1465 2463/521/1466 2459/519/1463
f 2466/537/1467 2465/515/1467 2464/518/1467
f 2467/538/1467 2466/537/1467 2464/518/1467
f 2470/539/1468 2469/520/1468 2468/521/1468
f 2471/540/1468 2470/539/1468 2468/521/1468
f 2474/538/1469 2473/518/1470 2472/520/1469
f 2475/541/1471 2474/538/1469 2472/520/1469
f 2478/531/1472 2477/514/1472 2476/515/1472
f 2479/542/1472 2478/531/1472 2476/515/1472
f 2482/543/1473 2481/543/1473 2480/544/1474
f 2483/544/1475 2482/543/1473 2480/544/1474
f 2486/543/1476 2485/544/1477 2484/546/1478
f 2487/545/1479 2486/543/1476 2484/546/1478
f 2490/543/1480 2489/543/1480 2488/545/1480
f 2491/545/1480 2490/543/1480 2488/545/1480
f 2494/547/1481 2493/545/1481 2492/546/1482
f 2495/548/1482 2494/547/1481 2492/546/1482
f 2498/549/733 2497/552/733 2496/551/1483
f 2499/550/1484 2498/549/733 2496/551/1483
f 2500/553/1485 2499/550/1484 2496/551/1483
f 2499/550/1484 2500/553/1485 2501/554/1486
f 2504/555/1487 2503/558/1487 2502/557/1487
f 2505/556/1487 2504/555/1487 2502/557/1487
f 2508/559/389 2507/562/389 2506/561/1488
f 2509/560/1489 2508/559/389 2506/561/1488
f 2512/560/1490 2511/561/1490 2510/564/1490
f 2513/563/1490 2512/560/1490 2510/564/1490
f 2516/563/1491 2515/564/1491 2514/566/1492
f 2517/565/1491 2516/563/1491 2514/566/1492
f 2520/565/6 2519/566/6 2518/558/6
f 2521/555/6 2520/565/6 2518/558/6
f 2524/567/1493 2523/570/1493 2522/569/1494
f 2525/568/1494 2524/567/1493 2522/569/1494
f 2524/567/1493 2526/571/1495 2523/570/1493
f 2526/571/1495 2527/572/1496 2523/570/1493
f 2526/571/1495 2528/573/1497 2527/572/1496
f 2528/573/1497 2529/574/1498 2527/572/1496
f 2527/572/1496 2529/574/1498 2530/575/1499
f 2529/574/1498 2531/576/1500 2530/575/1499
f 2534/577/751 2533/573/1501 2532/571/1502
f 2535/578/752 2534/577/751 2532/571/1502
f 2536/579/1503 2535/578/752 2532/571/1502
f 2537/567/1504 2536/579/1503 2532/571/1502
f 2536/579/1503 2537/567/1504 2538/580/757
f 2537/567/1504 2539/568/1505 2538/580/757
f 2542/581/1506 2541/575/1507 2540/576/1508
f 2543/582/1509 2542/581/1506 2540/576/1508
f 2541/575/1507 2542/581/1506 2544/583/1510
f 2542/581/1506 2545/584/1511 2544/583/1510
f 2544/583/1510 2545/584/1511 2546/585/1512
f 2546/585/1512 2545/584/1511 2547/586/1513
f 2546/585/1512 2547/586/1513 2548/587/1514
f 2547/586/1513 2549/588/1514 2548/587/1514
f 2545/584/1511 2550/589/1515 2547/586/1513
f 2550/589/1515 2545/584/1511 2542/581/1506
f 2551/590/1516 2550/589/1515 2542/581/1506
f 2551/590/1516 2542/581/1506 2543/582/1509
f 2552/591/1517 2551/590/1516 2543/582/1509
f 2553/592/1518 2551/590/1516 2552/591/1517
f 2554/593/1519 2553/592/1518 2552/591/1517
f 2553/592/1518 2554/593/1519 2555/594/1520
f 2554/593/1519 2552/591/1517 2556/595/1521
f 2552/591/1517 2557/596/1522 2556/595/1521
f 2557/596/1522 2558/597/776 2556/595/1521
f 2561/598/777 2560/599/1523 2559/592/1524
f 2562/594/1525 2561/598/777 2559/592/1524
f 2565/600/1526 2564/603/1526 2563/602/1526
f 2566/601/1527 2565/600/1526 2563/602/1526
f 2569/604/1528 2568/607/1529 2567/606/1530
f 2570/605/1530 2569/604/1528 2567/606/1530
f 2568/607/1529 2569/604/1528 2571/600/1531
f 2572/601/1532 2568/607/1529 2571/600/1531
f 2575/608/1533 2574/611/1534 2573/610/1533
f 2576/609/1535 2575/608/1533 2573/610/1533
f 2579/602/1536 2578/603/1537 2577/609/1537
f 2580/610/1536 2579/602/1536 2577/609/1537
f 2583/613/1538 2582/612/1539 2581/614/790
f 2584/615/1539 2583/613/1538 2581/614/790
f 2581/614/790 2585/616/1540 2584/615/1539
f 2581/614/790 2586/617/794 2585/616/1540
f 2587/618/794 2586/617/794 2581/614/790
f 2590/619/1541 2589/622/1542 2588/621/1543
f 2591/620/1544 2590/619/1541 2588/621/1543
f 2588/621/1543 2589/622/1542 2592/623/1545
f 2589/622/1542 2593/624/1545 2592/623/1545
f 2592/623/1545 2593/624/1545 2594/625/1546
f 2595/626/1547 2592/623/1545 2594/625/1546
f 2598/619/1548 2597/582/1549 2596/576/1550
f 2599/622/1551 2598/619/1548 2596/576/1550
f 2596/576/1550 2600/574/1552 2599/622/1551
f 2600/574/1552 2601/624/1553 2599/622/1551
f 2600/574/1552 2602/573/1554 2601/624/1553
f 2602/573/1554 2603/625/1555 2601/624/1553
f 2602/573/1554 2604/577/307 2603/625/1555
f 2604/577/307 2605/627/307 2603/625/1555
f 2606/591/1556 2597/582/1549 2598/619/1548
f 2609/596/810 2608/591/1557 2607/619/1557
f 2610/628/810 2609/596/810 2607/619/1557
f 2613/620/1558 2612/629/813 2611/628/813
f 2614/619/1558 2613/620/1558 2611/628/813
f 2617/621/1559 2616/623/1560 2615/631/1561
f 2618/630/1559 2617/621/1559 2615/631/1561
f 2616/623/1560 2619/626/1562 2615/631/1561
f 2619/626/1562 2620/632/1563 2615/631/1561
f 2619/626/1562 2621/633/1564 2620/632/1563
f 2621/633/1564 2622/634/820 2620/632/1563
f 2625/635/1565 2624/636/1566 2623/629/1566
f 2626/620/1567 2625/635/1565 2623/629/1566
f 2625/635/1565 2626/620/1567 2627/621/1568
f 2628/630/1569 2625/635/1565 2627/621/1568
f 2631/627/828 2630/633/830 2629/626/1570
f 2632/625/1570 2631/627/828 2629/626/1570
f 2635/637/1571 2634/569/1571 2633/570/1572
f 2636/638/1573 2635/637/1571 2633/570/1572
f 2636/638/1573 2633/570/1572 2637/572/1574
f 2638/639/1574 2636/638/1573 2637/572/1574
f 2641/640/1575 2640/568/1576 2639/569/1575
f 2642/641/1575 2641/640/1575 2639/569/1575
f 2645/642/838 2644/580/837 2643/568/1577
f 2646/640/1577 2645/642/838 2643/568/1577
f 2649/639/1578 2648/572/1578 2647/575/1578
f 2650/643/1578 2649/639/1578 2647/575/1578
f 2653/644/1579 2652/590/1580 2651/592/1581
f 2654/645/1582 2653/644/1579 2651/592/1581
f 2654/645/1582 2651/592/1581 2655/599/845
f 2656/646/845 2654/645/1582 2655/599/845
f 2659/647/1583 2658/586/1583 2657/589/1584
f 2660/648/1583 2659/647/1583 2657/589/1584
f 2663/649/1585 2662/583/1586 2661/585/1587
f 2664/650/1588 2663/649/1585 2661/585/1587
f 2664/650/1588 2661/585/1587 2665/587/1589
f 2666/651/1589 2664/650/1588 2665/587/1589
f 2663/649/1585 2667/643/1590 2662/583/1586
f 2667/643/1590 2668/575/1591 2662/583/1586
f 2671/652/1592 2670/588/1593 2669/586/1592
f 2672/647/1593 2671/652/1592 2669/586/1592
f 2675/653/1594 2674/587/1594 2673/588/1594
f 2676/654/1594 2675/653/1594 2673/588/1594
f 2679/648/1595 2678/589/1595 2677/590/1595
f 2680/644/1595 2679/648/1595 2677/590/1595
f 2683/655/862 2682/658/862 2681/657/1596
f 2684/656/1597 2683/655/862 2681/657/1596
f 2687/659/1598 2686/662/1598 2685/661/864
f 2688/660/864 2687/659/1598 2685/661/864
f 2691/663/1599 2690/664/1599 2689/662/1599
f 2692/659/1599 2691/663/1599 2689/662/1599
f 2695/656/1600 2694/657/1601 2693/664/1600
f 2696/663/1600 2695/656/1600 2693/664/1600
f 2699/665/1602 2698/668/1603 2697/667/1604
f 2700/666/1602 2699/665/1602 2697/667/1604
f 2698/668/1603 2701/669/1605 2697/667/1604
f 2704/671/1606 2703/670/1606 2702/672/1606
f 2707/673/1607 2706/676/1608 2705/675/1609
f 2708/674/1609 2707/673/1607 2705/675/1609
f 2707/673/1607 2709/677/1610 2706/676/1608
f 2709/677/1610 2710/678/1610 2706/676/1608
f 2713/674/1611 2712/675/1611 2711/680/1611
f 2714/679/1611 2713/674/1611 2711/680/1611
f 2717/679/1612 2716/680/1613 2715/682/1614
f 2718/681/1615 2717/679/1612 2715/682/1614
f 2719/683/1616 2718/681/1615 2715/682/1614
f 2720/684/1616 2719/683/1616 2715/682/1614
f 2723/685/1617 2722/686/1617 2721/678/1617
f 2724/677/1617 2723/685/1617 2721/678/1617
f 2727/687/1618 2726/688/1618 2725/686/1619
f 2728/685/1618 2727/687/1618 2725/686/1619
f 2731/683/1620 2730/684/1621 2729/690/1621
f 2732/689/1621 2731/683/1620 2729/690/1621
f 2735/667/1622 2734/669/1623 2733/672/1623
f 2736/670/1622 2735/667/1622 2733/672/1623
f 2739/691/1624 2738/694/1624 2737/693/1624
f 2740/692/1624 2739/691/1624 2737/693/1624
f 2743/695/1625 2742/696/1625 2741/694/1625
f 2744/691/1625 2743/695/1625 2741/694/1625
f 2747/697/1626 2746/698/1626 2745/696/1626
f 2748/695/1626 2747/697/1626 2745/696/1626
f 2751/699/1627 2750/700/1627 2749/698/1627
f 2752/697/1627 2751/699/1627 2749/698/1627
f 2755/702/1628 2754/701/1629 2753/703/1629
f 2755/702/1628 2756/704/1628 2754/701/1629
f 2755/702/1628 2757/705/1628 2756/704/1628
f 2755/702/1628 2753/703/1629 2757/705/1628
f 2760/706/897 2759/709/897 2758/708/897
f 2761/707/897 2760/706/897 2758/708/897
f 2764/710/898 2763/712/898 2762/708/898
f 2765/711/898 2764/710/898 2762/708/898
f 2768/713/1630 2767/707/1630 2766/708/1630
f 2769/712/1630 2768/713/1630 2766/708/1630
f 2772/714/1631 2771/717/1632 2770/716/1633
f 2773/715/1634 2772/714/1631 2770/716/1633
f 2771/717/1632 2772/714/1631 2774/718/1635
f 2772/714/1631 2775/719/1636 2774/718/1635
f 2775/719/1636 2776/720/1637 2774/718/1635
f 2776/720/1637 2777/721/1638 2774/718/1635
f 2780/722/1639 2779/725/1640 2778/724/1641
f 2781/723/1642 2780/722/1639 2778/724/1641
f 2784/726/1643 2783/729/1644 2782/728/1645
f 2785/727/1645 2784/726/1643 2782/728/1645
f 2788/730/1646 2787/733/1647 2786/732/1648
f 2789/731/1649 2788/730/1646 2786/732/1648
f 2792/731/1650 2791/732/1650 2790/735/1651
f 2793/734/1650 2792/731/1650 2790/735/1651
f 2796/734/1652 2795/735/1653 2794/737/1654
f 2797/736/1655 2796/734/1652 2794/737/1654
f 2800/727/1656 2799/728/1657 2798/733/1658
f 2801/730/1659 2800/727/1656 2798/733/1658
f 2804/736/1660 2803/737/1661 2802/725/1662
f 2805/722/1663 2804/736/1660 2802/725/1662
f 2808/738/1664 2807/741/935 2806/740/935
f 2809/739/1664 2808/738/1664 2806/740/935
f 2812/738/1665 2811/739/1665 2810/742/1665
f 2815/743/1666 2814/746/1667 2813/745/1668
f 2816/744/938 2815/743/1666 2813/745/1668
f 2819/747/941 2818/750/941 2817/749/1669
f 2820/748/1669 2819/747/941 2817/749/1669
f 2823/748/1670 2822/749/1670 2821/752/1671
f 2824/751/1671 2823/748/1670 2821/752/1671
f 2827/751/1672 2826/752/1673 2825/746/1674
f 2828/743/1673 2827/751/1672 2825/746/1674
f 2831/754/1675 2830/753/1676 2829/755/1677
f 2829/755/1677 2830/753/1676 2832/756/1678
f 2830/753/1676 2833/757/1679 2832/756/1678
f 2833/757/1679 2834/758/1680 2832/756/1678
f 2837/759/1681 2836/758/1681 2835/757/1682
f 2838/760/1683 2837/759/1681 2835/757/1682
f 2838/760/1683 2835/757/1682 2839/753/1684
f 2840/761/1684 2838/760/1683 2839/753/1684
f 2843/756/1685 2842/763/1685 2841/762/1685
f 2844/755/1685 2843/756/1685 2841/762/1685
f 2847/763/1686 2846/756/1686 2845/758/1686
f 2848/759/1686 2847/763/1686 2845/758/1686
f 2851/761/1687 2850/753/1688 2849/754/1688
f 2852/764/1688 2851/761/1687 2849/754/1688
f 2855/764/1689 2854/754/1690 2853/755/1689
f 2856/762/1689 2855/764/1689 2853/755/1689
f 2859/765/1691 2858/768/1692 2857/767/1693
f 2860/766/1694 2859/765/1691 2857/767/1693
f 2858/768/1692 2861/769/1695 2857/767/1693
f 2864/769/1696 2863/770/1696 2862/767/1696
f 2867/953/232 2866/954/1093 2865/955/1697
f 2870/956/36 2869/957/1698 2868/958/6
f 2871/959/1699 2870/956/36 2868/958/6
f 2870/956/36 2871/959/1699 2872/960/1698
f 2868/958/6 2873/961/1700 2871/959/1699
f 2873/961/1700 2874/962/1700 2871/959/1699
f 2873/961/1700 2875/963/1701 2874/962/1700
f 2875/963/1701 2876/964/1701 2874/962/1700
f 2868/958/6 2869/957/1698 2877/965/1702
f 2880/966/1703 2879/962/1704 2878/964/1705
f 2881/967/1706 2880/966/1703 2878/964/1705
f 2879/962/1704 2880/966/1703 2882/968/1707
f 2883/959/1708 2879/962/1704 2882/968/1707
f 2882/968/1707 2884/969/1709 2883/959/1708
f 2884/969/1709 2885/960/1709 2883/959/1708
f 2888/970/1710 2887/956/1710 2886/960/1711
f 2889/969/1711 2888/970/1710 2886/960/1711
f 2892/971/1712 2891/972/1712 2890/973/1712
f 2893/974/1712 2892/971/1712 2890/973/1712
f 2892/971/1712 2894/975/1093 2891/972/1712
f 2894/975/1093 2895/976/231 2891/972/1712
f 2896/977/503 2895/976/231 2894/975/1093
f 2895/976/231 2896/977/503 2897/978/1713
f 2896/977/503 2894/975/1093 2898/979/232
f 2898/979/232 2899/980/232 2896/977/503
f 2902/963/1714 2901/981/1715 2900/982/1715
f 2903/964/1715 2902/963/1714 2900/982/1715
f 2906/961/1716 2905/983/1716 2904/984/1717
f 2907/963/1718 2906/961/1716 2904/984/1717
f 2906/961/1716 2908/958/1719 2905/983/1716
f 2908/958/1719 2909/954/1719 2905/983/1716
f 2912/772/970 2911/771/1720 2910/773/1721
f 2910/773/1721 2911/771/1720 2913/774/1722
f 2911/771/1720 2914/775/1723 2913/774/1722
f 2917/776/974 2916/777/974 2915/775/974
f 2918/771/974 2917/776/974 2915/775/974
f 2921/778/1724 2920/774/1725 2919/775/1724
f 2922/777/1725 2921/778/1724 2919/775/1724
f 2925/779/1726 2924/780/1727 2923/772/1727
f 2926/773/1726 2925/779/1726 2923/772/1727
f 2929/779/1728 2928/773/1729 2927/774/1728
f 2930/778/1728 2929/779/1728 2927/774/1728
f 2933/781/74 2932/784/1730 2931/783/1485
f 2934/782/74 2933/781/74 2931/783/1485
f 2932/784/1730 2935/785/1731 2931/783/1485
f 2935/785/1731 2936/786/1732 2931/783/1485
f 2935/785/1731 2937/787/1733 2936/786/1732
f 2937/787/1733 2938/788/1734 2936/786/1732
f 2941/789/986 2940/790/1735 2939/784/1736
f 2942/781/985 2941/789/986 2939/784/1736
f 2943/791/1737 2939/784/1736 2940/790/1735
f 2943/791/1737 2944/785/1738 2939/784/1736
f 2944/785/1738 2943/791/1737 2945/787/1739
f 2943/791/1737 2946/792/1740 2945/787/1739
f 2940/790/1735 2947/793/1741 2943/791/1737
f 2948/794/1742 2947/793/1741 2940/790/1735
f 2949/795/1743 2947/793/1741 2948/794/1742
f 2947/793/1741 2949/795/1743 2943/791/1737
f 2943/791/1737 2949/795/1743 2946/792/1740
f 2948/794/1742 2950/796/1744 2949/795/1743
f 2948/794/1742 2951/797/1745 2950/796/1744
f 2952/798/1746 2950/796/1744 2951/797/1745
f 2953/799/1747 2950/796/1744 2952/798/1746
f 2954/800/1748 2953/799/1747 2952/798/1746
f 2955/801/1748 2954/800/1748 2952/798/1746
f 2956/802/1749 2950/796/1744 2953/799/1747
f 2950/796/1744 2956/802/1749 2949/795/1743
f 2956/802/1749 2957/803/1750 2949/795/1743
f 2949/795/1743 2957/803/1750 2946/792/1740
f 2958/804/1751 2957/803/1750 2956/802/1749
f 2946/792/1740 2957/803/1750 2958/804/1751
f 2959/805/1752 2946/792/1740 2958/804/1751
f 2962/806/389 2961/807/389 2960/782/389
f 2963/783/389 2962/806/389 2960/782/389
f 2966/808/1753 2965/790/1754 2964/789/1755
f 2967/809/1755 2966/808/1753 2964/789/1755
f 2966/808/1753 2968/810/1756 2965/790/1754
f 2968/810/1756 2969/794/1757 2965/790/1754
f 2968/810/1756 2970/811/1758 2969/794/1757
f 2970/811/1758 2971/797/420 2969/794/1757
f 2974/806/1759 2973/783/1759 2972/786/1759
f 2975/812/1759 2974/806/1759 2972/786/1759
f 2978/812/1760 2977/786/1760 2976/788/1760
f 2979/813/1760 2978/812/1760 2976/788/1760
f 2982/813/1761 2981/788/1761 2980/787/1761
f 2983/814/1762 2982/813/1761 2980/787/1761
f 2986/814/1490 2985/787/1490 2984/792/1490
f 2987/815/1490 2986/814/1490 2984/792/1490
f 2990/816/1763 2989/798/1763 2988/797/1763
f 2991/811/1763 2990/816/1763 2988/797/1763
f 2994/801/252 2993/798/252 2992/816/252
f 2995/817/252 2994/801/252 2992/816/252
f 2998/818/1764 2997/800/1764 2996/801/1764
f 2999/817/1764 2998/818/1764 2996/801/1764
f 3002/819/6 3001/799/6 3000/800/6
f 3003/818/6 3002/819/6 3000/800/6
f 3006/820/1765 3005/815/1766 3004/792/1766
f 3007/805/1767 3006/820/1765 3004/792/1766
f 3010/821/1768 3009/802/1768 3008/799/1769
f 3011/819/1769 3010/821/1768 3008/799/1769
f 3014/820/1770 3013/805/1771 3012/804/1770
f 3015/822/1770 3014/820/1770 3012/804/1770
f 3018/822/6 3017/804/6 3016/802/6
f 3019/821/6 3018/822/6 3016/802/6
f 3022/824/1772 3021/823/1773 3020/825/1774
f 3020/825/1774 3021/823/1773 3023/826/1775
f 3021/823/1773 3024/827/1776 3023/826/1775
f 3023/826/1775 3024/827/1776 3025/828/1777
f 3024/827/1776 3026/829/1778 3025/828/1777
f 3025/828/1777 3026/829/1778 3027/830/1779
f 3028/831/1780 3025/828/1777 3027/830/1779
f 3031/832/1032 3030/835/1781 3029/834/1782
f 3032/833/1783 3031/832/1032 3029/834/1782
f 3033/836/1784 3031/832/1032 3032/833/1783
f 3034/837/1785 3033/836/1784 3032/833/1783
f 3033/836/1784 3034/837/1785 3035/838/1786
f 3036/839/335 3033/836/1784 3035/838/1786
f 3031/832/1032 3037/840/1039 3030/835/1781
f 3034/837/1785 3032/833/1783 3038/841/1787
f 3032/833/1783 3039/842/1787 3038/841/1787
f 3042/843/1788 3041/834/1788 3040/835/1788
f 3043/844/1788 3042/843/1788 3040/835/1788
f 3046/845/1789 3045/833/1789 3044/834/1790
f 3047/843/1789 3046/845/1789 3044/834/1790
f 3050/846/1791 3049/838/1792 3048/837/1793
f 3051/847/1794 3050/846/1791 3048/837/1793
f 3051/847/1794 3048/837/1793 3052/841/169
f 3053/848/1795 3051/847/1794 3052/841/169
f 3053/848/1795 3052/841/169 3054/842/1796
f 3055/849/1797 3053/848/1795 3054/842/1796
f 3058/850/1798 3057/839/1798 3056/838/1798
f 3059/846/1798 3058/850/1798 3056/838/1798
f 3062/844/1799 3061/835/1799 3060/840/755
f 3063/851/755 3062/844/1799 3060/840/755
f 3066/849/1800 3065/842/1801 3064/833/1801
f 3067/845/1800 3066/849/1800 3064/833/1801
f 3070/852/1055 3069/855/1802 3068/854/1802
f 3071/853/1055 3070/852/1055 3068/854/1802
f 3068/854/1802 3069/855/1802 3072/856/1803
f 3069/855/1802 3073/857/1804 3072/856/1803
f 3076/858/1805 3075/859/1060 3074/853/1060
f 3077/854/1806 3076/858/1805 3074/853/1060
f 3076/858/1805 3077/854/1806 3078/856/1807
f 3079/860/1807 3076/858/1805 3078/856/1807
f 3082/861/511 3081/862/1808 3080/855/1809
f 3083/852/511 3082/861/511 3080/855/1809
f 3081/862/1808 3084/863/1810 3080/855/1809
f 3084/863/1810 3085/857/1810 3080/855/1809
f 3088/860/1811 3087/856/1811 3086/857/1811
f 3089/863/1811 3088/860/1811 3086/857/1811
f 3092/864/1812 3091/867/1813 3090/866/1813
f 3093/865/1814 3092/864/1812 3090/866/1813
f 3091/867/1813 3094/868/1071 3090/866/1813
f 3094/868/1071 3095/869/1071 3090/866/1813
f 3098/870/298 3097/873/298 3096/872/298
f 3099/871/298 3098/870/298 3096/872/298
f 3102/874/1079 3101/877/1079 3100/876/1080
f 3103/875/1081 3102/874/1079 3100/876/1080
f 3103/875/1081 3100/876/1080 3104/878/5
f 3100/876/1080 3105/879/6 3104/878/5
f 3108/872/1076 3107/873/1078 3106/881/1078
f 3109/880/1078 3108/872/1076 3106/881/1078
f 3112/882/1072 3111/885/1073 3110/884/1074
f 3113/883/1072 3112/882/1072 3110/884/1074
f 3114/886/252 3110/884/1074 3111/885/1073
f 3115/887/252 3114/886/252 3111/885/1073
f 3118/880/1082 3117/881/1082 3116/889/1815
f 3119/888/1815 3118/880/1082 3116/889/1815
f 3120/890/1816 3119/888/1815 3116/889/1815
f 3121/891/1816 3120/890/1816 3116/889/1815
f 3124/871/1086 3123/893/1086 3122/892/1086
f 3125/870/1086 3124/871/1086 3122/892/1086
f 3128/894/1817 3127/897/1817 3126/896/1817
f 3129/895/1817 3128/894/1817 3126/896/1817
f 3132/895/1818 3131/896/1818 3130/899/1818
f 3133/898/1818 3132/895/1818 3130/899/1818
f 3136/900/1819 3135/903/1819 3134/902/1819
f 3137/901/1819 3136/900/1819 3134/902/1819
f 3140/901/1820 3139/902/1820 3138/897/1820
f 3141/894/1820 3140/901/1820 3138/897/1820
f 3144/904/1821 3143/907/1821 3142/906/1821
f 3145/905/1821 3144/904/1821 3142/906/1821
f 3148/908/1822 3147/906/1822 3146/907/1822
f 3149/909/1822 3148/908/1822 3146/907/1822
f 3152/910/503 3151/908/503 3150/909/503
f 3153/911/503 3152/910/503 3150/909/503
f 3156/905/1823 3155/913/1824 3154/912/1824
f 3157/904/1824 3156/905/1823 3154/912/1824
f 3160/914/1825 3159/917/1825 3158/916/1825
f 3161/915/1825 3160/914/1825 3158/916/1825
f 3164/918/1073 3163/914/1073 3162/915/1073
f 3165/919/1073 3164/918/1073 3162/915/1073
f 3168/920/1826 3167/923/1826 3166/922/1826
f 3169/921/1826 3168/920/1826 3166/922/1826
f 3172/917/2 3171/920/2 3170/921/2
f 3173/916/2 3172/917/2 3170/921/2
f 3176/924/1100 3175/927/1100 3174/926/1100
f 3177/925/1100 3176/924/1100 3174/926/1100
f 3180/928/134 3179/924/134 3178/925/134
f 3181/929/134 3180/928/134 3178/925/134
f 3184/930/1102 3183/928/1102 3182/929/1102
f 3185/931/1102 3184/930/1102 3182/929/1102
f 3188/927/1063 3187/933/1063 3186/932/1063
f 3189/926/1063 3188/927/1063 3186/932/1063
f 3192/930/6 3191/934/6 3190/928/6
f 3191/934/6 3193/935/6 3190/928/6
f 3193/935/6 3191/934/6 3194/936/6
f 3191/934/6 3192/930/6 3194/936/6
f 3197/937/1827 3196/940/1827 3195/939/1104
f 3198/938/1104 3197/937/1827 3195/939/1104
f 3201/937/1828 3200/942/1828 3199/941/1828
f 3202/940/1828 3201/937/1828 3199/941/1828
f 3205/942/1829 3204/944/1829 3203/943/1829
f 3206/941/1829 3205/942/1829 3203/943/1829
f 3209/944/1830 3208/946/1830 3207/945/1830
f 3210/943/1830 3209/944/1830 3207/945/1830
f 3213/946/1831 3212/948/1832 3211/947/1832
f 3214/945/1832 3213/946/1831 3211/947/1832
f 3217/949/1833 3216/947/1833 3215/948/1833
f 3218/950/1833 3217/949/1833 3215/948/1833
f 3221/950/1834 3220/952/1834 3219/951/1834
f 3222/949/1834 3221/950/1834 3219/951/1834
f 3225/985/1835 3224/986/1835 3223/987/1836
f 3226/988/1837 3225/985/1835 3223/987/1836
f 3226/988/1837 3223/987/1836 3227/989/1838
f 3228/990/1839 3226/988/1837 3227/989/1838
f 3227/989/1838 3229/991/1840 3228/990/1839
f 3229/991/1840 3230/992/1840 3228/990/1839
f 3229/991/1840 3231/993/1841 3230/992/1840
f 3231/993/1841 3232/994/1842 3230/992/1840
f 3232/994/1842 3231/993/1841 3233/995/1843
f 3234/996/1844 3232/994/1842 3233/995/1843
f 3237/997/1845 3236/998/1846 3235/999/1846
f 3238/1000/1847 3237/997/1845 3235/999/1846
f 3239/1001/1848 3237/997/1845 3238/1000/1847
f 3240/1002/1849 3239/1001/1848 3238/1000/1847
f 3241/1003/1850 3239/1001/1848 3240/1002/1849
f 3242/1004/1850 3241/1003/1850 3240/1002/1849
f 3245/998/1851 3244/1005/1852 3243/1006/1852
f 3246/999/1852 3245/998/1851 3243/1006/1852
f 3249/1007/1853 3248/1008/266 3247/1009/1854
f 3250/1010/1853 3249/1007/1853 3247/1009/1854
f 3247/1009/1854 3248/1008/266 3251/1011/1855
f 3248/1008/266 3252/1012/1855 3251/1011/1855
f 3255/1012/1856 3254/1013/1856 3253/1014/1856
f 3256/1011/1856 3255/1012/1856 3253/1014/1856
f 3259/1015/1857 3258/1016/1857 3257/1017/1857
f 3260/1018/1858 3259/1015/1857 3257/1017/1857
f 3263/1019/1859 3262/1003/1860 3261/1004/1859
f 3264/1020/1859 3263/1019/1859 3261/1004/1859
f 3267/1013/1861 3266/1015/1862 3265/1018/1862
f 3268/1014/1862 3267/1013/1861 3265/1018/1862
f 3271/1021/1863 3270/1019/1863 3269/1020/1863
f 3272/1022/1863 3271/1021/1863 3269/1020/1863
f 3275/1023/1864 3274/996/1865 3273/995/1866
f 3276/1024/1865 3275/1023/1864 3273/995/1866
f 3279/1025/1867 3278/1026/1867 3277/1023/1867
f 3280/1024/1867 3279/1025/1867 3277/1023/1867
f 3283/1027/1868 3282/1026/1869 3281/1025/1869
f 3284/1028/1868 3283/1027/1868 3281/1025/1869
f 3287/1029/1870 3286/1030/1005 3285/1031/1871
f 3288/1032/1872 3287/1029/1870 3285/1031/1871
f 3289/1033/1873 3287/1029/1870 3288/1032/1872
f 3290/1034/1873 3289/1033/1873 3288/1032/1872
f 3293/1035/1874 3292/1036/1875 3291/1037/1875
f 3294/1038/1874 3293/1035/1874 3291/1037/1875
f 3297/1036/1876 3296/1039/1877 3295/1040/1877
f 3298/1037/1876 3297/1036/1876 3295/1040/1877
f 3295/1040/1877 3296/1039/1877 3299/1041/1878
f 3296/1039/1877 3300/1042/1878 3299/1041/1878
f 3303/1042/1879 3302/1043/1879 3301/1044/1880
f 3304/1041/1880 3303/1042/1879 3301/1044/1880
f 3307/1043/1881 3306/1033/1881 3305/1034/1881
f 3308/1044/1881 3307/1043/1881 3305/1034/1881
f 3311/1045/1882 3310/1046/1883 3309/1047/1884
f 3312/1048/1884 3311/1045/1882 3309/1047/1884
f 3313/1049/1885 3310/1046/1883 3311/1045/1882
f 3311/1045/1882 3314/1050/1885 3313/1049/1885
f 3314/1050/1885 3315/1051/1885 3313/1049/1885
f 3314/1050/1885 3316/1052/1885 3315/1051/1885
f 3316/1052/1885 3317/1053/1885 3315/1051/1885
f 3317/1053/1885 3318/1054/1885 3315/1051/1885
f 3321/1055/1886 3320/1056/1886 3319/1054/1886
f 3322/1053/1887 3321/1055/1886 3319/1054/1886
f 3325/1057/1888 3324/1058/1889 3323/1056/1890
f 3326/1055/1891 3325/1057/1888 3323/1056/1890
f 3324/1058/1889 3327/1059/1892 3323/1056/1890
f 3327/1059/1892 3328/1060/1892 3323/1056/1890
f 3331/985/1893 3330/988/1894 3329/987/1895
f 3332/986/1893 3331/985/1893 3329/987/1895
f 3329/987/1895 3330/988/1894 3333/989/1896
f 3330/988/1894 3334/990/1897 3333/989/1896
f 3335/991/1898 3333/989/1896 3334/990/1897
f 3336/992/1898 3335/991/1898 3334/990/1897
f 3337/993/1899 3335/991/1898 3336/992/1898
f 3338/994/1900 3337/993/1899 3336/992/1898
f 3337/993/1899 3338/994/1900 3339/995/1901
f 3338/994/1900 3340/996/1902 3339/995/1901
f 3343/997/1903 3342/1000/1904 3341/999/1905
f 3344/998/1905 3343/997/1903 3341/999/1905
f 3343/997/1903 3345/1001/1906 3342/1000/1904
f 3345/1001/1906 3346/1002/1907 3342/1000/1904
f 3345/1001/1906 3347/1003/1908 3346/1002/1907
f 3347/1003/1908 3348/1004/1909 3346/1002/1907
f 3351/998/1910 3350/999/1911 3349/1006/1910
f 3352/1005/1911 3351/998/1910 3349/1006/1910
f 3355/1007/1912 3354/1010/1912 3353/1009/1913
f 3356/1008/1914 3355/1007/1912 3353/1009/1913
f 3356/1008/1914 3353/1009/1913 3357/1011/1915
f 3358/1012/1915 3356/1008/1914 3357/1011/1915
f 3361/1012/1916 3360/1011/1916 3359/1014/1916
f 3362/1013/1916 3361/1012/1916 3359/1014/1916
f 3365/1015/1917 3364/1018/1918 3363/1017/1917
f 3366/1016/1919 3365/1015/1917 3363/1017/1917
f 3369/1019/1920 3368/1020/1921 3367/1004/1920
f 3370/1003/1920 3369/1019/1920 3367/1004/1920
f 3373/1013/1922 3372/1014/1923 3371/1018/1923
f 3374/1015/1922 3373/1013/1922 3371/1018/1923
f 3377/1021/1924 3376/1022/1925 3375/1020/1924
f 3378/1019/1924 3377/1021/1924 3375/1020/1924
f 3381/1023/1926 3380/1024/1927 3379/995/1928
f 3382/996/1927 3381/1023/1926 3379/995/1928
f 3385/1025/1929 3384/1024/1929 3383/1023/1929
f 3386/1026/1929 3385/1025/1929 3383/1023/1929
f 3389/1027/1930 3388/1028/1930 3387/1025/1931
f 3390/1026/1931 3389/1027/1930 3387/1025/1931
f 3393/1029/1932 3392/1032/1933 3391/1031/1753
f 3394/1030/1753 3393/1029/1932 3391/1031/1753
f 3393/1029/1932 3395/1033/1934 3392/1032/1933
f 3395/1033/1934 3396/1034/1934 3392/1032/1933
f 3399/1035/1935 3398/1038/1935 3397/1037/1936
f 3400/1036/1936 3399/1035/1935 3397/1037/1936
f 3403/1036/1937 3402/1037/1938 3401/1040/1939
f 3404/1039/1939 3403/1036/1937 3401/1040/1939
f 3404/1039/1939 3401/1040/1939 3405/1041/1940
f 3406/1042/1940 3404/1039/1939 3405/1041/1940
f 3409/1042/1941 3408/1041/1942 3407/1044/1942
f 3410/1043/1941 3409/1042/1941 3407/1044/1942
f 3413/1043/1943 3412/1044/1943 3411/1034/1943
f 3414/1033/1943 3413/1043/1943 3411/1034/1943
f 3417/1045/1944 3416/1048/1945 3415/1047/1945
f 3418/1046/1946 3417/1045/1944 3415/1047/1945
f 3417/1045/1944 3418/1046/1946 3419/1049/1947
f 3419/1049/1947 3420/1050/1947 3417/1045/1944
f 3419/1049/1947 3421/1051/1947 3420/1050/1947
f 3421/1051/1947 3422/1052/1947 3420/1050/1947
f 3421/1051/1947 3423/1053/1947 3422/1052/1947
f 3421/1051/1947 3424/1054/1947 3423/1053/1947
f 3427/1055/1948 3426/1053/1949 3425/1054/1948
f 3428/1056/1948 3427/1055/1948 3425/1054/1948
f 3431/1057/1950 3430/1055/1951 3429/1056/1952
f 3432/1058/1953 3431/1057/1950 3429/1056/1952
f 3433/1059/1954 3432/1058/1953 3429/1056/1952
f 3434/1060/1954 3433/1059/1954 3429/1056/1952
f 3437/1061/1955 3436/1062/1956 3435/1063/1957
f 3438/1064/1958 3437/1061/1955 3435/1063/1957
f 3437/1061/1955 3438/1064/1958 3439/1065/1959
f 3438/1064/1958 3440/1066/1960 3439/1065/1959
f 3440/1066/1960 3441/1067/1961 3439/1065/1959
f 3442/1068/1962 3441/1067/1961 3440/1066/1960
f 3440/1066/1960 3443/1069/1962 3442/1068/1962
f 3442/1068/1962 3444/1070/1963 3441/1067/1961
f 3447/1063/1964 3446/1071/1964 3445/1072/1965
f 3448/1064/1966 3447/1063/1964 3445/1072/1965
f 3448/1064/1966 3445/1072/1965 3449/1066/1967
f 3445/1072/1965 3450/1073/1967 3449/1066/1967
f 3451/1069/1968 3449/1066/1967 3450/1073/1967
f 3452/1074/1968 3451/1069/1968 3450/1073/1967
f 3455/1075/1969 3454/1076/1970 3453/1077/1971
f 3456/1072/1972 3455/1075/1969 3453/1077/1971
f 3457/1078/1973 3454/1076/1970 3455/1075/1969
f 3458/1079/1974 3457/1078/1973 3455/1075/1969
f 3459/1080/1975 3457/1078/1973 3458/1079/1974
f 3460/1081/1976 3459/1080/1975 3458/1079/1974
f 3461/1082/1977 3459/1080/1975 3460/1081/1976
f 3460/1081/1976 3462/1083/1978 3461/1082/1977
f 3462/1083/1978 3463/1084/1979 3461/1082/1977
f 3464/1085/1980 3463/1084/1979 3462/1083/1978
f 3465/1086/1981 3464/1085/1980 3462/1083/1978
f 3456/1072/1972 3453/1077/1971 3466/1073/1982
f 3453/1077/1971 3467/1087/1983 3466/1073/1982
f 3465/1086/1981 3468/1088/1984 3464/1085/1980
f 3469/1089/1985 3468/1088/1984 3465/1086/1981
f 3470/1090/1986 3469/1089/1985 3465/1086/1981
f 3469/1089/1985 3470/1090/1986 3471/1091/1987
f 3472/1092/1988 3469/1089/1985 3471/1091/1987
f 3473/1093/1989 3469/1089/1985 3472/1092/1988
f 3473/1093/1989 3468/1088/1984 3469/1089/1985
f 3474/1094/1990 3473/1093/1989 3472/1092/1988
f 3472/1092/1988 3475/1095/1991 3474/1094/1990
f 3476/1096/1992 3474/1094/1990 3475/1095/1991
f 3477/1097/1993 3476/1096/1992 3475/1095/1991
f 3480/1098/1994 3479/1099/1995 3478/1100/1996
f 3481/1101/1997 3480/1098/1994 3478/1100/1996
f 3482/1102/1998 3480/1098/1994 3481/1101/1997
f 3483/1103/1999 3482/1102/1998 3481/1101/1997
f 3484/1104/2000 3483/1103/1999 3481/1101/1997
f 3485/1105/2001 3484/1104/2000 3481/1101/1997
f 3486/1106/2002 3484/1104/2000 3485/1105/2001
f 3484/1104/2000 3487/1107/2003 3483/1103/1999
f 3487/1107/2003 3488/1108/2004 3483/1103/1999
f 3491/1109/2005 3490/1110/2006 3489/1098/2006
f 3492/1102/2007 3491/1109/2005 3489/1098/2006
f 3493/1092/2008 3491/1109/2005 3492/1102/2007
f 3494/1095/2009 3493/1092/2008 3492/1102/2007
f 3495/1097/2010 3494/1095/2009 3492/1102/2007
f 3496/1111/2011 3495/1097/2010 3492/1102/2007
f 3492/1102/2007 3497/1103/2012 3496/1111/2011
f 3497/1103/2012 3498/1108/2013 3496/1111/2011
f 3501/1112/2014 3500/1113/2015 3499/1073/2016
f 3502/1114/2017 3501/1112/2014 3499/1073/2016
f 3503/1087/2018 3502/1114/2017 3499/1073/2016
f 3500/1113/2015 3504/1115/2019 3499/1073/2016
f 3504/1115/2019 3505/1074/2020 3499/1073/2016
f 3508/1116/2021 3507/1113/2022 3506/1112/1262
f 3509/1094/2023 3508/1116/2021 3506/1112/1262
f 3509/1094/2023 3510/1096/2024 3508/1116/2021
f 3506/1112/1262 3511/1114/2025 3509/1094/2023
f 3511/1114/2025 3512/1093/2025 3509/1094/2023
f 3515/1117/2026 3514/1118/2026 3513/1119/2027
f 3516/1120/2028 3515/1117/2026 3513/1119/2027
f 3516/1120/2028 3513/1119/2027 3517/1121/2029
f 3518/1122/2030 3516/1120/2028 3517/1121/2029
f 3521/1123/2031 3520/1124/2031 3519/1125/2031
f 3522/1126/2031 3521/1123/2031 3519/1125/2031
f 3525/1127/2032 3524/1123/2032 3523/1126/2032
f 3526/1128/2032 3525/1127/2032 3523/1126/2032
f 3529/1127/2033 3528/1128/2033 3527/1129/2033
f 3532/1129/2034 3531/1130/2034 3530/1127/2034
f 3535/1129/2033 3534/1131/2033 3533/1130/2033
f 3538/1131/2035 3537/1129/2035 3536/1132/2035
f 3539/1133/2035 3538/1131/2035 3536/1132/2035
f 3542/1134/2036 3541/1133/2036 3540/1132/2036
f 3543/1135/2037 3542/1134/2036 3540/1132/2036
f 3546/1136/2038 3545/1134/2039 3544/1135/2040
f 3547/1137/2041 3546/1136/2038 3544/1135/2040
f 3548/1138/2042 3546/1136/2038 3547/1137/2041
f 3549/1139/2043 3548/1138/2042 3547/1137/2041
f 3550/1140/2044 3548/1138/2042 3549/1139/2043
f 3551/1141/2044 3550/1140/2044 3549/1139/2043
f 3552/1142/2045 3550/1140/2044 3551/1141/2044
f 3553/1143/2046 3552/1142/2045 3551/1141/2044
f 3554/1144/2047 3552/1142/2045 3553/1143/2046
f 3555/1145/2048 3554/1144/2047 3553/1143/2046
f 3556/1146/2049 3554/1144/2047 3555/1145/2048
f 3557/1147/2050 3556/1146/2049 3555/1145/2048
f 3560/1148/2051 3559/1146/2052 3558/1147/2052
f 3561/1149/2051 3560/1148/2051 3558/1147/2052
f 3564/1148/2053 3563/1149/2054 3562/1150/2054
f 3565/1151/2053 3564/1148/2053 3562/1150/2054
f 3568/1152/2055 3567/1153/2055 3566/1154/2055
f 3569/1155/2055 3568/1152/2055 3566/1154/2055
f 3572/1121/2056 3571/1152/2057 3570/1155/2056
f 3573/1122/2057 3572/1121/2056 3570/1155/2056
f 3576/1118/2058 3575/1117/2058 3574/1156/2058
f 3577/1157/2058 3576/1118/2058 3574/1156/2058
f 3580/1156/2059 3579/1151/2059 3578/1150/2059
f 3581/1157/2059 3580/1156/2059 3578/1150/2059
f 3584/1077/2060 3583/1076/2061 3582/1158/2060
f 3585/1159/2061 3584/1077/2060 3582/1158/2060
f 3588/1076/2062 3587/1078/2063 3586/1160/2064
f 3589/1158/2065 3588/1076/2062 3586/1160/2064
f 3590/1161/2066 3586/1160/2064 3587/1078/2063
f 3591/1080/2067 3590/1161/2066 3587/1078/2063
f 3592/1162/2068 3590/1161/2066 3591/1080/2067
f 3593/1082/2068 3592/1162/2068 3591/1080/2067
f 3594/1163/2069 3592/1162/2068 3593/1082/2068
f 3593/1082/2068 3595/1085/2070 3594/1163/2069
f 3593/1082/2068 3596/1084/2071 3595/1085/2070
f 3597/1164/2072 3594/1163/2069 3595/1085/2070
f 3598/1088/2072 3597/1164/2072 3595/1085/2070
f 3601/1165/2073 3600/1166/2074 3599/1167/2073
f 3599/1167/2073 3602/1168/2075 3601/1165/2073
f 3599/1167/2073 3603/1169/2075 3602/1168/2075
f 3602/1168/2075 3603/1169/2075 3604/1170/2076
f 3605/1171/2076 3602/1168/2075 3604/1170/2076
f 3604/1170/2076 3606/1172/2077 3605/1171/2076
f 3609/1169/2078 3608/1167/2078 3607/1173/2025
f 3610/1174/2079 3609/1169/2078 3607/1173/2025
f 3613/1174/2080 3612/1175/2018 3611/1170/2081
f 3614/1169/2082 3613/1174/2080 3611/1170/2081
f 3617/1176/2083 3616/1177/2084 3615/1178/2085
f 3615/1178/2085 3618/1179/2086 3617/1176/2083
f 3615/1178/2085 3619/1180/2086 3618/1179/2086
f 3615/1178/2085 3616/1177/2084 3620/1181/2087
f 3616/1177/2084 3621/1182/2088 3620/1181/2087
f 3622/1183/2089 3620/1181/2087 3621/1182/2088
f 3625/1071/2090 3624/1075/2090 3623/1072/2090
f 3628/1184/2091 3627/1182/2091 3626/1185/2091
f 3631/1186/2092 3630/1187/2093 3629/1188/2094
f 3632/1181/2095 3631/1186/2092 3629/1188/2094
f 3631/1186/2092 3632/1181/2095 3633/1183/2096
f 3636/1176/2097 3635/1189/2097 3634/1190/2098
f 3637/1177/2098 3636/1176/2097 3634/1190/2098
f 3640/1179/2099 3639/1191/2099 3638/1189/2100
f 3641/1176/2100 3640/1179/2099 3638/1189/2100
f 3640/1179/2099 3642/1180/2101 3639/1191/2099
f 3642/1180/2101 3643/1192/2101 3639/1191/2099
f 3646/1178/2102 3645/1193/2102 3644/1192/2103
f 3647/1180/2103 3646/1178/2102 3644/1192/2103
f 3646/1178/2102 3648/1194/2104 3645/1193/2102
f 3648/1194/2104 3649/1195/2105 3645/1193/2102
f 3652/1177/2106 3651/1190/2107 3650/1185/2108
f 3653/1182/2109 3652/1177/2106 3650/1185/2108
f 3656/1196/2110 3655/1197/2111 3654/1198/2112
f 3657/1199/2113 3654/1198/2112 3655/1197/2111
f 3658/1200/2114 3657/1199/2113 3655/1197/2111
f 3655/1197/2111 3659/1201/2115 3658/1200/2114
f 3660/1202/2116 3658/1200/2114 3659/1201/2115
f 3661/1203/2117 3660/1202/2116 3659/1201/2115
f 3659/1201/2115 3662/1204/2118 3661/1203/2117
f 3662/1204/2118 3663/1205/2119 3661/1203/2117
f 3666/1183/2120 3665/1182/2121 3664/1206/2121
f 3667/1207/2122 3666/1183/2120 3664/1206/2121
f 3668/1208/2123 3666/1183/2120 3667/1207/2122
f 3671/1209/2124 3670/1194/2125 3669/1181/2126
f 3669/1181/2126 3670/1194/2125 3672/1178/2127
f 3675/1210/2128 3674/1211/2129 3673/1212/2130
f 3676/1213/2130 3675/1210/2128 3673/1212/2130
f 3679/1213/2131 3678/1212/2131 3677/1214/2132
f 3680/1215/2132 3679/1213/2131 3677/1214/2132
f 3683/1215/2133 3682/1214/2133 3681/1216/2134
f 3684/1217/2134 3683/1215/2133 3681/1216/2134
f 3687/1217/2135 3686/1216/2136 3685/1218/2137
f 3688/1219/2138 3687/1217/2135 3685/1218/2137
f 3691/1220/2139 3690/1221/2140 3689/1219/2141
f 3692/1218/2141 3691/1220/2139 3689/1219/2141
f 3691/1220/2139 3693/1222/2142 3690/1221/2140
f 3693/1222/2142 3694/1223/2142 3690/1221/2140
f 3697/1223/2143 3696/1222/2144 3695/1224/2145
f 3698/1225/2146 3697/1223/2143 3695/1224/2145
f 3701/1226/2147 3700/1227/2147 3699/1228/2148
f 3702/1229/2148 3701/1226/2147 3699/1228/2148
f 3705/1229/2149 3704/1228/2150 3703/1230/2129
f 3706/1231/2128 3705/1229/2149 3703/1230/2129
f 3709/1225/2151 3708/1224/2151 3707/1232/2152
f 3710/1233/2153 3709/1225/2151 3707/1232/2152
f 3710/1233/2153 3707/1232/2152 3711/1227/2154
f 3712/1226/2155 3710/1233/2153 3711/1227/2154
f 3715/1234/409 3714/1235/2156 3713/1236/2157
f 3716/1237/2158 3714/1235/2156 3715/1234/409
f 3717/1238/2159 3715/1234/409 3713/1236/2157
f 3720/1239/1700 3719/1240/2160 3718/1241/1701
f 3719/1240/2160 3720/1239/1700 3721/1242/175
f 3719/1240/2160 3721/1242/175 3722/1243/2161
f 3725/1244/2162 3724/1236/2163 3723/1235/2164
f 3726/1241/2165 3724/1236/2163 3725/1244/2162
f 3724/1236/2163 3726/1241/2165 3727/1240/2166
f 3730/1245/2167 3729/1246/2168 3728/1247/2169
f 3731/1248/2167 3730/1245/2167 3728/1247/2169
f 3734/1249/2170 3733/1250/2170 3732/1246/2170
f 3735/1245/2170 3734/1249/2170 3732/1246/2170
f 3738/1251/2171 3737/1252/2172 3736/1250/2171
f 3739/1249/2171 3738/1251/2171 3736/1250/2171
f 3742/1253/2173 3741/1254/2174 3740/1252/2175
f 3743/1251/2175 3742/1253/2173 3740/1252/2175
f 3746/1255/2176 3745/1256/2177 3744/1254/2176
f 3747/1253/2178 3746/1255/2176 3744/1254/2176
f 3750/1257/2179 3749/1258/2180 3748/1256/2179
f 3751/1255/2180 3750/1257/2179 3748/1256/2179
f 3754/1259/2181 3753/1260/2182 3752/1258/2181
f 3755/1257/2183 3754/1259/2181 3752/1258/2181
f 3758/1261/2184 3757/1262/2184 3756/1260/2184
f 3759/1259/2184 3758/1261/2184 3756/1260/2184
f 3762/1263/2185 3761/1264/2186 3760/1262/2187
f 3763/1261/2185 3762/1263/2185 3760/1262/2187
f 3766/1248/2188 3765/1247/2188 3764/1265/2188
f 3767/1266/2188 3766/1248/2188 3764/1265/2188
f 3770/1267/6 3769/1268/5 3768/1269/6
f 3770/1267/6 3771/1270/6 3769/1268/5
f 3768/1269/6 3772/1271/5 3770/1267/6
f 3773/1272/6 3772/1271/5 3768/1269/6
f 3773/1272/6 3774/1273/5 3772/1271/5
f 3768/1269/6 3775/1274/5 3773/1272/6
f 3776/1275/5 3775/1274/5 3768/1269/6
f 3776/1275/5 3777/1276/5 3775/1274/5
f 3780/1277/503 3779/1271/503 3778/1267/503
f 3781/1278/503 3779/1271/503 3780/1277/503
f 3780/1277/503 3782/1279/503 3781/1278/503
f 3783/1275/503 3780/1277/503 3778/1267/503
f 3783/1275/503 3784/1280/503 3780/1277/503
f 3778/1267/503 3785/1281/503 3783/1275/503
f 3786/1282/503 3785/1281/503 3778/1267/503
f 3786/1282/503 3787/1283/503 3785/1281/503
f 3790/1284/2189 3789/1285/2190 3788/1286/2191
f 3791/1287/2189 3790/1284/2189 3788/1286/2191
f 3788/1286/2191 3789/1285/2190 3792/1288/2192
f 3793/1289/2193 3792/1288/2192 3789/1285/2190
f 3794/1290/2193 3793/1289/2193 3789/1285/2190
f 3788/1286/2191 3792/1288/2192 3795/1291/2194
f 3795/1291/2194 3796/1292/2195 3788/1286/2191
f 3797/1293/2196 3796/1292/2195 3795/1291/2194
f 3798/1294/2196 3797/1293/2196 3795/1291/2194
f 3801/1286/2197 3800/1292/2197 3799/1295/2197
f 3802/1296/2197 3801/1286/2197 3799/1295/2197
f 3805/1297/2198 3804/1287/2198 3803/1286/2198
f 3806/1296/2198 3805/1297/2198 3803/1286/2198
f 3809/1298/2199 3808/1284/2200 3807/1287/2199
f 3810/1297/2199 3809/1298/2199 3807/1287/2199
f 3813/1299/2201 3812/1285/2201 3811/1284/2201
f 3814/1298/2202 3813/1299/2201 3811/1284/2201
f 3817/1300/2203 3816/1293/2203 3815/1294/2203
f 3818/1301/2203 3817/1300/2203 3815/1294/2203
f 3821/1295/2204 3820/1292/2205 3819/1293/2206
f 3822/1300/2204 3821/1295/2204 3819/1293/2206
f 3825/1302/2207 3824/1291/2208 3823/1288/2209
f 3826/1294/2210 3824/1291/2208 3825/1302/2207
f 3826/1294/2210 3825/1302/2207 3827/1303/2207
f 3827/1303/2207 3828/1301/2210 3826/1294/2210
f 3831/1304/2211 3830/1290/2211 3829/1285/2211
f 3832/1299/2211 3831/1304/2211 3829/1285/2211
f 3835/1288/2212 3834/1289/2212 3833/1305/2212
f 3833/1305/2212 3836/1302/2212 3835/1288/2212
f 3833/1305/2212 3837/1303/2212 3836/1302/2212
f 3840/1306/2213 3839/1307/2214 3838/1308/2215
f 3841/1309/2213 3840/1306/2213 3838/1308/2215
f 3838/1308/2215 3839/1307/2214 3842/1310/2216
f 3843/1311/2217 3838/1308/2215 3842/1310/2216
f 3844/1312/2218 3843/1311/2217 3842/1310/2216
f 3839/1307/2214 3845/1313/2219 3842/1310/2216
f 3846/1314/2220 3845/1313/2219 3839/1307/2214
f 3847/1315/2221 3846/1314/2220 3839/1307/2214
f 3850/1316/2222 3849/1317/2223 3848/1318/2224
f 3851/1319/2225 3850/1316/2222 3848/1318/2224
f 3848/1318/2224 3849/1317/2223 3852/1320/2226
f 3849/1317/2223 3853/1321/2227 3852/1320/2226
f 3849/1317/2223 3854/1322/2228 3853/1321/2227
f 3854/1322/2228 3855/1323/2229 3853/1321/2227
f 3853/1321/2227 3856/1324/2230 3852/1320/2226
f 3856/1324/2230 3857/1325/2230 3852/1320/2226
f 3860/1326/2231 3859/1318/2231 3858/1320/2232
f 3861/1327/2231 3860/1326/2231 3858/1320/2232
f 3864/1328/2233 3863/1327/2234 3862/1320/2235
f 3865/1325/2236 3864/1328/2233 3862/1320/2235
f 3868/1329/2237 3867/1328/2237 3866/1325/2237
f 3869/1324/2237 3868/1329/2237 3866/1325/2237
f 3872/1330/2238 3871/1329/2239 3870/1324/2240
f 3873/1321/2238 3872/1330/2238 3870/1324/2240
f 3876/1331/2241 3875/1332/2242 3874/1316/2241
f 3877/1319/2242 3876/1331/2241 3874/1316/2241
f 3880/1326/2243 3879/1331/2243 3878/1319/2243
f 3881/1318/2243 3880/1326/2243 3878/1319/2243
f 3884/1332/2244 3883/1333/2244 3882/1317/2244
f 3885/1316/2244 3884/1332/2244 3882/1317/2244
f 3888/1334/2245 3887/1330/2246 3886/1321/2247
f 3889/1323/2245 3888/1334/2245 3886/1321/2247
f 3892/1333/2248 3891/1335/2248 3890/1322/2249
f 3893/1317/2249 3892/1333/2248 3890/1322/2249
f 3896/1336/2250 3895/1337/2251 3894/1338/2252
f 3897/1339/2253 3896/1336/2250 3894/1338/2252
f 3894/1338/2252 3898/1340/2254 3897/1339/2253
f 3899/1341/2255 3898/1340/2254 3894/1338/2252
f 3900/1342/2256 3899/1341/2255 3894/1338/2252
f 3898/1340/2254 3901/1343/2257 3897/1339/2253
f 3901/1343/2257 3902/1344/2258 3897/1339/2253
f 3902/1344/2258 3903/1345/2259 3897/1339/2253
f 3906/1061/2260 3905/1064/2261 3904/1063/2262
f 3907/1062/2263 3906/1061/2260 3904/1063/2262
f 3905/1064/2261 3906/1061/2260 3908/1065/2264
f 3909/1066/2265 3905/1064/2261 3908/1065/2264
f 3910/1067/2266 3909/1066/2265 3908/1065/2264
f 3909/1066/2265 3910/1067/2266 3911/1068/2267
f 3911/1068/2267 3912/1069/2267 3909/1066/2265
f 3910/1067/2266 3913/1070/2268 3911/1068/2267
f 3916/1063/2269 3915/1064/2270 3914/1072/2271
f 3917/1071/2269 3916/1063/2269 3914/1072/2271
f 3914/1072/2271 3915/1064/2270 3918/1066/2272
f 3919/1073/2272 3914/1072/2271 3918/1066/2272
f 3918/1066/2272 3920/1069/2273 3919/1073/2272
f 3920/1069/2273 3921/1074/2273 3919/1073/2272
f 3924/1075/2274 3923/1072/2275 3922/1077/2276
f 3925/1076/2277 3924/1075/2274 3922/1077/2276
f 3925/1076/2277 3926/1078/2278 3924/1075/2274
f 3926/1078/2278 3927/1079/2279 3924/1075/2274
f 3926/1078/2278 3928/1080/2280 3927/1079/2279
f 3928/1080/2280 3929/1081/2281 3927/1079/2279
f 3929/1081/2281 3928/1080/2280 3930/1082/2282
f 3930/1082/2282 3931/1083/2283 3929/1081/2281
f 3930/1082/2282 3932/1084/2284 3931/1083/2283
f 3932/1084/2284 3933/1085/2285 3931/1083/2283
f 3933/1085/2285 3934/1086/2286 3931/1083/2283
f 3922/1077/2276 3923/1072/2275 3935/1073/2287
f 3936/1087/2287 3922/1077/2276 3935/1073/2287
f 3937/1088/2288 3934/1086/2286 3933/1085/2285
f 3937/1088/2288 3938/1089/2289 3934/1086/2286
f 3938/1089/2289 3939/1090/2290 3934/1086/2286
f 3939/1090/2290 3938/1089/2289 3940/1091/2291
f 3938/1089/2289 3941/1092/2292 3940/1091/2291
f 3941/1092/2292 3938/1089/2289 3942/1093/2293
f 3937/1088/2288 3942/1093/2293 3938/1089/2289
f 3941/1092/2292 3942/1093/2293 3943/1094/2294
f 3943/1094/2294 3944/1095/2295 3941/1092/2292
f 3943/1094/2294 3945/1096/2296 3944/1095/2295
f 3945/1096/2296 3946/1097/2297 3944/1095/2295
f 3949/1098/2298 3948/1101/2299 3947/1100/2300
f 3950/1099/2301 3949/1098/2298 3947/1100/2300
f 3949/1098/2298 3951/1102/2302 3948/1101/2299
f 3951/1102/2302 3952/1103/2303 3948/1101/2299
f 3952/1103/2303 3953/1104/2304 3948/1101/2299
f 3953/1104/2304 3954/1105/2305 3948/1101/2299
f 3953/1104/2304 3955/1106/2306 3954/1105/2305
f 3956/1107/2307 3953/1104/2304 3952/1103/2303
f 3957/1108/2308 3956/1107/2307 3952/1103/2303
f 3960/1109/2309 3959/1102/2310 3958/1098/2311
f 3961/1110/2311 3960/1109/2309 3958/1098/2311
f 3960/1109/2309 3962/1092/2312 3959/1102/2310
f 3962/1092/2312 3963/1095/2313 3959/1102/2310
f 3963/1095/2313 3964/1097/2314 3959/1102/2310
f 3964/1097/2314 3965/1111/2315 3959/1102/2310
f 3966/1103/2316 3959/1102/2310 3965/1111/2315
f 3967/1108/2317 3966/1103/2316 3965/1111/2315
f 3970/1113/2318 3969/1112/2319 3968/1073/1049
f 3969/1112/2319 3971/1114/2320 3968/1073/1049
f 3971/1114/2320 3972/1087/2321 3968/1073/1049
f 3973/1115/2322 3970/1113/2318 3968/1073/1049
f 3974/1074/2322 3973/1115/2322 3968/1073/1049
f 3977/1116/2323 3976/1094/2324 3975/1112/506
f 3978/1113/2325 3977/1116/2323 3975/1112/506
f 3979/1096/2326 3976/1094/2324 3977/1116/2323
f 3980/1114/2327 3975/1112/506 3976/1094/2324
f 3981/1093/2327 3980/1114/2327 3976/1094/2324
f 3984/1117/2328 3983/1120/2329 3982/1119/2330
f 3985/1118/2328 3984/1117/2328 3982/1119/2330
f 3982/1119/2330 3983/1120/2329 3986/1121/2331
f 3983/1120/2329 3987/1122/2332 3986/1121/2331
f 3990/1123/2333 3989/1126/2333 3988/1125/2334
f 3991/1124/2333 3990/1123/2333 3988/1125/2334
f 3994/1127/2335 3993/1128/2335 3992/1126/2335
f 3995/1123/2335 3994/1127/2335 3992/1126/2335
f 3998/1129/2336 3997/1128/2336 3996/1127/2336
f 4001/1127/2337 4000/1130/2337 3999/1129/2337
f 4004/1130/2337 4003/1131/2336 4002/1129/2337
f 4007/1131/2338 4006/1133/2338 4005/1132/2338
f 4008/1129/2339 4007/1131/2338 4005/1132/2338
f 4011/1134/2340 4010/1135/2341 4009/1132/2340
f 4012/1133/2340 4011/1134/2340 4009/1132/2340
f 4015/1136/2342 4014/1137/2343 4013/1135/2344
f 4016/1134/2344 4015/1136/2342 4013/1135/2344
f 4015/1136/2342 4017/1138/2345 4014/1137/2343
f 4017/1138/2345 4018/1139/2346 4014/1137/2343
f 4017/1138/2345 4019/1140/2347 4018/1139/2346
f 4019/1140/2347 4020/1141/2347 4018/1139/2346
f 4019/1140/2347 4021/1142/2348 4020/1141/2347
f 4021/1142/2348 4022/1143/2349 4020/1141/2347
f 4021/1142/2348 4023/1144/2350 4022/1143/2349
f 4023/1144/2350 4024/1145/2351 4022/1143/2349
f 4023/1144/2350 4025/1146/2352 4024/1145/2351
f 4025/1146/2352 4026/1147/2353 4024/1145/2351
f 4029/1148/2354 4028/1149/2354 4027/1147/2355
f 4030/1146/2355 4029/1148/2354 4027/1147/2355
f 4033/1148/2356 4032/1151/2356 4031/1150/2357
f 4034/1149/2357 4033/1148/2356 4031/1150/2357
f 4037/1152/2358 4036/1155/2359 4035/1154/2359
f 4038/1153/2359 4037/1152/2358 4035/1154/2359
f 4041/1121/2360 4040/1122/2360 4039/1155/2360
f 4042/1152/2360 4041/1121/2360 4039/1155/2360
f 4045/1118/2361 4044/1157/2361 4043/1156/2361
f 4046/1117/2361 4045/1118/2361 4043/1156/2361
f 4049/1156/2362 4048/1157/2362 4047/1150/2362
f 4050/1151/2362 4049/1156/2362 4047/1150/2362
f 4053/1077/2363 4052/1159/2363 4051/1158/2363
f 4054/1076/2363 4053/1077/2363 4051/1158/2363
f 4057/1076/2364 4056/1158/2365 4055/1160/2366
f 4058/1078/2367 4057/1076/2364 4055/1160/2366
f 4055/1160/2366 4059/1161/2368 4058/1078/2367
f 4059/1161/2368 4060/1080/2369 4058/1078/2367
f 4059/1161/2368 4061/1162/2370 4060/1080/2369
f 4061/1162/2370 4062/1082/2371 4060/1080/2369
f 4062/1082/2371 4061/1162/2370 4063/1163/2372
f 4063/1163/2372 4064/1085/2373 4062/1082/2371
f 4064/1085/2373 4065/1084/2374 4062/1082/2371
f 4063/1163/2372 4066/1164/2375 4064/1085/2373
f 4066/1164/2375 4067/1088/2375 4064/1085/2373
f 4070/1168/2376 4069/1169/2376 4068/1167/2377
f 4068/1167/2377 4071/1165/2378 4070/1168/2376
f 4068/1167/2377 4072/1166/2377 4071/1165/2378
f 4073/1170/2379 4069/1169/2376 4070/1168/2376
f 4070/1168/2376 4074/1171/2379 4073/1170/2379
f 4074/1171/2379 4075/1172/2380 4073/1170/2379
f 4078/1169/2381 4077/1174/2327 4076/1173/2327
f 4079/1167/2381 4078/1169/2381 4076/1173/2327
f 4082/1174/2382 4081/1169/2383 4080/1170/2383
f 4083/1175/2384 4082/1174/2382 4080/1170/2383
f 4086/1178/2385 4085/1177/2386 4084/1176/2387
f 4084/1176/2387 4087/1179/2387 4086/1178/2385
f 4087/1179/2387 4088/1180/2387 4086/1178/2385
f 4085/1177/2386 4086/1178/2385 4089/1181/2388
f 4090/1182/2389 4085/1177/2386 4089/1181/2388
f 4089/1181/2388 4091/1183/2390 4090/1182/2389
f 4094/1075/2391 4093/1071/2392 4092/1072/2392
f 4097/1182/2393 4096/1184/2393 4095/1185/2393
f 4100/1186/2394 4099/1181/2395 4098/1188/2396
f 4101/1187/2396 4100/1186/2394 4098/1188/2396
f 4099/1181/2395 4100/1186/2394 4102/1183/2397
f 4105/1176/2398 4104/1177/2399 4103/1190/2399
f 4106/1189/2398 4105/1176/2398 4103/1190/2399
f 4109/1179/2400 4108/1176/2401 4107/1189/2401
f 4110/1191/2400 4109/1179/2400 4107/1189/2401
f 4111/1180/2402 4109/1179/2400 4110/1191/2400
f 4112/1192/2403 4111/1180/2402 4110/1191/2400
f 4115/1178/2404 4114/1180/2405 4113/1192/2405
f 4116/1193/2404 4115/1178/2404 4113/1192/2405
f 4117/1194/2406 4115/1178/2404 4116/1193/2404
f 4118/1195/2406 4117/1194/2406 4116/1193/2404
f 4121/1177/2407 4120/1182/2408 4119/1185/2409
f 4122/1190/2407 4121/1177/2407 4119/1185/2409
f 4125/1197/2410 4124/1196/2411 4123/1198/2412
f 4125/1197/2410 4123/1198/2412 4126/1199/2413
f 4125/1197/2410 4126/1199/2413 4127/1200/2414
f 4127/1200/2414 4128/1201/2415 4125/1197/2410
f 4128/1201/2415 4127/1200/2414 4129/1202/2416
f 4128/1201/2415 4129/1202/2416 4130/1203/2417
f 4130/1203/2417 4131/1204/2418 4128/1201/2415
f 4132/1205/2419 4131/1204/2418 4130/1203/2417
f 4135/1183/2420 4134/1207/2421 4133/1206/2422
f 4136/1182/2422 4135/1183/2420 4133/1206/2422
f 4135/1183/2420 4137/1208/2423 4134/1207/2421
f 4140/1194/2424 4139/1209/2425 4138/1181/2426
f 4140/1194/2424 4138/1181/2426 4141/1178/2427
f 4144/1210/2428 4143/1213/2429 4142/1212/2430
f 4145/1211/2431 4144/1210/2428 4142/1212/2430
f 4148/1213/2432 4147/1215/2433 4146/1214/2433
f 4149/1212/2433 4148/1213/2432 4146/1214/2433
f 4152/1215/2434 4151/1217/2435 4150/1216/2434
f 4153/1214/2434 4152/1215/2434 4150/1216/2434
f 4156/1217/2436 4155/1219/2437 4154/1218/2438
f 4157/1216/2439 4156/1217/2436 4154/1218/2438
f 4160/1220/2440 4159/1218/2441 4158/1219/2441
f 4161/1221/2442 4160/1220/2440 4158/1219/2441
f 4162/1222/2443 4160/1220/2440 4161/1221/2442
f 4163/1223/2443 4162/1222/2443 4161/1221/2442
f 4166/1223/2444 4165/1225/2445 4164/1224/2445
f 4167/1222/2444 4166/1223/2444 4164/1224/2445
f 4170/1226/2446 4169/1229/2447 4168/1228/2447
f 4171/1227/2448 4170/1226/2446 4168/1228/2447
f 4174/1229/2449 4173/1231/2428 4172/1230/2431
f 4175/1228/2449 4174/1229/2449 4172/1230/2431
f 4178/1225/2450 4177/1233/2451 4176/1232/2452
f 4179/1224/2450 4178/1225/2450 4176/1232/2452
f 4176/1232/2452 4177/1233/2451 4180/1227/2453
f 4177/1233/2451 4181/1226/2454 4180/1227/2453
f 4184/1235/2455 4183/1234/2456 4182/1236/2457
f 4184/1235/2455 4185/1237/2458 4183/1234/2456
f 4183/1234/2456 4186/1238/2459 4182/1236/2457
f 4189/1240/2460 4188/1239/2461 4187/1241/2462
f 4188/1239/2461 4189/1240/2460 4190/1242/109
f 4190/1242/109 4189/1240/2460 4191/1243/2463
f 4194/1236/2464 4193/1244/2465 4192/1235/2466
f 4194/1236/2464 4195/1241/2467 4193/1244/2465
f 4195/1241/2467 4194/1236/2464 4196/1240/2468
f 4199/1245/2469 4198/1248/2469 4197/1247/2469
f 4200/1246/2469 4199/1245/2469 4197/1247/2469
f 4203/1249/2470 4202/1245/2470 4201/1246/2470
f 4204/1250/2470 4203/1249/2470 4201/1246/2470
f 4207/1251/2471 4206/1249/2471 4205/1250/2471
f 4208/1252/2472 4207/1251/2471 4205/1250/2471
f 4211/1253/2473 4210/1251/2474 4209/1252/2473
f 4212/1254/2473 4211/1253/2473 4209/1252/2473
f 4215/1255/2475 4214/1253/2475 4213/1254/2476
f 4216/1256/2476 4215/1255/2475 4213/1254/2476
f 4219/1257/2477 4218/1255/2477 4217/1256/2477
f 4220/1258/2477 4219/1257/2477 4217/1256/2477
f 4223/1259/2478 4222/1257/2478 4221/1258/2478
f 4224/1260/2479 4223/1259/2478 4221/1258/2478
f 4227/1261/2480 4226/1259/2480 4225/1260/2480
f 4228/1262/2480 4227/1261/2480 4225/1260/2480
f 4231/1263/2481 4230/1261/2482 4229/1262/2482
f 4232/1264/2483 4231/1263/2481 4229/1262/2482
f 4235/1248/2484 4234/1266/2484 4233/1265/2484
f 4236/1247/2484 4235/1248/2484 4233/1265/2484
f 4239/1268/252 4238/1267/252 4237/1269/252
f 4240/1270/252 4238/1267/252 4239/1268/252
f 4241/1271/252 4237/1269/252 4238/1267/252
f 4241/1271/252 4242/1272/252 4237/1269/252
f 4243/1273/252 4242/1272/252 4241/1271/252
f 4244/1274/252 4237/1269/252 4242/1272/252
f 4244/1274/252 4245/1275/252 4237/1269/252
f 4246/1276/252 4245/1275/252 4244/1274/252
f 4249/1271/1095 4248/1277/1095 4247/1267/1095
f 4249/1271/1095 4250/1278/1095 4248/1277/1095
f 4251/1279/1095 4248/1277/1095 4250/1278/1095
f 4248/1277/1095 4252/1275/1095 4247/1267/1095
f 4253/1280/1095 4252/1275/1095 4248/1277/1095
f 4254/1281/1095 4247/1267/1095 4252/1275/1095
f 4254/1281/1095 4255/1282/1095 4247/1267/1095
f 4256/1283/1095 4255/1282/1095 4254/1281/1095
f 4259/1284/2485 4258/1287/2485 4257/1286/2486
f 4260/1285/2487 4259/1284/2485 4257/1286/2486
f 4261/1288/2488 4260/1285/2487 4257/1286/2486
f 4261/1288/2488 4262/1289/2489 4260/1285/2487
f 4262/1289/2489 4263/1290/2489 4260/1285/2487
f 4264/1291/2490 4261/1288/2488 4257/1286/2486
f 4257/1286/2486 4265/1292/2491 4264/1291/2490
f 4265/1292/2491 4266/1293/2492 4264/1291/2490
f 4266/1293/2492 4267/1294/2492 4264/1291/2490
f 4270/1286/2493 4269/1296/2493 4268/1295/2493
f 4271/1292/2493 4270/1286/2493 4268/1295/2493
f 4274/1297/2494 4273/1296/2495 4272/1286/2496
f 4275/1287/2494 4274/1297/2494 4272/1286/2496
f 4278/1298/2497 4277/1297/2498 4276/1287/2498
f 4279/1284/2497 4278/1298/2497 4276/1287/2498
f 4282/1299/2499 4281/1298/2500 4280/1284/2500
f 4283/1285/2500 4282/1299/2499 4280/1284/2500
f 4286/1300/2501 4285/1301/2501 4284/1294/2501
f 4287/1293/2501 4286/1300/2501 4284/1294/2501
f 4290/1295/2502 4289/1300/2502 4288/1293/2503
f 4291/1292/2504 4290/1295/2502 4288/1293/2503
f 4294/1291/2505 4293/1302/2506 4292/1288/2507
f 4293/1302/2506 4294/1291/2505 4295/1294/2508
f 4295/1294/2508 4296/1301/2509 4293/1302/2506
f 4296/1301/2509 4297/1303/2509 4293/1302/2506
f 4300/1304/2510 4299/1299/2510 4298/1285/2510
f 4301/1290/2511 4300/1304/2510 4298/1285/2510
f 4304/1305/2512 4303/1289/2512 4302/1288/2512
f 4302/1288/2512 4305/1302/2512 4304/1305/2512
f 4305/1302/2512 4306/1303/2512 4304/1305/2512
f 4309/1306/2513 4308/1309/2513 4307/1308/2514
f 4310/1307/2515 4309/1306/2513 4307/1308/2514
f 4310/1307/2515 4307/1308/2514 4311/1310/2516
f 4307/1308/2514 4312/1311/2517 4311/1310/2516
f 4312/1311/2517 4313/1312/2518 4311/1310/2516
f 4314/1313/2519 4310/1307/2515 4311/1310/2516
f 4314/1313/2519 4315/1314/2520 4310/1307/2515
f 4315/1314/2520 4316/1315/2520 4310/1307/2515
f 4319/1316/2521 4318/1319/2521 4317/1318/2522
f 4320/1317/2523 4319/1316/2521 4317/1318/2522
f 4320/1317/2523 4317/1318/2522 4321/1320/2524
f 4322/1321/2525 4320/1317/2523 4321/1320/2524
f 4323/1322/2526 4320/1317/2523 4322/1321/2525
f 4324/1323/2526 4323/1322/2526 4322/1321/2525
f 4325/1324/2527 4322/1321/2525 4321/1320/2524
f 4326/1325/2528 4325/1324/2527 4321/1320/2524
f 4329/1326/2529 4328/1327/2530 4327/1320/2531
f 4330/1318/2529 4329/1326/2529 4327/1320/2531
f 4333/1328/2532 4332/1325/2533 4331/1320/2534
f 4334/1327/2534 4333/1328/2532 4331/1320/2534
f 4337/1329/2535 4336/1324/2535 4335/1325/2535
f 4338/1328/2535 4337/1329/2535 4335/1325/2535
f 4341/1330/2536 4340/1321/2536 4339/1324/2536
f 4342/1329/2536 4341/1330/2536 4339/1324/2536
f 4345/1331/2537 4344/1319/2538 4343/1316/2537
f 4346/1332/2538 4345/1331/2537 4343/1316/2537
f 4349/1326/2539 4348/1318/2539 4347/1319/2539
f 4350/1331/2539 4349/1326/2539 4347/1319/2539
f 4353/1332/2540 4352/1316/2540 4351/1317/2540
f 4354/1333/2540 4353/1332/2540 4351/1317/2540
f 4357/1334/2541 4356/1323/2541 4355/1321/2542
f 4358/1330/2543 4357/1334/2541 4355/1321/2542
f 4361/1333/2544 4360/1317/2545 4359/1322/2545
f 4362/1335/2544 4361/1333/2544 4359/1322/2545
f 4365/1336/2546 4364/1339/2547 4363/1338/2548
f 4366/1337/2546 4365/1336/2546 4363/1338/2548
f 4367/1340/2549 4363/1338/2548 4364/1339/2547
f 4367/1340/2549 4368/1341/2550 4363/1338/2548
f 4368/1341/2550 4369/1342/2551 4363/1338/2548
f 4370/1343/2552 4367/1340/2549 4364/1339/2547
f 4371/1344/2553 4370/1343/2552 4364/1339/2547
f 4372/1345/2554 4371/1344/2553 4364/1339/2547
f 4375/1346/2555 4374/1347/2556 4373/1348/2557
f 4373/1348/2557 4376/1349/2558 4375/1346/2555
f 4373/1348/2557 4377/1350/2559 4376/1349/2558
f 4378/1351/2560 4375/1346/2555 4376/1349/2558
f 4376/1349/2558 4379/1352/2561 4378/1351/2560
f 4376/1349/2558 4380/1353/2562 4379/1352/2561
f 4381/1354/2563 4377/1350/2559 4373/1348/2557
f 4373/1348/2557 4382/1355/2564 4381/1354/2563
f 4381/1354/2563 4382/1355/2564 4383/1356/2565
f 4384/1357/2566 4381/1354/2563 4383/1356/2565
f 4381/1354/2563 4384/1357/2566 4385/1358/2567
f 4386/1359/2568 4381/1354/2563 4385/1358/2567
f 4386/1359/2568 4385/1358/2567 4387/1360/2569
f 4388/1361/2570 4386/1359/2568 4387/1360/2569
f 4388/1361/2570 4387/1360/2569 4389/1362/1323
f 4389/1362/1323 4390/1363/2571 4388/1361/2570
f 4388/1361/2570 4390/1363/2571 4391/1364/2572
f 4392/1365/2573 4388/1361/2570 4391/1364/2572
f 4391/1364/2572 4393/1366/1095 4392/1365/2573
f 4393/1366/1095 4394/1367/2574 4392/1365/2573
f 4394/1367/2574 4393/1366/1095 4395/1368/2575
f 4393/1366/1095 4396/1369/2576 4395/1368/2575
f 4395/1368/2575 4396/1369/2576 4397/1370/2577
f 4394/1367/2574 4398/1371/2578 4392/1365/2573
f 4398/1371/2578 4394/1367/2574 4395/1368/2575
f 4398/1371/2578 4399/1372/2579 4392/1365/2573
f 4399/1372/2579 4386/1359/2568 4388/1361/2570
f 4392/1365/2573 4399/1372/2579 4388/1361/2570
f 4398/1371/2578 4400/1373/2580 4399/1372/2579
f 4400/1373/2580 4401/1374/2581 4399/1372/2579
f 4400/1373/2580 4398/1371/2578 4402/1375/2582
f 4402/1375/2582 4398/1371/2578 4395/1368/2575
f 4402/1375/2582 4395/1368/2575 4403/1376/2583
f 4403/1376/2583 4395/1368/2575 4397/1370/2577
f 4402/1375/2582 4403/1376/2583 4404/1377/2584
f 4404/1377/2584 4400/1373/2580 4402/1375/2582
f 4400/1373/2580 4404/1377/2584 4376/1349/2558
f 4400/1373/2580 4376/1349/2558 4401/1374/2581
f 4404/1377/2584 4380/1353/2562 4376/1349/2558
f 4404/1377/2584 4405/1378/2585 4380/1353/2562
f 4403/1376/2583 4405/1378/2585 4404/1377/2584
f 4399/1372/2579 4401/1374/2581 4381/1354/2563
f 4381/1354/2563 4401/1374/2581 4377/1350/2559
f 4376/1349/2558 4377/1350/2559 4401/1374/2581
f 4386/1359/2568 4399/1372/2579 4381/1354/2563
f 4403/1376/2583 4406/1379/2586 4405/1378/2585
f 4406/1379/2586 4403/1376/2583 4397/1370/2577
f 4406/1379/2586 4407/1380/2587 4405/1378/2585
f 4405/1378/2585 4407/1380/2587 4408/1381/2588
f 4405/1378/2585 4408/1381/2588 4380/1353/2562
f 4407/1380/2587 4409/1382/2589 4408/1381/2588
f 4407/1380/2587 4410/1383/2590 4409/1382/2589
f 4411/1384/2591 4410/1383/2590 4407/1380/2587
f 4406/1379/2586 4411/1384/2591 4407/1380/2587
f 4408/1381/2588 4379/1352/2561 4380/1353/2562
f 4414/1385/2592 4413/1386/2592 4412/1351/2593
f 4415/1352/2594 4414/1385/2592 4412/1351/2593
f 4418/1387/2595 4417/1347/2596 4416/1346/2597
f 4419/1388/2597 4418/1387/2595 4416/1346/2597
f 4420/1386/2598 4419/1388/2597 4416/1346/2597
f 4421/1351/2598 4420/1386/2598 4416/1346/2597
f 4424/1385/2599 4423/1352/2599 4422/1381/2600
f 4425/1389/2600 4424/1385/2599 4422/1381/2600
f 4425/1389/2600 4422/1381/2600 4426/1382/2601
f 4427/1390/2601 4425/1389/2600 4426/1382/2601
f 4430/1390/2602 4429/1382/2602 4428/1383/2603
f 4431/1391/2602 4430/1390/2602 4428/1383/2603
f 4434/1391/2604 4433/1383/2604 4432/1384/2604
f 4435/1392/2604 4434/1391/2604 4432/1384/2604
f 4438/1392/2605 4437/1384/2605 4436/1379/2605
f 4439/1393/2605 4438/1392/2605 4436/1379/2605
f 4442/1394/2606 4441/1370/2606 4440/1395/2606
f 4443/1396/2606 4442/1394/2606 4440/1395/2606
f 4446/1369/2607 4445/1397/2608 4444/1396/2609
f 4447/1395/2610 4446/1369/2607 4444/1396/2609
f 4445/1397/2608 4446/1369/2607 4448/1366/2611
f 4449/1398/2611 4445/1397/2608 4448/1366/2611
f 4449/1398/2611 4448/1366/2611 4450/1364/2612
f 4451/1399/2612 4449/1398/2611 4450/1364/2612
f 4454/1399/2613 4453/1364/2613 4452/1363/2613
f 4455/1400/2614 4454/1399/2613 4452/1363/2613
f 4458/1400/2615 4457/1363/2616 4456/1362/2616
f 4459/1401/2616 4458/1400/2615 4456/1362/2616
f 4462/1401/2617 4461/1362/2617 4460/1360/2617
f 4463/1402/2617 4462/1401/2617 4460/1360/2617
f 4466/1402/2618 4465/1360/2618 4464/1358/2619
f 4467/1403/2620 4466/1402/2618 4464/1358/2619
f 4467/1403/2620 4464/1358/2619 4468/1357/2621
f 4469/1404/2622 4467/1403/2620 4468/1357/2621
f 4469/1404/2622 4468/1357/2621 4470/1405/2623
f 4468/1357/2621 4471/1356/2623 4470/1405/2623
f 4474/1348/2624 4473/1406/2624 4472/1407/2625
f 4475/1355/2626 4474/1348/2624 4472/1407/2625
f 4475/1355/2626 4472/1407/2625 4476/1405/2627
f 4477/1356/2627 4475/1355/2626 4476/1405/2627
f 4480/1393/2628 4479/1379/2628 4478/1370/2628
f 4481/1394/2628 4480/1393/2628 4478/1370/2628
f 4396/1369/2576 4482/1395/2629 4397/1370/2577
f 4485/1348/2630 4484/1347/2631 4483/1387/2630
f 4486/1406/2632 4485/1348/2630 4483/1387/2630
f 4489/1408/2633 4488/1409/2633 4487/1410/2633
f 4490/1411/2633 4489/1408/2633 4487/1410/2633
f 4493/1412/2634 4492/1413/2635 4491/1414/2636
f 4494/1415/2637 4493/1412/2634 4491/1414/2636
f 4491/1414/2636 4492/1413/2635 4495/1416/2638
f 4496/1417/2638 4491/1414/2636 4495/1416/2638
f 4499/1418/2639 4498/1419/2639 4497/1420/2640
f 4497/1420/2640 4500/1421/2641 4499/1418/2639
f 4500/1421/2641 4501/1422/2639 4499/1418/2639
f 4500/1421/2641 4502/1413/2642 4501/1422/2639
f 4500/1421/2641 4503/1416/2640 4502/1413/2642
f 4506/1423/2643 4505/1421/2644 4504/1420/2645
f 4507/1424/2646 4506/1423/2643 4504/1420/2645
f 4506/1423/2643 4507/1424/2646 4508/1425/2647
f 4508/1425/2647 4509/1426/2648 4506/1423/2643
f 4507/1424/2646 4510/1409/2647 4508/1425/2647
f 4507/1424/2646 4511/1410/2647 4510/1409/2647
f 4514/1427/2649 4513/1428/2649 4512/1429/2649
f 4512/1429/2649 4515/1416/2649 4514/1427/2649
f 4512/1429/2649 4516/1417/2649 4515/1416/2649
f 4519/1430/2650 4518/1431/2650 4517/1432/2650
f 4520/1433/2650 4519/1430/2650 4517/1432/2650
f 4523/1434/2651 4522/1435/2652 4521/1430/2653
f 4524/1436/2651 4523/1434/2651 4521/1430/2653
f 4527/1437/2654 4526/1438/2654 4525/1439/2654
f 4528/1440/2654 4527/1437/2654 4525/1439/2654
f 4531/1441/2655 4530/1442/2655 4529/1440/2655
f 4532/1433/2655 4531/1441/2655 4529/1440/2655
f 4535/1439/2656 4534/1438/2656 4533/1443/2657
f 4536/1436/2656 4535/1439/2656 4533/1443/2657
f 4539/1440/2658 4538/1439/2659 4537/1436/2658
f 4537/1436/2658 4540/1433/2658 4539/1440/2658
f 4537/1436/2658 4541/1430/2658 4540/1433/2658
f 4544/1434/2660 4543/1438/2661 4542/1437/2661
f 4542/1437/2661 4545/1441/2662 4544/1434/2660
f 4545/1441/2662 4546/1431/2661 4544/1434/2660
f 4549/1444/2663 4548/1445/2663 4547/1446/2663
f 4550/1447/2663 4549/1444/2663 4547/1446/2663
f 4553/1448/2664 4552/1449/2664 4551/1450/2664
f 4554/1451/2665 4553/1448/2664 4551/1450/2664
f 4557/1452/2666 4556/1453/2666 4555/1454/2667
f 4558/1455/2668 4557/1452/2666 4555/1454/2667
f 4558/1455/2668 4555/1454/2667 4559/1456/2669
f 4560/1457/2670 4558/1455/2668 4559/1456/2669
f 4563/1458/2671 4562/1444/2672 4561/1447/2672
f 4564/1459/2673 4563/1458/2671 4561/1447/2672
f 4564/1459/2673 4565/1460/2674 4563/1458/2671
f 4565/1460/2674 4566/1450/2674 4563/1458/2671
f 4567/1451/2590 4566/1450/2674 4565/1460/2674
f 4568/1461/2590 4567/1451/2590 4565/1460/2674
f 4571/1462/2675 4570/1457/2675 4569/1456/2675
f 4572/1463/2675 4571/1462/2675 4569/1456/2675
f 4575/1446/2676 4574/1464/2677 4573/1465/2678
f 4576/1447/1093 4575/1446/2676 4573/1465/2678
f 4577/1459/2679 4576/1447/1093 4573/1465/2678
f 4578/1460/2680 4577/1459/2679 4573/1465/2678
f 4579/1466/2680 4578/1460/2680 4573/1465/2678
f 4575/1446/2676 4580/1467/2681 4574/1464/2677
f 4580/1467/2681 4581/1468/2681 4574/1464/2677
f 4584/1457/2682 4583/1462/2683 4582/1445/2684
f 4585/1444/2685 4584/1457/2682 4582/1445/2684
f 4586/1458/2686 4584/1457/2682 4585/1444/2685
f 4587/1449/2687 4584/1457/2682 4586/1458/2686
f 4588/1450/2688 4587/1449/2687 4586/1458/2686
f 4589/1469/2689 4582/1445/2684 4583/1462/2683
f 4590/1470/2689 4589/1469/2689 4583/1462/2683
f 4593/1461/2690 4592/1460/2691 4591/1466/2691
f 4594/1471/2691 4593/1461/2690 4591/1466/2691
f 4597/1472/402 4596/1473/402 4595/1474/402
f 4598/1475/402 4597/1472/402 4595/1474/402
f 4601/1467/2692 4600/1446/2692 4599/1445/2692
f 4602/1469/2692 4601/1467/2692 4599/1445/2692
f 4605/1470/2693 4604/1462/2693 4603/1463/2693
f 4606/1476/2693 4605/1470/2693 4603/1463/2693
f 4609/1477/2694 4608/1478/2694 4607/1479/2695
f 4610/1480/2696 4609/1477/2694 4607/1479/2695
f 4613/1481/2697 4612/1467/2697 4611/1469/2697
f 4614/1482/2697 4613/1481/2697 4611/1469/2697
f 4617/1482/2698 4616/1469/2698 4615/1470/2699
f 4618/1483/2699 4617/1482/2698 4615/1470/2699
f 4621/1483/2700 4620/1470/2700 4619/1476/2701
f 4622/1484/2701 4621/1483/2700 4619/1476/2701
f 4625/1485/2702 4624/1468/2702 4623/1467/2702
f 4626/1481/2702 4625/1485/2702 4623/1467/2702
f 4629/1486/2703 4628/1487/2704 4627/1488/2703
f 4629/1486/2703 4627/1488/2703 4630/1489/2705
f 4631/1490/2705 4629/1486/2703 4630/1489/2705
f 4634/1491/2706 4633/1490/2707 4632/1489/2707
f 4635/1492/2706 4634/1491/2706 4632/1489/2707
f 4638/1493/2708 4637/1494/2709 4636/1491/2708
f 4639/1492/2709 4638/1493/2708 4636/1491/2708
f 4642/1495/2710 4641/1496/2711 4640/1497/2712
f 4640/1497/2712 4641/1496/2711 4643/1498/2713
f 4641/1496/2711 4644/1499/2714 4643/1498/2713
f 4647/1494/2715 4646/1493/2715 4645/1500/2715
f 4645/1500/2715 4648/1501/2716 4647/1494/2715
f 4645/1500/2715 4649/1502/2717 4648/1501/2716
f 4649/1502/2717 4650/1503/2718 4648/1501/2716
f 4650/1503/2718 4651/1504/2719 4648/1501/2716
f 4650/1503/2718 4652/1505/2720 4651/1504/2719
f 4652/1505/2720 4653/1506/2721 4651/1504/2719
f 4653/1506/2721 4652/1505/2720 4654/1507/2722
f 4654/1507/2722 4655/1508/2722 4653/1506/2721
f 4655/1508/2722 4656/1509/2722 4653/1506/2721
f 4659/1499/2723 4658/1509/2723 4657/1508/2724
f 4660/1498/2723 4659/1499/2723 4657/1508/2724
f 4663/1510/2725 4662/1488/2725 4661/1487/2725
f 4664/1511/2725 4663/1510/2725 4661/1487/2725
f 4667/1511/2726 4666/1487/2726 4665/1486/2726
f 4668/1512/2727 4667/1511/2726 4665/1486/2726
f 4671/1513/2728 4670/1489/2729 4669/1488/2730
f 4672/1514/2730 4671/1513/2728 4669/1488/2730
f 4671/1513/2728 4673/1515/2731 4670/1489/2729
f 4673/1515/2731 4674/1492/2732 4670/1489/2729
f 4673/1515/2731 4675/1516/2733 4674/1492/2732
f 4675/1516/2733 4676/1493/2734 4674/1492/2732
f 4675/1516/2733 4677/1517/2735 4676/1493/2734
f 4677/1517/2735 4678/1500/2736 4676/1493/2734
f 4681/1518/2737 4680/1486/2738 4679/1490/2739
f 4682/1519/2740 4681/1518/2737 4679/1490/2739
f 4682/1519/2740 4679/1490/2739 4683/1491/2741
f 4684/1520/2741 4682/1519/2740 4683/1491/2741
f 4684/1520/2741 4683/1491/2741 4685/1494/2742
f 4686/1521/2743 4684/1520/2741 4685/1494/2742
f 4686/1521/2743 4685/1494/2742 4687/1501/2744
f 4688/1522/2745 4686/1521/2743 4687/1501/2744
f 4688/1522/2745 4687/1501/2744 4689/1504/2746
f 4690/1523/2747 4688/1522/2745 4689/1504/2746
f 4690/1523/2747 4689/1504/2746 4691/1506/2748
f 4692/1524/2749 4690/1523/2747 4691/1506/2748
f 4692/1524/2749 4691/1506/2748 4693/1509/2750
f 4694/1525/2751 4692/1524/2749 4693/1509/2750
f 4694/1525/2751 4693/1509/2750 4695/1499/2752
f 4696/1526/2753 4694/1525/2751 4695/1499/2752
f 4696/1526/2753 4695/1499/2752 4697/1496/2754
f 4698/1527/2755 4696/1526/2753 4697/1496/2754
f 4701/1528/2756 4700/1502/2756 4699/1500/2757
f 4702/1517/2757 4701/1528/2756 4699/1500/2757
f 4705/1529/2758 4704/1503/2758 4703/1502/2758
f 4706/1528/2758 4705/1529/2758 4703/1502/2758
f 4709/1530/2759 4708/1505/2760 4707/1503/2759
f 4710/1529/2759 4709/1530/2759 4707/1503/2759
f 4713/1531/2761 4712/1508/2762 4711/1507/2763
f 4714/1532/2763 4713/1531/2761 4711/1507/2763
f 4713/1531/2761 4715/1533/2764 4712/1508/2762
f 4715/1533/2764 4716/1498/2765 4712/1508/2762
f 4715/1533/2764 4717/1534/2766 4716/1498/2765
f 4717/1534/2766 4718/1497/2766 4716/1498/2765
f 4721/1532/2767 4720/1507/2767 4719/1505/2767
f 4722/1530/2767 4721/1532/2767 4719/1505/2767
f 4725/1535/2768 4724/1495/2768 4723/1497/2768
f 4726/1536/2768 4725/1535/2768 4723/1497/2768
f 4729/1537/2769 4728/1496/2769 4727/1495/2769
f 4730/1535/2769 4729/1537/2769 4727/1495/2769
f 4733/1538/2770 4732/1539/2770 4731/1540/2771
f 4734/1541/2772 4732/1539/2770 4733/1538/2770
f 4735/1542/2772 4734/1541/2772 4733/1538/2770
f 4738/1543/2773 4737/1544/2774 4736/1545/2774
f 4739/1546/2775 4738/1543/2773 4736/1545/2774
f 4742/1547/2776 4741/1548/2776 4740/1549/2776
f 4743/1550/2776 4742/1547/2776 4740/1549/2776
f 4746/1551/2777 4745/1552/2778 4744/1553/2779
f 4747/1554/2780 4746/1551/2777 4744/1553/2779
f 4744/1553/2779 4745/1552/2778 4748/1555/2781
f 4745/1552/2778 4749/1556/2782 4748/1555/2781
f 4750/1544/2783 4746/1551/2777 4747/1554/2780
f 4751/1557/2784 4746/1551/2777 4750/1544/2783
f 4752/1545/2783 4750/1544/2783 4747/1554/2780
f 4748/1555/2781 4749/1556/2782 4753/1550/2785
f 4749/1556/2782 4754/1547/2786 4753/1550/2785
f 4755/1558/2787 4754/1547/2786 4749/1556/2782
f 4758/1548/2788 4757/1541/2789 4756/1542/2788
f 4759/1549/2788 4758/1548/2788 4756/1542/2788
f 4762/1546/2790 4761/1559/2791 4760/1560/2792
f 4760/1560/2792 4763/1543/2792 4762/1546/2790
f 4760/1560/2792 4764/1561/2793 4763/1543/2792
f 4767/1562/2211 4766/1563/2211 4765/1564/2211
f 4768/1565/2211 4767/1562/2211 4765/1564/2211
f 4771/1566/2794 4770/1567/2795 4769/1563/2794
f 4772/1562/2794 4771/1566/2794 4769/1563/2794
f 4775/1568/2796 4774/1569/2797 4773/1567/2796
f 4776/1566/2796 4775/1568/2796 4773/1567/2796
f 4779/1570/2798 4778/1571/2798 4777/1569/2798
f 4780/1568/2799 4779/1570/2798 4777/1569/2798
f 4783/1572/2800 4782/1573/2801 4781/1571/2802
f 4784/1570/2800 4783/1572/2800 4781/1571/2802
f 4787/1565/2803 4786/1564/2803 4785/1574/2804
f 4788/1575/2804 4787/1565/2803 4785/1574/2804
f 4791/1576/2805 4790/1577/2805 4789/1578/2805
f 4791/1576/2805 4792/1579/2806 4790/1577/2805
f 4791/1576/2805 4793/1580/2805 4792/1579/2806
f 4791/1576/2805 4794/1581/2805 4793/1580/2805
f 4791/1576/2805 4795/1582/2805 4794/1581/2805
f 4791/1576/2805 4789/1578/2805 4795/1582/2805
f 4798/1583/2807 4797/1584/2807 4796/1585/2807
f 4799/1586/2807 4798/1583/2807 4796/1585/2807
f 4802/1587/2808 4801/1588/2808 4800/1584/2808
f 4803/1583/2808 4802/1587/2808 4800/1584/2808
f 4806/1589/2809 4805/1590/2809 4804/1588/2809
f 4807/1587/2809 4806/1589/2809 4804/1588/2809
f 4810/1591/2810 4809/1592/2810 4808/1590/2810
f 4811/1589/2810 4810/1591/2810 4808/1590/2810
f 4814/1593/2811 4813/1594/2811 4812/1592/2811
f 4815/1591/2811 4814/1593/2811 4812/1592/2811
f 4818/1586/2812 4817/1585/2812 4816/1595/2812
f 4819/1596/2812 4818/1586/2812 4816/1595/2812
f 4822/1576/2813 4821/1577/2813 4820/1578/2813
f 4822/1576/2813 4820/1578/2813 4823/1582/2813
f 4822/1576/2813 4823/1582/2813 4824/1581/2813
f 4822/1576/2813 4824/1581/2813 4825/1580/2813
f 4822/1576/2813 4825/1580/2813 4826/1579/2813
f 4822/1576/2813 4826/1579/2813 4821/1577/2813
f 4829/1576/2814 4828/1577/2814 4827/1578/2814
f 4829/1576/2814 4830/1579/2814 4828/1577/2814
f 4829/1576/2814 4831/1580/2814 4830/1579/2814
f 4829/1576/2814 4832/1581/2814 4831/1580/2814
f 4829/1576/2814 4833/1582/2814 4832/1581/2814
f 4829/1576/2814 4827/1578/2814 4833/1582/2814
f 4836/1597/2815 4835/1598/2815 4834/1599/2815
f 4837/1600/2815 4836/1597/2815 4834/1599/2815
f 4840/1598/2816 4839/1601/2816 4838/1602/2816
f 4841/1599/2817 4840/1598/2816 4838/1602/2816
f 4844/1603/2818 4843/1602/2818 4842/1601/2818
f 4845/1604/2818 4844/1603/2818 4842/1601/2818
f 4848/1605/2819 4847/1606/2820 4846/1607/2821
f 4849/1608/2819 4848/1605/2819 4846/1607/2821
f 4847/1606/2820 4850/1597/2822 4846/1607/2821
f 4850/1597/2822 4851/1600/2822 4846/1607/2821
f 4854/1605/2823 4853/1608/2824 4852/1609/2823
f 4855/1610/2823 4854/1605/2823 4852/1609/2823
f 4858/1611/2825 4857/1612/2825 4856/1610/2825
f 4859/1609/2825 4858/1611/2825 4856/1610/2825
f 4862/1613/2826 4861/1614/2827 4860/1612/2828
f 4863/1611/2828 4862/1613/2826 4860/1612/2828
f 4861/1614/2827 4862/1613/2826 4864/1615/2829
f 4865/1616/2829 4861/1614/2827 4864/1615/2829
f 4865/1616/2829 4864/1615/2829 4866/1617/2830
f 4867/1618/2830 4865/1616/2829 4866/1617/2830
f 4870/1617/2831 4869/1619/2832 4868/1620/2833
f 4871/1618/2831 4870/1617/2831 4868/1620/2833
f 4872/1621/2834 4868/1620/2833 4869/1619/2832
f 4873/1622/2835 4872/1621/2834 4869/1619/2832
f 4876/1622/2836 4875/1603/2836 4874/1604/2836
f 4877/1621/2837 4876/1622/2836 4874/1604/2836
f 4880/1612/2838 4879/1614/2839 4878/1605/2840
f 4881/1610/2838 4880/1612/2838 4878/1605/2840
f 4878/1605/2840 4879/1614/2839 4882/1623/2841
f 4882/1623/2841 4879/1614/2839 4883/1624/2842
f 4884/1625/2843 4882/1623/2841 4883/1624/2842
f 4878/1605/2840 4882/1623/2841 4884/1625/2843
f 4885/1626/2844 4884/1625/2843 4883/1624/2842
f 4885/1626/2844 4883/1624/2842 4886/1621/2845
f 4883/1624/2842 4887/1620/2846 4886/1621/2845
f 4883/1624/2842 4888/1616/2847 4887/1620/2846
f 4879/1614/2839 4888/1616/2847 4883/1624/2842
f 4887/1620/2846 4888/1616/2847 4889/1618/2848
f 4890/1606/2849 4878/1605/2840 4884/1625/2843
f 4893/1597/2850 4892/1606/2850 4891/1625/2851
f 4894/1598/2851 4893/1597/2850 4891/1625/2851
f 4894/1598/2851 4891/1625/2851 4895/1626/1498
f 4896/1601/2852 4894/1598/2851 4895/1626/1498
f 4897/1604/2853 4896/1601/2852 4895/1626/1498
f 4898/1621/2854 4897/1604/2853 4895/1626/1498
f 4901/1627/2855 4900/1628/2856 4899/1629/2857
f 4902/1630/2855 4901/1627/2855 4899/1629/2857
f 4903/1631/2858 4899/1629/2857 4900/1628/2856
f 4904/1632/2858 4903/1631/2858 4900/1628/2856
f 4907/1633/2859 4906/1634/2860 4905/1635/2861
f 4905/1635/2861 4906/1634/2860 4908/1636/2862
f 4906/1634/2860 4909/1637/2863 4908/1636/2862
f 4909/1637/2863 4910/1632/2864 4908/1636/2862
f 4910/1632/2864 4911/1628/2864 4908/1636/2862
f 4914/1638/2865 4913/1633/2865 4912/1635/2866
f 4915/1639/2867 4914/1638/2865 4912/1635/2866
f 4918/1640/2868 4917/1641/2869 4916/1642/2870
f 4919/1643/2868 4918/1640/2868 4916/1642/2870
f 4916/1642/2870 4917/1641/2869 4920/1469/2871
f 4917/1641/2869 4921/1644/2872 4920/1469/2871
f 4920/1469/2871 4921/1644/2872 4922/1645/2873
f 4921/1644/2872 4923/1646/312 4922/1645/2873
f 4926/1647/2874 4925/1648/2875 4924/1641/2876
f 4927/1640/2874 4926/1647/2874 4924/1641/2876
f 4924/1641/2876 4925/1648/2875 4928/1644/2875
f 4925/1648/2875 4929/1649/2877 4928/1644/2875
f 4932/1650/2878 4931/1651/2879 4930/1652/2880
f 4933/1653/2878 4932/1650/2878 4930/1652/2880
f 4930/1652/2880 4931/1651/2879 4934/1654/2881
f 4931/1651/2879 4935/1655/2881 4934/1654/2881
f 4938/1643/2882 4937/1642/1698 4936/1651/1698
f 4939/1650/2883 4938/1643/2882 4936/1651/1698
f 4940/1656/2884 4938/1643/2882 4939/1650/2883
f 4943/1656/2885 4942/1640/2885 4941/1643/2885
f 4946/1656/2886 4945/1647/2886 4944/1640/2886
f 4949/1656/2887 4948/1650/2887 4947/1653/2887
f 4952/1642/2888 4951/1469/2888 4950/1655/2889
f 4953/1651/2889 4952/1642/2888 4950/1655/2889
f 4956/1583/2890 4955/1584/2890 4954/1585/2890
f 4957/1586/2890 4956/1583/2890 4954/1585/2890
f 4960/1587/2891 4959/1588/2892 4958/1584/2891
f 4961/1583/2891 4960/1587/2891 4958/1584/2891
f 4964/1589/2893 4963/1590/2893 4962/1588/2893
f 4965/1587/2893 4964/1589/2893 4962/1588/2893
f 4968/1591/2894 4967/1592/2894 4966/1590/2894
f 4969/1589/2894 4968/1591/2894 4966/1590/2894
f 4972/1593/2895 4971/1594/2895 4970/1592/2895
f 4973/1591/2895 4972/1593/2895 4970/1592/2895
f 4976/1586/2896 4975/1585/2896 4974/1595/2896
f 4977/1596/2896 4976/1586/2896 4974/1595/2896
f 4980/1576/2897 4979/1580/2898 4978/1579/2897
f 4980/1576/2897 4978/1579/2897 4981/1577/2897
f 4980/1576/2897 4981/1577/2897 4982/1578/2897
f 4980/1576/2897 4982/1578/2897 4983/1582/2898
f 4980/1576/2897 4983/1582/2898 4984/1581/2899
f 4980/1576/2897 4984/1581/2899 4979/1580/2898
f 4987/1576/2900 4986/1577/2901 4985/1578/2901
f 4987/1576/2900 4988/1579/2902 4986/1577/2901
f 4987/1576/2900 4989/1580/2901 4988/1579/2902
f 4987/1576/2900 4990/1581/2901 4989/1580/2901
f 4987/1576/2900 4991/1582/2903 4990/1581/2901
f 4987/1576/2900 4985/1578/2901 4991/1582/2903
f 4994/1657/2904 4993/1658/2905 4992/1659/2906
f 4992/1659/2906 4995/1660/2906 4994/1657/2904
f 4992/1659/2906 4996/1661/2907 4995/1660/2906
f 4994/1657/2904 4997/1662/2908 4993/1658/2905
f 4997/1662/2908 4998/1663/2908 4993/1658/2905
f 5001/1664/2909 5000/1665/2910 4999/1666/2911
f 4999/1666/2911 5000/1665/2910 5002/1667/2912
f 4999/1666/2911 5002/1667/2912 5003/1668/2913
f 5003/1668/2913 5004/1669/2913 4999/1666/2911
f 5004/1669/2913 5003/1668/2913 5005/1670/2914
f 5003/1668/2913 5006/1671/2914 5005/1670/2914
f 5009/1672/173 5008/1668/2915 5007/1667/2916
f 5007/1667/2916 5010/1665/2916 5009/1672/173
f 5010/1665/2916 5011/1673/2916 5009/1672/173
f 5012/1671/2917 5008/1668/2915 5009/1672/173
f 5013/1674/2917 5012/1671/2917 5009/1672/173
f 5016/1675/2918 5015/1676/2919 5014/1677/2919
f 5017/1678/2918 5016/1675/2918 5014/1677/2919
f 5018/1679/2920 5016/1675/2918 5017/1678/2918
f 5019/1680/2920 5018/1679/2920 5017/1678/2918
f 5022/1678/2921 5021/1677/2922 5020/1681/2922
f 5023/1682/2923 5022/1678/2921 5020/1681/2922
f 5024/1680/2924 5022/1678/2921 5023/1682/2923
f 5025/1683/2924 5024/1680/2924 5023/1682/2923
f 5028/1684/2925 5027/1685/2926 5026/1686/2927
f 5029/1687/2928 5028/1684/2925 5026/1686/2927
f 5030/1688/2929 5027/1685/2926 5028/1684/2925
f 5031/1689/2929 5030/1688/2929 5028/1684/2925
f 5034/1690/2930 5033/1691/2931 5032/1666/2932
f 5035/1687/2933 5034/1690/2930 5032/1666/2932
f 5035/1687/2933 5032/1666/2932 5036/1669/2934
f 5036/1669/2934 5037/1684/2935 5035/1687/2933
f 5037/1684/2935 5036/1669/2934 5038/1689/2936
f 5036/1669/2934 5039/1670/2936 5038/1689/2936
f 5033/1691/2931 5040/1664/2937 5032/1666/2932
f 5043/1672/2938 5042/1673/2939 5041/1676/2940
f 5044/1675/2941 5043/1672/2938 5041/1676/2940
f 5045/1674/2942 5043/1672/2938 5044/1675/2941
f 5046/1679/2942 5045/1674/2942 5044/1675/2941
f 5049/1692/2943 5048/1693/2943 5047/1694/2943
f 5052/1695/2944 5051/1696/2945 5050/1694/2946
f 5052/1695/2944 5053/1697/2947 5051/1696/2945
f 5050/1694/2946 5054/1693/2948 5052/1695/2944
f 5057/1695/2949 5056/1698/2949 5055/1699/2949
f 5060/1695/2950 5059/1700/2951 5058/1698/2952
f 5060/1695/2950 5061/1701/2953 5059/1700/2951
f 5060/1695/2950 5062/1693/2954 5061/1701/2953
f 5061/1701/2953 5063/1702/2955 5059/1700/2951
f 5066/1695/2956 5065/1699/2957 5064/1697/2956
f 5069/1686/2958 5068/1685/2958 5067/1703/2958
f 5072/1704/2959 5071/1705/2959 5070/1706/2960
f 5073/1707/2959 5072/1704/2959 5070/1706/2960
f 5076/1708/2961 5075/1709/2961 5074/1705/2961
f 5077/1704/2961 5076/1708/2961 5074/1705/2961
f 5080/1710/2962 5079/1711/2963 5078/1709/2963
f 5081/1708/2964 5080/1710/2962 5078/1709/2963
f 5084/1712/2965 5083/1713/2965 5082/1711/2965
f 5085/1710/2965 5084/1712/2965 5082/1711/2965
f 5088/1714/2966 5087/1715/2966 5086/1713/2966
f 5089/1712/2967 5088/1714/2966 5086/1713/2966
f 5092/1716/2968 5091/1717/2968 5090/1715/2968
f 5093/1714/2968 5092/1716/2968 5090/1715/2968
f 5096/1718/2969 5095/1719/2970 5094/1717/2971
f 5097/1716/2972 5096/1718/2969 5094/1717/2971
f 5100/1720/2973 5099/1721/2973 5098/1719/2973
f 5101/1718/2973 5100/1720/2973 5098/1719/2973
f 5104/1722/2974 5103/1723/2975 5102/1724/2976
f 5104/1722/2974 5105/1725/2974 5103/1723/2975
f 5104/1722/2974 5106/1726/2974 5105/1725/2974
f 5104/1722/2974 5107/1727/2977 5106/1726/2974
f 5104/1722/2974 5108/1728/2974 5107/1727/2977
f 5104/1722/2974 5109/1729/2974 5108/1728/2974
f 5104/1722/2974 5110/1730/2974 5109/1729/2974
f 5104/1722/2974 5102/1724/2976 5110/1730/2974
f 5113/1731/2978 5112/1732/2978 5111/1733/2979
f 5114/1734/2980 5113/1731/2978 5111/1733/2979
f 5115/1735/2981 5114/1734/2980 5111/1733/2979
f 5115/1735/2981 5111/1733/2979 5116/1736/2982
f 5116/1736/2982 5117/1737/2983 5115/1735/2981
f 5115/1735/2981 5117/1737/2983 5118/1738/2984
f 5121/1731/2985 5120/1734/2986 5119/1733/2987
f 5122/1732/2985 5121/1731/2985 5119/1733/2987
f 5119/1733/2987 5120/1734/2986 5123/1735/2988
f 5124/1736/2989 5119/1733/2987 5123/1735/2988
f 5123/1735/2988 5125/1737/2990 5124/1736/2989
f 5125/1737/2990 5123/1735/2988 5126/1738/2991
f 5129/1739/2992 5128/1740/2993 5127/1734/2994
f 5130/1731/2992 5129/1739/2992 5127/1734/2994
f 5127/1734/2994 5128/1740/2993 5131/1735/2995
f 5128/1740/2993 5132/1741/2995 5131/1735/2995
f 5135/1742/2996 5134/1743/2997 5133/1731/2996
f 5136/1732/2996 5135/1742/2996 5133/1731/2996
f 5139/1744/2998 5138/1745/2999 5137/1732/2999
f 5140/1733/3000 5139/1744/2998 5137/1732/2999
f 5140/1733/3000 5141/1736/3001 5139/1744/2998
f 5141/1736/3001 5142/1746/3001 5139/1744/2998
f 5145/1737/3002 5144/1738/3002 5143/1747/3002
f 5146/1748/3002 5145/1737/3002 5143/1747/3002
f 5149/1741/3003 5148/1749/3003 5147/1738/3003
f 5150/1735/3003 5149/1741/3003 5147/1738/3003
f 5153/1737/3004 5152/1750/3005 5151/1751/3005
f 5154/1736/3005 5153/1737/3004 5151/1751/3005
f 5157/1646/3006 5156/1752/3006 5155/1753/3006
f 5158/1645/3007 5157/1646/3006 5155/1753/3006
f 5161/1645/3008 5160/1753/3009 5159/1470/3008
f 5162/1483/3008 5161/1645/3008 5159/1470/3008
f 5165/1483/3010 5164/1470/3010 5163/1484/3011
f 5166/1754/3011 5165/1483/3010 5163/1484/3011
f 5169/1646/3012 5168/1755/3013 5167/1756/3014
f 5170/1752/3014 5169/1646/3012 5167/1756/3014
f 5171/1649/2875 5168/1755/3013 5169/1646/3012
f 5172/1644/3015 5171/1649/2875 5169/1646/3012
f 5175/1757/3016 5174/1758/3017 5173/1759/3017
f 5176/1760/3017 5175/1757/3016 5173/1759/3017
f 5179/1469/3018 5178/1645/3019 5177/1483/3018
f 5180/1655/3020 5179/1469/3018 5177/1483/3018
f 5183/1655/3021 5182/1483/3021 5181/1754/3021
f 5184/1654/3021 5183/1655/3021 5181/1754/3021
f 5187/1346/3022 5186/1349/3023 5185/1350/3024
f 5185/1350/3024 5188/1348/3025 5187/1346/3022
f 5188/1348/3025 5189/1347/3026 5187/1346/3022
f 5190/1353/3027 5186/1349/3023 5187/1346/3022
f 5187/1346/3022 5191/1352/3028 5190/1353/3027
f 5187/1346/3022 5192/1351/3029 5191/1352/3028
f 5193/1355/3030 5188/1348/3025 5185/1350/3024
f 5194/1354/3031 5193/1355/3030 5185/1350/3024
f 5193/1355/3030 5194/1354/3031 5195/1356/3032
f 5194/1354/3031 5196/1357/3033 5195/1356/3032
f 5196/1357/3033 5194/1354/3031 5197/1358/3034
f 5194/1354/3031 5198/1359/3035 5197/1358/3034
f 5197/1358/3034 5198/1359/3035 5199/1360/3036
f 5198/1359/3035 5200/1361/3037 5199/1360/3036
f 5199/1360/3036 5200/1361/3037 5201/1362/569
f 5202/1363/3038 5201/1362/569 5200/1361/3037
f 5202/1363/3038 5200/1361/3037 5203/1364/3039
f 5200/1361/3037 5204/1365/3040 5203/1364/3039
f 5205/1366/503 5203/1364/3039 5204/1365/3040
f 5206/1367/3041 5205/1366/503 5204/1365/3040
f 5205/1366/503 5206/1367/3041 5207/1368/3042
f 5208/1369/3043 5205/1366/503 5207/1368/3042
f 5208/1369/3043 5207/1368/3042 5209/1370/3044
f 5210/1371/3045 5206/1367/3041 5204/1365/3040
f 5206/1367/3041 5210/1371/3045 5207/1368/3042
f 5211/1372/3046 5210/1371/3045 5204/1365/3040
f 5211/1372/3046 5204/1365/3040 5200/1361/3037
f 5198/1359/3035 5211/1372/3046 5200/1361/3037
f 5212/1373/3047 5210/1371/3045 5211/1372/3046
f 5213/1374/3048 5212/1373/3047 5211/1372/3046
f 5210/1371/3045 5212/1373/3047 5214/1375/3049
f 5210/1371/3045 5214/1375/3049 5207/1368/3042
f 5207/1368/3042 5214/1375/3049 5215/1376/3050
f 5207/1368/3042 5215/1376/3050 5209/1370/3044
f 5215/1376/3050 5214/1375/3049 5216/1377/3051
f 5212/1373/3047 5216/1377/3051 5214/1375/3049
f 5216/1377/3051 5212/1373/3047 5186/1349/3023
f 5186/1349/3023 5212/1373/3047 5213/1374/3048
f 5190/1353/3027 5216/1377/3051 5186/1349/3023
f 5217/1378/3052 5216/1377/3051 5190/1353/3027
f 5217/1378/3052 5215/1376/3050 5216/1377/3051
f 5213/1374/3048 5211/1372/3046 5194/1354/3031
f 5185/1350/3024 5213/1374/3048 5194/1354/3031
f 5185/1350/3024 5186/1349/3023 5213/1374/3048
f 5211/1372/3046 5198/1359/3035 5194/1354/3031
f 5218/1379/3053 5215/1376/3050 5217/1378/3052
f 5215/1376/3050 5218/1379/3053 5209/1370/3044
f 5219/1380/3054 5218/1379/3053 5217/1378/3052
f 5219/1380/3054 5217/1378/3052 5220/1381/3055
f 5220/1381/3055 5217/1378/3052 5190/1353/3027
f 5221/1382/3056 5219/1380/3054 5220/1381/3055
f 5222/1383/3057 5219/1380/3054 5221/1382/3056
f 5223/1384/3058 5218/1379/3053 5219/1380/3054
f 5222/1383/3057 5223/1384/3058 5219/1380/3054
f 5191/1352/3028 5220/1381/3055 5190/1353/3027
f 5226/1385/3059 5225/1352/3059 5224/1351/3059
f 5227/1386/3059 5226/1385/3059 5224/1351/3059
f 5230/1387/3060 5229/1388/3061 5228/1346/3061
f 5231/1347/3060 5230/1387/3060 5228/1346/3061
f 5229/1388/3061 5232/1386/3062 5228/1346/3061
f 5232/1386/3062 5233/1351/3062 5228/1346/3061
f 5236/1385/3063 5235/1389/3064 5234/1381/3065
f 5237/1352/3063 5236/1385/3063 5234/1381/3065
f 5234/1381/3065 5235/1389/3064 5238/1382/3066
f 5235/1389/3064 5239/1390/3066 5238/1382/3066
f 5242/1390/3067 5241/1391/3067 5240/1383/3067
f 5243/1382/3067 5242/1390/3067 5240/1383/3067
f 5246/1391/3068 5245/1392/3068 5244/1384/3068
f 5247/1383/3068 5246/1391/3068 5244/1384/3068
f 5250/1392/3069 5249/1393/3069 5248/1379/3069
f 5251/1384/3069 5250/1392/3069 5248/1379/3069
f 5254/1394/3070 5253/1396/3070 5252/1395/3070
f 5255/1370/3070 5254/1394/3070 5252/1395/3070
f 5258/1369/3071 5257/1395/3072 5256/1396/3073
f 5259/1397/3074 5258/1369/3071 5256/1396/3073
f 5258/1369/3071 5259/1397/3074 5260/1366/3075
f 5259/1397/3074 5261/1398/3075 5260/1366/3075
f 5260/1366/3075 5261/1398/3075 5262/1364/3076
f 5261/1398/3075 5263/1399/3076 5262/1364/3076
f 5266/1399/3077 5265/1400/3078 5264/1363/3077
f 5267/1364/3077 5266/1399/3077 5264/1363/3077
f 5270/1400/3079 5269/1401/3080 5268/1362/3080
f 5271/1363/3079 5270/1400/3079 5268/1362/3080
f 5274/1401/3081 5273/1402/3081 5272/1360/3081
f 5275/1362/3082 5274/1401/3081 5272/1360/3081
f 5278/1402/3083 5277/1403/3084 5276/1358/3085
f 5279/1360/3086 5278/1402/3083 5276/1358/3085
f 5276/1358/3085 5277/1403/3084 5280/1357/3087
f 5277/1403/3084 5281/1404/3088 5280/1357/3087
f 5280/1357/3087 5281/1404/3088 5282/1405/3089
f 5283/1356/3089 5280/1357/3087 5282/1405/3089
f 5286/1348/3090 5285/1355/3091 5284/1407/3092
f 5287/1406/3090 5286/1348/3090 5284/1407/3092
f 5284/1407/3092 5285/1355/3091 5288/1405/3093
f 5285/1355/3091 5289/1356/3093 5288/1405/3093
f 5292/1393/3094 5291/1394/3094 5290/1370/3094
f 5293/1379/3094 5292/1393/3094 5290/1370/3094
f 5294/1395/3095 5208/1369/3043 5209/1370/3044
f 5297/1348/3096 5296/1406/3096 5295/1387/3097
f 5298/1347/3098 5297/1348/3096 5295/1387/3097
f 5301/1408/3099 5300/1411/3099 5299/1410/3099
f 5302/1409/3099 5301/1408/3099 5299/1410/3099
f 5305/1412/3100 5304/1415/3101 5303/1414/3102
f 5306/1413/3103 5305/1412/3100 5303/1414/3102
f 5306/1413/3103 5303/1414/3102 5307/1416/3104
f 5303/1414/3102 5308/1417/3104 5307/1416/3104
f 5311/1420/3105 5310/1419/3106 5309/1418/3106
f 5309/1418/3106 5312/1421/3105 5311/1420/3105
f 5309/1418/3106 5313/1422/3107 5312/1421/3105
f 5313/1422/3107 5314/1413/3106 5312/1421/3105
f 5314/1413/3106 5315/1416/3108 5312/1421/3105
f 5318/1423/3109 5317/1424/3110 5316/1420/3111
f 5319/1421/3111 5318/1423/3109 5316/1420/3111
f 5320/1425/3112 5317/1424/3110 5318/1423/3109
f 5318/1423/3109 5321/1426/3112 5320/1425/3112
f 5320/1425/3112 5322/1409/3112 5317/1424/3110
f 5322/1409/3112 5323/1410/3113 5317/1424/3110
f 5326/1429/1168 5325/1428/1168 5324/1427/1168
f 5324/1427/1168 5327/1416/1168 5326/1429/1168
f 5327/1416/1168 5328/1417/1168 5326/1429/1168
f 5331/1430/3114 5330/1433/3115 5329/1432/3116
f 5332/1431/3114 5331/1430/3114 5329/1432/3116
f 5335/1434/3117 5334/1436/3117 5333/1430/3118
f 5336/1435/3117 5335/1434/3117 5333/1430/3118
f 5339/1437/3119 5338/1440/3119 5337/1439/3120
f 5340/1438/3120 5339/1437/3119 5337/1439/3120
f 5343/1441/3121 5342/1433/3121 5341/1440/3121
f 5344/1442/3121 5343/1441/3121 5341/1440/3121
f 5347/1439/3122 5346/1436/3122 5345/1443/3122
f 5348/1438/3122 5347/1439/3122 5345/1443/3122
f 5351/1436/3123 5350/1439/3123 5349/1440/3123
f 5349/1440/3123 5352/1433/3123 5351/1436/3123
f 5352/1433/3123 5353/1430/3123 5351/1436/3123
f 5356/1437/3124 5355/1438/3124 5354/1434/3125
f 5354/1434/3125 5357/1441/3124 5356/1437/3124
f 5354/1434/3125 5358/1431/3124 5357/1441/3124
f 5361/1444/3126 5360/1447/3126 5359/1446/3126
f 5362/1445/3126 5361/1444/3126 5359/1446/3126
f 5365/1448/3127 5364/1451/3128 5363/1450/3128
f 5366/1449/3127 5365/1448/3127 5363/1450/3128
f 5369/1452/3129 5368/1455/3130 5367/1454/3131
f 5370/1453/3129 5369/1452/3129 5367/1454/3131
f 5367/1454/3131 5368/1455/3130 5371/1456/3132
f 5368/1455/3130 5372/1457/3133 5371/1456/3132
f 5375/1458/3134 5374/1459/3135 5373/1447/3136
f 5376/1444/3136 5375/1458/3134 5373/1447/3136
f 5377/1460/3137 5374/1459/3135 5375/1458/3134
f 5378/1450/3137 5377/1460/3137 5375/1458/3134
f 5378/1450/3137 5379/1451/3057 5377/1460/3137
f 5379/1451/3057 5380/1461/3057 5377/1460/3137
f 5383/1462/3138 5382/1463/3138 5381/1456/3138
f 5384/1457/3138 5383/1462/3138 5381/1456/3138
f 5387/1446/3139 5386/1447/1821 5385/1465/3140
f 5388/1464/3141 5387/1446/3139 5385/1465/3140
f 5386/1447/1821 5389/1459/3142 5385/1465/3140
f 5389/1459/3142 5390/1460/3143 5385/1465/3140
f 5390/1460/3143 5391/1466/3144 5385/1465/3140
f 5392/1467/3145 5387/1446/3139 5388/1464/3141
f 5393/1468/3145 5392/1467/3145 5388/1464/3141
f 5396/1457/3146 5395/1444/3147 5394/1445/3148
f 5397/1462/3149 5396/1457/3146 5394/1445/3148
f 5396/1457/3146 5398/1458/3150 5395/1444/3147
f 5396/1457/3146 5399/1449/3151 5398/1458/3150
f 5399/1449/3151 5400/1450/3151 5398/1458/3150
f 5394/1445/3148 5401/1469/3152 5397/1462/3149
f 5401/1469/3152 5402/1470/3152 5397/1462/3149
f 5405/1461/3153 5404/1471/3153 5403/1466/3153
f 5406/1460/3153 5405/1461/3153 5403/1466/3153
f 5409/1472/1160 5408/1475/1160 5407/1474/1160
f 5410/1473/1160 5409/1472/1160 5407/1474/1160
f 5413/1467/3154 5412/1469/3154 5411/1445/3154
f 5414/1446/3154 5413/1467/3154 5411/1445/3154
f 5417/1470/3155 5416/1476/3155 5415/1463/3155
f 5418/1462/3155 5417/1470/3155 5415/1463/3155
f 5421/1477/3156 5420/1480/3157 5419/1479/3156
f 5422/1478/3158 5421/1477/3156 5419/1479/3156
f 5425/1481/3159 5424/1482/3159 5423/1469/3159
f 5426/1467/3159 5425/1481/3159 5423/1469/3159
f 5429/1482/3160 5428/1483/3161 5427/1470/3160
f 5430/1469/3160 5429/1482/3160 5427/1470/3160
f 5433/1483/3162 5432/1484/3162 5431/1476/3163
f 5434/1470/3163 5433/1483/3162 5431/1476/3163
f 5437/1485/3164 5436/1481/3164 5435/1467/3164
f 5438/1468/3164 5437/1485/3164 5435/1467/3164
f 5441/1487/3165 5440/1486/3166 5439/1488/3166
f 5439/1488/3166 5440/1486/3166 5442/1489/3167
f 5440/1486/3166 5443/1490/3167 5442/1489/3167
f 5446/1491/3168 5445/1492/3168 5444/1489/3169
f 5447/1490/3169 5446/1491/3168 5444/1489/3169
f 5450/1493/3170 5449/1492/3170 5448/1491/3171
f 5451/1494/3170 5450/1493/3170 5448/1491/3171
f 5454/1496/3172 5453/1495/3173 5452/1497/3174
f 5454/1496/3172 5452/1497/3174 5455/1498/3175
f 5456/1499/3176 5454/1496/3172 5455/1498/3175
f 5459/1500/3177 5458/1493/3178 5457/1494/3178
f 5457/1494/3178 5460/1501/3179 5459/1500/3177
f 5460/1501/3179 5461/1502/3180 5459/1500/3177
f 5462/1503/3181 5461/1502/3180 5460/1501/3179
f 5463/1504/3181 5462/1503/3181 5460/1501/3179
f 5464/1505/3182 5462/1503/3181 5463/1504/3181
f 5465/1506/3183 5464/1505/3182 5463/1504/3181
f 5466/1507/3184 5464/1505/3182 5465/1506/3183
f 5465/1506/3183 5467/1508/3184 5466/1507/3184
f 5465/1506/3183 5468/1509/3184 5467/1508/3184
f 5471/1499/3185 5470/1498/3185 5469/1508/3186
f 5472/1509/3185 5471/1499/3185 5469/1508/3186
f 5475/1510/3187 5474/1511/3187 5473/1487/3187
f 5476/1488/3187 5475/1510/3187 5473/1487/3187
f 5479/1511/3188 5478/1512/3188 5477/1486/3188
f 5480/1487/3189 5479/1511/3188 5477/1486/3188
f 5483/1513/3190 5482/1514/3191 5481/1488/3192
f 5484/1489/3193 5483/1513/3190 5481/1488/3192
f 5485/1515/3194 5483/1513/3190 5484/1489/3193
f 5486/1492/3195 5485/1515/3194 5484/1489/3193
f 5487/1516/3196 5485/1515/3194 5486/1492/3195
f 5488/1493/3197 5487/1516/3196 5486/1492/3195
f 5489/1517/3198 5487/1516/3196 5488/1493/3197
f 5490/1500/3198 5489/1517/3198 5488/1493/3197
f 5493/1518/3199 5492/1519/3200 5491/1490/3201
f 5494/1486/3199 5493/1518/3199 5491/1490/3201
f 5491/1490/3201 5492/1519/3200 5495/1491/3202
f 5492/1519/3200 5496/1520/3202 5495/1491/3202
f 5495/1491/3202 5496/1520/3202 5497/1494/3203
f 5496/1520/3202 5498/1521/3204 5497/1494/3203
f 5497/1494/3203 5498/1521/3204 5499/1501/3205
f 5498/1521/3204 5500/1522/3206 5499/1501/3205
f 5499/1501/3205 5500/1522/3206 5501/1504/3207
f 5500/1522/3206 5502/1523/3208 5501/1504/3207
f 5501/1504/3207 5502/1523/3208 5503/1506/3209
f 5502/1523/3208 5504/1524/3210 5503/1506/3209
f 5503/1506/3209 5504/1524/3210 5505/1509/3211
f 5504/1524/3210 5506/1525/3212 5505/1509/3211
f 5505/1509/3211 5506/1525/3212 5507/1499/3213
f 5506/1525/3212 5508/1526/3214 5507/1499/3213
f 5507/1499/3213 5508/1526/3214 5509/1496/3215
f 5508/1526/3214 5510/1527/3216 5509/1496/3215
f 5513/1528/3217 5512/1517/3217 5511/1500/3217
f 5514/1502/3218 5513/1528/3217 5511/1500/3217
f 5517/1529/3219 5516/1528/3219 5515/1502/3219
f 5518/1503/3220 5517/1529/3219 5515/1502/3219
f 5521/1530/3221 5520/1529/3221 5519/1503/3221
f 5522/1505/3222 5521/1530/3221 5519/1503/3221
f 5525/1531/3223 5524/1532/3224 5523/1507/3224
f 5526/1508/3225 5525/1531/3223 5523/1507/3224
f 5527/1533/3226 5525/1531/3223 5526/1508/3225
f 5528/1498/3227 5527/1533/3226 5526/1508/3225
f 5529/1534/3228 5527/1533/3226 5528/1498/3227
f 5530/1497/3228 5529/1534/3228 5528/1498/3227
f 5533/1532/3229 5532/1530/3229 5531/1505/3229
f 5534/1507/3229 5533/1532/3229 5531/1505/3229
f 5537/1535/3230 5536/1536/3230 5535/1497/3230
f 5538/1495/3230 5537/1535/3230 5535/1497/3230
f 5541/1537/3231 5540/1535/3231 5539/1495/3231
f 5542/1496/3231 5541/1537/3231 5539/1495/3231
f 5545/1539/3232 5544/1538/3232 5543/1540/3233
f 5545/1539/3232 5546/1541/3234 5544/1538/3232
f 5546/1541/3234 5547/1542/3234 5544/1538/3232
f 5550/1543/3235 5549/1546/3236 5548/1545/3237
f 5551/1544/3235 5550/1543/3235 5548/1545/3237
f 5554/1547/3238 5553/1550/3238 5552/1549/3238
f 5555/1548/3238 5554/1547/3238 5552/1549/3238
f 5558/1551/3239 5557/1554/3240 5556/1553/3241
f 5559/1552/3242 5558/1551/3239 5556/1553/3241
f 5559/1552/3242 5556/1553/3241 5560/1555/3243
f 5561/1556/3244 5559/1552/3242 5560/1555/3243
f 5558/1551/3239 5562/1544/3245 5557/1554/3240
f 5558/1551/3239 5563/1557/3246 5562/1544/3245
f 5562/1544/3245 5564/1545/3245 5557/1554/3240
f 5561/1556/3244 5560/1555/3243 5565/1550/3247
f 5566/1547/3248 5561/1556/3244 5565/1550/3247
f 5566/1547/3248 5567/1558/3249 5561/1556/3244
f 5570/1548/3250 5569/1549/3250 5568/1542/3250
f 5571/1541/3251 5570/1548/3250 5568/1542/3250
f 5574/1560/3252 5573/1559/3253 5572/1546/3254
f 5572/1546/3254 5575/1543/3255 5574/1560/3252
f 5575/1543/3255 5576/1561/3255 5574/1560/3252
f 5579/1562/2510 5578/1565/2510 5577/1564/2510
f 5580/1563/2510 5579/1562/2510 5577/1564/2510
f 5583/1566/3256 5582/1562/3256 5581/1563/3256
f 5584/1567/3256 5583/1566/3256 5581/1563/3256
f 5587/1568/3257 5586/1566/3257 5585/1567/3257
f 5588/1569/3258 5587/1568/3257 5585/1567/3257
f 5591/1570/3259 5590/1568/3260 5589/1569/3261
f 5592/1571/3261 5591/1570/3259 5589/1569/3261
f 5595/1572/3262 5594/1570/3262 5593/1571/3262
f 5596/1573/3262 5595/1572/3262 5593/1571/3262
f 5599/1565/3263 5598/1575/3264 5597/1574/3264
f 5600/1564/3265 5599/1565/3263 5597/1574/3264
f 5603/1577/3266 5602/1576/3266 5601/1578/3266
f 5604/1579/3266 5602/1576/3266 5603/1577/3266
f 5605/1580/3266 5602/1576/3266 5604/1579/3266
f 5606/1581/3266 5602/1576/3266 5605/1580/3266
f 5607/1582/3266 5602/1576/3266 5606/1581/3266
f 5601/1578/3266 5602/1576/3266 5607/1582/3266
f 5610/1583/3267 5609/1586/3267 5608/1585/3267
f 5611/1584/3267 5610/1583/3267 5608/1585/3267
f 5614/1587/3268 5613/1583/3268 5612/1584/3268
f 5615/1588/3268 5614/1587/3268 5612/1584/3268
f 5618/1589/3269 5617/1587/3269 5616/1588/3269
f 5619/1590/3269 5618/1589/3269 5616/1588/3269
f 5622/1591/3270 5621/1589/3270 5620/1590/3270
f 5623/1592/3270 5622/1591/3270 5620/1590/3270
f 5626/1593/3271 5625/1591/3271 5624/1592/3271
f 5627/1594/3271 5626/1593/3271 5624/1592/3271
f 5630/1586/3272 5629/1596/3272 5628/1595/3272
f 5631/1585/3272 5630/1586/3272 5628/1595/3272
f 5634/1577/3273 5633/1576/3273 5632/1578/3273
f 5632/1578/3273 5633/1576/3273 5635/1582/3273
f 5635/1582/3273 5633/1576/3273 5636/1581/3273
f 5636/1581/3273 5633/1576/3273 5637/1580/3273
f 5637/1580/3273 5633/1576/3273 5638/1579/3273
f 5638/1579/3273 5633/1576/3273 5634/1577/3273
f 5641/1577/3274 5640/1576/3274 5639/1578/3274
f 5642/1579/3274 5640/1576/3274 5641/1577/3274
f 5643/1580/3274 5640/1576/3274 5642/1579/3274
f 5644/1581/3274 5640/1576/3274 5643/1580/3274
f 5645/1582/3274 5640/1576/3274 5644/1581/3274
f 5639/1578/3274 5640/1576/3274 5645/1582/3274
f 5648/1597/3275 5647/1600/3275 5646/1599/3275
f 5649/1598/3275 5648/1597/3275 5646/1599/3275
f 5652/1598/3276 5651/1599/3276 5650/1602/3276
f 5653/1601/3276 5652/1598/3276 5650/1602/3276
f 5656/1603/3277 5655/1604/3277 5654/1601/3277
f 5657/1602/3277 5656/1603/3277 5654/1601/3277
f 5660/1605/3278 5659/1608/3278 5658/1607/3279
f 5661/1606/3280 5660/1605/3278 5658/1607/3279
f 5662/1597/3281 5661/1606/3280 5658/1607/3279
f 5663/1600/3281 5662/1597/3281 5658/1607/3279
f 5666/1605/3282 5665/1610/3283 5664/1609/3283
f 5667/1608/3282 5666/1605/3282 5664/1609/3283
f 5670/1611/3284 5669/1609/3284 5668/1610/3284
f 5671/1612/3284 5670/1611/3284 5668/1610/3284
f 5674/1613/174 5673/1611/3285 5672/1612/3285
f 5675/1614/3286 5674/1613/174 5672/1612/3285
f 5674/1613/174 5675/1614/3286 5676/1615/3287
f 5675/1614/3286 5677/1616/3287 5676/1615/3287
f 5676/1615/3287 5677/1616/3287 5678/1617/3288
f 5677/1616/3287 5679/1618/3288 5678/1617/3288
f 5682/1617/3289 5681/1618/3289 5680/1620/3290
f 5683/1619/3291 5682/1617/3289 5680/1620/3290
f 5680/1620/3290 5684/1621/3292 5683/1619/3291
f 5684/1621/3292 5685/1622/3292 5683/1619/3291
f 5688/1622/3293 5687/1621/3294 5686/1604/3294
f 5689/1603/3293 5688/1622/3293 5686/1604/3294
f 5692/1612/3295 5691/1610/3296 5690/1605/3297
f 5693/1614/3298 5692/1612/3295 5690/1605/3297
f 5693/1614/3298 5690/1605/3297 5694/1623/3299
f 5693/1614/3298 5694/1623/3299 5695/1624/3300
f 5694/1623/3299 5696/1625/3301 5695/1624/3300
f 5694/1623/3299 5690/1605/3297 5696/1625/3301
f 5696/1625/3301 5697/1626/3302 5695/1624/3300
f 5695/1624/3300 5697/1626/3302 5698/1621/3303
f 5699/1620/3304 5695/1624/3300 5698/1621/3303
f 5700/1616/3305 5695/1624/3300 5699/1620/3304
f 5700/1616/3305 5693/1614/3298 5695/1624/3300
f 5700/1616/3305 5699/1620/3304 5701/1618/3306
f 5690/1605/3297 5702/1606/3307 5696/1625/3301
f 5705/1597/3308 5704/1598/3309 5703/1625/3309
f 5706/1606/3308 5705/1597/3308 5703/1625/3309
f 5703/1625/3309 5704/1598/3309 5707/1626/748
f 5704/1598/3309 5708/1601/3310 5707/1626/748
f 5708/1601/3310 5709/1604/3311 5707/1626/748
f 5709/1604/3311 5710/1621/3312 5707/1626/748
f 5713/1627/3313 5712/1630/3313 5711/1629/3314
f 5714/1628/3315 5713/1627/3313 5711/1629/3314
f 5711/1629/3314 5715/1631/3316 5714/1628/3315
f 5715/1631/3316 5716/1632/3316 5714/1628/3315
f 5719/1634/3317 5718/1633/3318 5717/1635/3319
f 5719/1634/3317 5717/1635/3319 5720/1636/3320
f 5721/1637/3321 5719/1634/3317 5720/1636/3320
f 5722/1632/3322 5721/1637/3321 5720/1636/3320
f 5723/1628/3322 5722/1632/3322 5720/1636/3320
f 5726/1638/3323 5725/1639/3324 5724/1635/3325
f 5727/1633/3323 5726/1638/3323 5724/1635/3325
f 5730/1640/3326 5729/1643/3327 5728/1642/3328
f 5731/1641/3329 5730/1640/3326 5728/1642/3328
f 5731/1641/3329 5728/1642/3328 5732/1469/3330
f 5733/1644/3331 5731/1641/3329 5732/1469/3330
f 5733/1644/3331 5732/1469/3330 5734/1645/3332
f 5735/1646/3333 5733/1644/3331 5734/1645/3332
f 5738/1647/3334 5737/1640/3334 5736/1641/3335
f 5739/1648/3335 5738/1647/3334 5736/1641/3335
f 5739/1648/3335 5736/1641/3335 5740/1644/3335
f 5741/1649/3336 5739/1648/3335 5740/1644/3335
f 5744/1650/3337 5743/1653/3337 5742/1652/3338
f 5745/1651/3339 5744/1650/3337 5742/1652/3338
f 5745/1651/3339 5742/1652/3338 5746/1654/1094
f 5747/1655/3340 5745/1651/3339 5746/1654/1094
f 5750/1643/3341 5749/1650/3342 5748/1651/3343
f 5751/1642/3343 5750/1643/3341 5748/1651/3343
f 5750/1643/3341 5752/1656/3344 5749/1650/3342
f 5755/1640/3345 5754/1656/3345 5753/1643/3345
f 5758/1647/3346 5757/1656/3346 5756/1640/3346
f 5761/1650/3347 5760/1656/3347 5759/1653/3347
f 5764/1642/3348 5763/1651/3349 5762/1655/3349
f 5765/1469/3348 5764/1642/3348 5762/1655/3349
f 5768/1583/3350 5767/1586/3350 5766/1585/3350
f 5769/1584/3350 5768/1583/3350 5766/1585/3350
f 5772/1587/3351 5771/1583/3351 5770/1584/3352
f 5773/1588/3351 5772/1587/3351 5770/1584/3352
f 5776/1589/3353 5775/1587/3353 5774/1588/3353
f 5777/1590/3354 5776/1589/3353 5774/1588/3353
f 5780/1591/3355 5779/1589/3355 5778/1590/3355
f 5781/1592/3355 5780/1591/3355 5778/1590/3355
f 5784/1593/3356 5783/1591/3356 5782/1592/3356
f 5785/1594/3357 5784/1593/3356 5782/1592/3356
f 5788/1586/3358 5787/1596/3359 5786/1595/3360
f 5789/1585/3358 5788/1586/3358 5786/1595/3360
f 5792/1580/3361 5791/1576/3361 5790/1579/3361
f 5790/1579/3361 5791/1576/3361 5793/1577/3362
f 5793/1577/3362 5791/1576/3361 5794/1578/3363
f 5794/1578/3363 5791/1576/3361 5795/1582/3363
f 5795/1582/3363 5791/1576/3361 5796/1581/3364
f 5796/1581/3364 5791/1576/3361 5792/1580/3361
f 5799/1577/3365 5798/1576/3366 5797/1578/3367
f 5800/1579/3365 5798/1576/3366 5799/1577/3365
f 5801/1580/3367 5798/1576/3366 5800/1579/3365
f 5802/1581/3367 5798/1576/3366 5801/1580/3367
f 5803/1582/3367 5798/1576/3366 5802/1581/3367
f 5797/1578/3367 5798/1576/3366 5803/1582/3367
f 5806/1660/3368 5805/1661/3368 5804/1659/3368
f 5804/1659/3368 5807/1657/3369 5806/1660/3368
f 5804/1659/3368 5808/1658/3370 5807/1657/3369
f 5809/1662/3371 5807/1657/3369 5808/1658/3370
f 5810/1663/3371 5809/1662/3371 5808/1658/3370
f 5813/1665/3372 5812/1664/3373 5811/1666/3374
f 5814/1667/3375 5813/1665/3372 5811/1666/3374
f 5815/1668/3376 5814/1667/3375 5811/1666/3374
f 5811/1666/3374 5816/1669/3377 5815/1668/3376
f 5815/1668/3376 5816/1669/3377 5817/1670/3378
f 5818/1671/3379 5815/1668/3376 5817/1670/3378
f 5821/1667/3380 5820/1668/3381 5819/1672/107
f 5819/1672/107 5822/1665/3380 5821/1667/3380
f 5819/1672/107 5823/1673/3380 5822/1665/3380
f 5820/1668/3381 5824/1671/3382 5819/1672/107
f 5824/1671/3382 5825/1674/3382 5819/1672/107
f 5828/1675/3383 5827/1678/3383 5826/1677/3384
f 5829/1676/3384 5828/1675/3383 5826/1677/3384
f 5828/1675/3383 5830/1679/3385 5827/1678/3383
f 5830/1679/3385 5831/1680/3386 5827/1678/3383
f 5834/1678/3387 5833/1682/3388 5832/1681/3389
f 5835/1677/3389 5834/1678/3387 5832/1681/3389
f 5834/1678/3387 5836/1680/3390 5833/1682/3388
f 5836/1680/3390 5837/1683/3390 5833/1682/3388
f 5840/1684/3391 5839/1687/3392 5838/1686/3392
f 5841/1685/3393 5840/1684/3391 5838/1686/3392
f 5841/1685/3393 5842/1688/3394 5840/1684/3391
f 5842/1688/3394 5843/1689/3394 5840/1684/3391
f 5846/1691/3395 5845/1690/3396 5844/1666/3397
f 5844/1666/3397 5845/1690/3396 5847/1687/3398
f 5848/1669/3399 5844/1666/3397 5847/1687/3398
f 5847/1687/3398 5849/1684/3400 5848/1669/3399
f 5848/1669/3399 5849/1684/3400 5850/1689/3401
f 5851/1670/3401 5848/1669/3399 5850/1689/3401
f 5852/1664/3402 5846/1691/3395 5844/1666/3397
f 5855/1672/3403 5854/1675/3404 5853/1676/3405
f 5856/1673/3406 5855/1672/3403 5853/1676/3405
f 5855/1672/3403 5857/1674/3407 5854/1675/3404
f 5857/1674/3407 5858/1679/3407 5854/1675/3404
f 5861/1693/3408 5860/1692/3408 5859/1694/3408
f 5864/1696/3409 5863/1695/3410 5862/1694/3411
f 5865/1697/3412 5863/1695/3410 5864/1696/3409
f 5866/1693/3413 5862/1694/3411 5863/1695/3410
f 5869/1698/3414 5868/1695/3414 5867/1699/3414
f 5872/1700/3415 5871/1695/3416 5870/1698/3417
f 5873/1701/3418 5871/1695/3416 5872/1700/3415
f 5874/1693/3419 5871/1695/3416 5873/1701/3418
f 5875/1702/3420 5873/1701/3418 5872/1700/3415
f 5878/1699/3421 5877/1695/3421 5876/1697/3421
f 5881/1685/3422 5880/1686/3422 5879/1703/3422
f 5884/1704/3423 5883/1707/3423 5882/1706/3424
f 5885/1705/3424 5884/1704/3423 5882/1706/3424
f 5888/1708/3425 5887/1704/3425 5886/1705/3425
f 5889/1709/3425 5888/1708/3425 5886/1705/3425
f 5892/1710/3426 5891/1708/3427 5890/1709/3428
f 5893/1711/3429 5892/1710/3426 5890/1709/3428
f 5896/1712/3430 5895/1710/3430 5894/1711/3430
f 5897/1713/3430 5896/1712/3430 5894/1711/3430
f 5900/1714/3431 5899/1712/3432 5898/1713/3432
f 5901/1715/3432 5900/1714/3431 5898/1713/3432
f 5904/1716/3433 5903/1714/3433 5902/1715/3433
f 5905/1717/3433 5904/1716/3433 5902/1715/3433
f 5908/1718/3434 5907/1716/3434 5906/1717/3434
f 5909/1719/3434 5908/1718/3434 5906/1717/3434
f 5912/1720/3435 5911/1718/3436 5910/1719/3436
f 5913/1721/3435 5912/1720/3435 5910/1719/3436
f 5916/1723/3437 5915/1722/3438 5914/1724/3437
f 5917/1725/3439 5915/1722/3438 5916/1723/3437
f 5918/1726/3437 5915/1722/3438 5917/1725/3439
f 5919/1727/3437 5915/1722/3438 5918/1726/3437
f 5920/1728/3437 5915/1722/3438 5919/1727/3437
f 5921/1729/3437 5915/1722/3438 5920/1728/3437
f 5922/1730/3439 5915/1722/3438 5921/1729/3437
f 5914/1724/3437 5915/1722/3438 5922/1730/3439
f 5925/1731/3440 5924/1734/3441 5923/1733/3442
f 5926/1732/3440 5925/1731/3440 5923/1733/3442
f 5923/1733/3442 5924/1734/3441 5927/1735/3443
f 5928/1736/3444 5923/1733/3442 5927/1735/3443
f 5927/1735/3443 5929/1737/3445 5928/1736/3444
f 5929/1737/3445 5927/1735/3443 5930/1738/3446
f 5933/1731/3447 5932/1732/3447 5931/1733/3448
f 5934/1734/3449 5933/1731/3447 5931/1733/3448
f 5935/1735/3450 5934/1734/3449 5931/1733/3448
f 5935/1735/3450 5931/1733/3448 5936/1736/3451
f 5936/1736/3451 5937/1737/3452 5935/1735/3450
f 5935/1735/3450 5937/1737/3452 5938/1738/3453
f 5941/1739/3454 5940/1731/3455 5939/1734/3456
f 5942/1740/3457 5941/1739/3454 5939/1734/3456
f 5942/1740/3457 5939/1734/3456 5943/1735/3458
f 5944/1741/3458 5942/1740/3457 5943/1735/3458
f 5947/1742/3459 5946/1732/3459 5945/1731/3460
f 5948/1743/3460 5947/1742/3459 5945/1731/3460
f 5951/1744/3461 5950/1733/3462 5949/1732/3463
f 5952/1745/3463 5951/1744/3461 5949/1732/3463
f 5953/1736/3464 5950/1733/3462 5951/1744/3461
f 5954/1746/3464 5953/1736/3464 5951/1744/3461
f 5957/1737/3465 5956/1748/3465 5955/1747/3465
f 5958/1738/3465 5957/1737/3465 5955/1747/3465
f 5961/1741/1525 5960/1735/1525 5959/1738/1525
f 5962/1749/1525 5961/1741/1525 5959/1738/1525
f 5965/1737/3466 5964/1736/3467 5963/1751/3467
f 5966/1750/3467 5965/1737/3466 5963/1751/3467
f 5969/1646/3468 5968/1645/3469 5967/1753/3468
f 5970/1752/3468 5969/1646/3468 5967/1753/3468
f 5973/1645/3470 5972/1483/3470 5971/1470/3470
f 5974/1753/3470 5973/1645/3470 5971/1470/3470
f 5977/1483/3471 5976/1754/3472 5975/1484/3472
f 5978/1470/3471 5977/1483/3471 5975/1484/3472
f 5981/1646/3473 5980/1752/3474 5979/1756/3475
f 5982/1755/3476 5981/1646/3473 5979/1756/3475
f 5982/1755/3476 5983/1649/3335 5981/1646/3473
f 5983/1649/3335 5984/1644/3477 5981/1646/3473
f 5987/1757/3478 5986/1760/3479 5985/1759/3479
f 5988/1758/3479 5987/1757/3478 5985/1759/3479
f 5991/1469/3480 5990/1655/3481 5989/1483/3482
f 5992/1645/3480 5991/1469/3480 5989/1483/3482
f 5995/1655/3483 5994/1654/3483 5993/1754/3483
f 5996/1483/3483 5995/1655/3483 5993/1754/3483
f 5999/1761/3484 5998/1762/3485 5997/1763/3484
f 6000/1764/3484 5999/1761/3484 5997/1763/3484
f 6003/1765/3486 6002/1766/3487 6001/1767/3486
f 6004/1768/3488 6003/1765/3486 6001/1767/3486
f 6007/1761/3226 6006/1769/3489 6005/1770/3226
f 6008/1771/3226 6007/1761/3226 6005/1770/3226
f 6011/1764/3490 6010/1772/3491 6009/1769/3491
f 6012/1761/3490 6011/1764/3490 6009/1769/3491
f 6015/1773/3492 6014/1772/3492 6013/1764/3492
f 6016/1774/3493 6015/1773/3492 6013/1764/3492
f 6019/1775/3494 6018/1776/3494 6017/1777/3494
f 6020/1778/3494 6019/1775/3494 6017/1777/3494
f 6023/1779/3495 6022/1780/3495 6021/1781/3495
f 6024/1782/3495 6023/1779/3495 6021/1781/3495
f 6027/1783/3496 6026/1784/3496 6025/1785/3496
f 6028/1786/3496 6027/1783/3496 6025/1785/3496
f 6031/1780/3497 6030/1787/3497 6029/1788/3497
f 6032/1781/3497 6031/1780/3497 6029/1788/3497
f 6035/1779/3498 6034/1782/3498 6033/1789/3498
f 6036/1790/3498 6035/1779/3498 6033/1789/3498
f 6039/1791/3499 6038/1792/3500 6037/1793/3501
f 6040/1794/3502 6039/1791/3499 6037/1793/3501
f 6043/1795/3503 6042/1796/3503 6041/1794/3504
f 6044/1797/3503 6043/1795/3503 6041/1794/3504
f 6047/1798/3505 6046/1799/3505 6045/1800/3506
f 6048/1801/3505 6047/1798/3505 6045/1800/3506
f 6051/1802/3507 6050/1803/3508 6049/1804/3508
f 6052/1805/3507 6051/1802/3507 6049/1804/3508
f 6055/1806/3509 6054/1789/3509 6053/1807/3509
f 6056/1801/3509 6055/1806/3509 6053/1807/3509
f 6059/1798/3510 6058/1801/3510 6057/1807/3510
f 6060/1781/3510 6059/1798/3510 6057/1807/3510
f 6063/1808/3511 6062/1798/3511 6061/1781/3512
f 6064/1788/3512 6063/1808/3511 6061/1781/3512
f 6067/1792/3513 6066/1793/3514 6065/1809/3513
f 6068/1810/3515 6067/1792/3513 6065/1809/3513
f 6071/1811/3516 6070/1812/3517 6069/1813/3516
f 6072/1814/3516 6071/1811/3516 6069/1813/3516
f 6075/1815/3518 6074/1816/3518 6073/1811/3518
f 6076/1814/3518 6075/1815/3518 6073/1811/3518
f 6079/1817/3519 6078/1818/3520 6077/1816/3521
f 6080/1815/3522 6079/1817/3519 6077/1816/3521
f 6078/1818/3520 6079/1817/3519 6081/1819/3523
f 6082/1820/235 6078/1818/3520 6081/1819/3523
f 6082/1820/235 6081/1819/3523 6083/1821/3524
f 6084/1822/3525 6082/1820/235 6083/1821/3524
f 6081/1819/3523 6085/1823/3526 6083/1821/3524
f 6088/1824/3527 6087/1825/3528 6086/1826/720
f 6089/1827/720 6088/1824/3527 6086/1826/720
f 6088/1824/3527 6090/1813/3529 6087/1825/3528
f 6090/1813/3529 6091/1812/3529 6087/1825/3528
f 6089/1827/720 6086/1826/720 6092/1828/280
f 6093/1829/280 6089/1827/720 6092/1828/280
f 6096/1830/3530 6095/1831/3531 6094/1832/3532
f 6095/1831/3531 6096/1830/3530 6097/1833/3533
f 6095/1831/3531 6097/1833/3533 6098/1834/699
f 6099/1835/3534 6095/1831/3531 6098/1834/699
f 6095/1831/3531 6099/1835/3534 6100/1836/3535
f 6095/1831/3531 6100/1836/3535 6094/1832/3532
f 6098/1834/699 6101/1837/3536 6099/1835/3534
f 6099/1835/3534 6101/1837/3536 6102/1838/3537
f 6101/1837/3536 6103/1839/3538 6102/1838/3537
f 6106/1840/3539 6105/1841/3540 6104/1842/3541
f 6104/1842/3541 6107/1843/3542 6106/1840/3539
f 6104/1842/3541 6108/1844/3543 6107/1843/3542
f 6109/1845/3544 6108/1844/3543 6104/1842/3541
f 6104/1842/3541 6110/1846/3545 6109/1845/3544
f 6104/1842/3541 6105/1841/3540 6110/1846/3545
f 6108/1844/3543 6109/1845/3544 6111/1847/3546
f 6109/1845/3544 6112/1848/3547 6111/1847/3546
f 6112/1848/3547 6113/1849/3548 6111/1847/3546
f 6116/1850/3549 6115/1829/3549 6114/1828/3550
f 6117/1851/3551 6116/1850/3549 6114/1828/3550
f 6118/1852/3552 6117/1851/3551 6114/1828/3550
f 6121/1853/1080 6120/1854/3553 6119/1855/278
f 6122/1856/280 6121/1853/1080 6119/1855/278
f 6120/1854/3553 6123/1857/3554 6119/1855/278
f 6122/1856/280 6124/1858/3555 6121/1853/1080
f 6127/1857/3556 6126/1859/3556 6125/1860/3556
f 6128/1855/3556 6127/1857/3556 6125/1860/3556
f 6131/1861/3557 6130/1862/3557 6129/1857/3557
f 6132/1854/3557 6131/1861/3557 6129/1857/3557
f 6135/1863/3558 6134/1861/3558 6133/1854/3558
f 6136/1853/3558 6135/1863/3558 6133/1854/3558
f 6139/1864/3559 6138/1863/3559 6137/1853/3559
f 6140/1858/3559 6139/1864/3559 6137/1853/3559
f 6143/1856/3560 6142/1865/3560 6141/1866/3560
f 6144/1858/3560 6143/1856/3560 6141/1866/3560
f 6147/1867/3561 6146/1868/3561 6145/1856/3561
f 6148/1855/3561 6147/1867/3561 6145/1856/3561
f 6151/1869/3562 6150/1870/3562 6149/1871/3563
f 6152/1872/3563 6151/1869/3562 6149/1871/3563
f 6155/1873/3564 6154/1874/3565 6153/1875/3566
f 6156/1876/3564 6155/1873/3564 6153/1875/3566
f 6159/1877/3567 6158/1878/3567 6157/1879/3567
f 6160/1880/3567 6159/1877/3567 6157/1879/3567
f 6163/1881/3568 6162/1882/3568 6161/1883/3568
f 6164/1884/3568 6163/1881/3568 6161/1883/3568
f 6167/1876/3569 6166/1875/3570 6165/1881/3570
f 6168/1884/3569 6167/1876/3569 6165/1881/3570
f 6171/1885/3571 6170/1886/3571 6169/1887/3571
f 6172/1888/3571 6171/1885/3571 6169/1887/3571
f 6175/1889/3572 6174/1890/3572 6173/1891/3572
f 6176/1892/3572 6175/1889/3572 6173/1891/3572
f 6179/1893/3573 6178/1894/3573 6177/1895/3573
f 6180/1873/3573 6179/1893/3573 6177/1895/3573
f 6183/1884/3574 6182/1896/3574 6181/1894/3575
f 6184/1893/3574 6183/1884/3574 6181/1894/3575
f 6187/1883/3576 6186/1897/3576 6185/1896/3577
f 6188/1884/3576 6187/1883/3576 6185/1896/3577
f 6191/1879/3578 6190/1898/3579 6189/1899/3578
f 6192/1880/3580 6191/1879/3578 6189/1899/3578
f 6195/1886/3581 6194/1889/3582 6193/1888/3582
f 6196/1885/3582 6195/1886/3581 6193/1888/3582
f 6199/1889/3583 6198/1900/3584 6197/1885/3584
f 6200/1886/3583 6199/1889/3583 6197/1885/3584
f 6203/1901/3585 6202/1902/3586 6201/1903/3585
f 6204/1904/3585 6203/1901/3585 6201/1903/3585
f 6207/1902/3587 6206/1905/3588 6205/1906/3587
f 6208/1903/3587 6207/1902/3587 6205/1906/3587
f 6211/1907/3589 6210/1908/3590 6209/1905/3591
f 6212/1902/3591 6211/1907/3589 6209/1905/3591
f 6215/1909/3592 6214/1899/3592 6213/1910/3592
f 6216/1911/3592 6215/1909/3592 6213/1910/3592
f 6219/1903/3593 6218/1906/3594 6217/1912/3594
f 6220/1913/3595 6219/1903/3593 6217/1912/3594
f 6223/1886/3596 6222/1889/3597 6221/1900/3597
f 6224/1885/3596 6223/1886/3596 6221/1900/3597
f 6227/1901/3598 6226/1902/3598 6225/1903/3599
f 6228/1904/3599 6227/1901/3598 6225/1903/3599
f 6231/1902/3600 6230/1905/3601 6229/1906/3600
f 6232/1903/3602 6231/1902/3600 6229/1906/3600
f 6235/1907/3603 6234/1908/3604 6233/1905/3604
f 6236/1902/3603 6235/1907/3603 6233/1905/3604
f 6239/1909/3605 6238/1899/3606 6237/1910/3606
f 6240/1911/3605 6239/1909/3605 6237/1910/3606
f 6243/1903/3607 6242/1906/3608 6241/1912/3608
f 6244/1913/3607 6243/1903/3607 6241/1912/3608
f 6247/1886/3609 6246/1889/3609 6245/1900/3609
f 6248/1885/3609 6247/1886/3609 6245/1900/3609
f 6251/1893/3610 6250/1894/3610 6249/1895/3610
f 6252/1873/3610 6251/1893/3610 6249/1895/3610
f 6255/1884/3611 6254/1896/3611 6253/1894/3611
f 6256/1893/3611 6255/1884/3611 6253/1894/3611
f 6259/1883/3612 6258/1897/3613 6257/1896/3612
f 6260/1884/3612 6259/1883/3612 6257/1896/3612
f 6263/1879/3614 6262/1898/3615 6261/1899/3615
f 6264/1880/3615 6263/1879/3614 6261/1899/3615
f 6267/1886/3616 6266/1889/3616 6265/1888/3616
f 6268/1885/3617 6267/1886/3616 6265/1888/3616
f 6271/1889/3618 6270/1900/3619 6269/1885/3619
f 6272/1886/3618 6271/1889/3618 6269/1885/3619
f 6275/1873/3620 6274/1874/3620 6273/1875/3620
f 6276/1876/3620 6275/1873/3620 6273/1875/3620
f 6279/1877/3621 6278/1878/3621 6277/1879/3621
f 6280/1880/3621 6279/1877/3621 6277/1879/3621
f 6283/1881/3622 6282/1882/3622 6281/1883/3622
f 6284/1884/3622 6283/1881/3622 6281/1883/3622
f 6287/1876/3623 6286/1875/3624 6285/1881/3624
f 6288/1884/3624 6287/1876/3623 6285/1881/3624
f 6291/1885/3625 6290/1886/3626 6289/1887/3625
f 6292/1888/3625 6291/1885/3625 6289/1887/3625
f 6295/1889/3627 6294/1890/3627 6293/1891/3628
f 6296/1892/3629 6295/1889/3627 6293/1891/3628
f 6299/1901/3630 6298/1902/3631 6297/1903/3630
f 6300/1904/3631 6299/1901/3630 6297/1903/3630
f 6303/1902/3632 6302/1905/3632 6301/1906/3633
f 6304/1903/3632 6303/1902/3632 6301/1906/3633
f 6307/1907/3634 6306/1908/3635 6305/1905/3635
f 6308/1902/3636 6307/1907/3634 6305/1905/3635
f 6311/1909/3637 6310/1899/3638 6309/1910/3638
f 6312/1911/3637 6311/1909/3637 6309/1910/3638
f 6315/1903/3639 6314/1906/3640 6313/1912/3640
f 6316/1913/3639 6315/1903/3639 6313/1912/3640
f 6319/1886/3641 6318/1889/3641 6317/1900/3642
f 6320/1885/3641 6319/1886/3641 6317/1900/3642
f 6323/1893/3643 6322/1894/3643 6321/1895/3643
f 6324/1873/3643 6323/1893/3643 6321/1895/3643
f 6327/1884/3644 6326/1896/3645 6325/1894/3645
f 6328/1893/3645 6327/1884/3644 6325/1894/3645
f 6331/1883/3646 6330/1897/3647 6329/1896/3647
f 6332/1884/3647 6331/1883/3646 6329/1896/3647
f 6335/1879/3648 6334/1898/3648 6333/1899/3649
f 6336/1880/3648 6335/1879/3648 6333/1899/3649
f 6339/1886/3650 6338/1889/3650 6337/1888/3650
f 6340/1885/3650 6339/1886/3650 6337/1888/3650
f 6343/1889/3651 6342/1900/3651 6341/1885/3652
f 6344/1886/3651 6343/1889/3651 6341/1885/3652
f 6347/1873/3653 6346/1874/3654 6345/1875/3654
f 6348/1876/3655 6347/1873/3653 6345/1875/3654
f 6351/1877/3656 6350/1878/3656 6349/1879/3656
f 6352/1880/3656 6351/1877/3656 6349/1879/3656
f 6355/1881/3657 6354/1882/3657 6353/1883/3657
f 6356/1884/3657 6355/1881/3657 6353/1883/3657
f 6359/1876/3658 6358/1875/3659 6357/1881/3658
f 6360/1884/3658 6359/1876/3658 6357/1881/3658
f 6363/1885/3660 6362/1886/3660 6361/1887/3660
f 6364/1888/3660 6363/1885/3660 6361/1887/3660
f 6367/1889/3661 6366/1890/3662 6365/1891/3663
f 6368/1892/3662 6367/1889/3661 6365/1891/3663
f 6371/1873/3664 6370/1874/3665 6369/1875/3665
f 6372/1876/3664 6371/1873/3664 6369/1875/3665
f 6375/1877/3666 6374/1878/3666 6373/1879/3666
f 6376/1880/3666 6375/1877/3666 6373/1879/3666
f 6379/1881/3667 6378/1882/3668 6377/1883/3667
f 6380/1884/3667 6379/1881/3667 6377/1883/3667
f 6383/1876/3669 6382/1875/3669 6381/1881/3669
f 6384/1884/3670 6383/1876/3669 6381/1881/3669
f 6387/1885/3671 6386/1886/3671 6385/1887/3671
f 6388/1888/3671 6387/1885/3671 6385/1887/3671
f 6391/1889/3672 6390/1890/3672 6389/1891/3672
f 6392/1892/3672 6391/1889/3672 6389/1891/3672
f 6395/1893/3673 6394/1894/3673 6393/1895/3673
f 6396/1873/3673 6395/1893/3673 6393/1895/3673
f 6399/1884/3674 6398/1896/3674 6397/1894/3674
f 6400/1893/3675 6399/1884/3674 6397/1894/3674
f 6403/1883/3676 6402/1897/3676 6401/1896/3676
f 6404/1884/3676 6403/1883/3676 6401/1896/3676
f 6407/1879/3677 6406/1898/3677 6405/1899/3677
f 6408/1880/3677 6407/1879/3677 6405/1899/3677
f 6411/1886/3678 6410/1889/3679 6409/1888/3678
f 6412/1885/3679 6411/1886/3678 6409/1888/3678
f 6415/1889/3680 6414/1900/3680 6413/1885/3681
f 6416/1886/3682 6415/1889/3680 6413/1885/3681
f 6419/1901/3683 6418/1902/3683 6417/1903/3683
f 6420/1904/3683 6419/1901/3683 6417/1903/3683
f 6423/1902/3684 6422/1905/3684 6421/1906/3685
f 6424/1903/3684 6423/1902/3684 6421/1906/3685
f 6427/1907/3686 6426/1908/3687 6425/1905/3688
f 6428/1902/3686 6427/1907/3686 6425/1905/3688
f 6431/1909/3689 6430/1899/3690 6429/1910/3689
f 6432/1911/3691 6431/1909/3689 6429/1910/3689
f 6435/1903/3692 6434/1906/3693 6433/1912/3693
f 6436/1913/3694 6435/1903/3692 6433/1912/3693
f 6439/1886/3695 6438/1889/3695 6437/1900/3695
f 6440/1885/3696 6439/1886/3695 6437/1900/3695
f 6443/1761/3697 6442/1764/3697 6441/1763/3697
f 6444/1762/3698 6443/1761/3697 6441/1763/3697
f 6447/1765/3699 6446/1768/3699 6445/1767/3699
f 6448/1766/3700 6447/1765/3699 6445/1767/3699
f 6451/1761/2764 6450/1771/2764 6449/1770/2764
f 6452/1769/3701 6451/1761/2764 6449/1770/2764
f 6455/1764/3702 6454/1761/3702 6453/1769/3703
f 6456/1772/3703 6455/1764/3702 6453/1769/3703
f 6459/1773/3704 6458/1774/3704 6457/1764/3704
f 6460/1772/3704 6459/1773/3704 6457/1764/3704
f 6463/1775/3705 6462/1778/3706 6461/1777/3705
f 6464/1776/3705 6463/1775/3705 6461/1777/3705
f 6467/1779/3707 6466/1782/3707 6465/1781/3707
f 6468/1780/3707 6467/1779/3707 6465/1781/3707
f 6471/1783/3708 6470/1786/3708 6469/1785/3708
f 6472/1784/3709 6471/1783/3708 6469/1785/3708
f 6475/1780/3710 6474/1781/3711 6473/1788/3710
f 6476/1787/3711 6475/1780/3710 6473/1788/3710
f 6479/1779/3712 6478/1790/3712 6477/1789/3712
f 6480/1782/3712 6479/1779/3712 6477/1789/3712
f 6483/1791/3713 6482/1794/3713 6481/1793/3714
f 6484/1792/3713 6483/1791/3713 6481/1793/3714
f 6487/1795/3715 6486/1797/3716 6485/1794/3715
f 6488/1796/3715 6487/1795/3715 6485/1794/3715
f 6491/1798/3717 6490/1801/3717 6489/1800/3717
f 6492/1799/3717 6491/1798/3717 6489/1800/3717
f 6495/1802/3718 6494/1805/3718 6493/1804/3719
f 6496/1803/3719 6495/1802/3718 6493/1804/3719
f 6499/1806/3720 6498/1801/3720 6497/1807/3720
f 6500/1789/3720 6499/1806/3720 6497/1807/3720
f 6503/1798/3721 6502/1781/3721 6501/1807/3721
f 6504/1801/3721 6503/1798/3721 6501/1807/3721
f 6507/1808/3722 6506/1788/3722 6505/1781/3722
f 6508/1798/3722 6507/1808/3722 6505/1781/3722
f 6511/1792/3723 6510/1810/3723 6509/1809/3723
f 6512/1793/3724 6511/1792/3723 6509/1809/3723
f 6515/1811/3725 6514/1814/3725 6513/1813/3726
f 6516/1812/3727 6515/1811/3725 6513/1813/3726
f 6519/1815/3728 6518/1814/3728 6517/1811/3729
f 6520/1816/3729 6519/1815/3728 6517/1811/3729
f 6523/1817/3730 6522/1815/3731 6521/1816/3731
f 6524/1818/3732 6523/1817/3730 6521/1816/3731
f 6523/1817/3730 6524/1818/3732 6525/1819/3733
f 6524/1818/3732 6526/1820/40 6525/1819/3733
f 6525/1819/3733 6526/1820/40 6527/1821/3734
f 6526/1820/40 6528/1822/3735 6527/1821/3734
f 6529/1823/3736 6525/1819/3733 6527/1821/3734
f 6532/1824/3737 6531/1827/1472 6530/1826/1472
f 6533/1825/3737 6532/1824/3737 6530/1826/1472
f 6534/1813/3738 6532/1824/3737 6533/1825/3737
f 6535/1812/3738 6534/1813/3738 6533/1825/3737
f 6530/1826/1472 6531/1827/1472 6536/1828/29
f 6531/1827/1472 6537/1829/29 6536/1828/29
f 6540/1831/3739 6539/1830/3740 6538/1832/3741
f 6539/1830/3740 6540/1831/3739 6541/1833/3742
f 6541/1833/3742 6540/1831/3739 6542/1834/1450
f 6540/1831/3739 6543/1835/3743 6542/1834/1450
f 6543/1835/3743 6540/1831/3739 6544/1836/3744
f 6544/1836/3744 6540/1831/3739 6538/1832/3741
f 6545/1837/3745 6542/1834/1450 6543/1835/3743
f 6545/1837/3745 6543/1835/3743 6546/1838/3746
f 6547/1839/3747 6545/1837/3745 6546/1838/3746
f 6550/1841/3748 6549/1840/3749 6548/1842/3750
f 6551/1843/3751 6548/1842/3750 6549/1840/3749
f 6552/1844/3752 6548/1842/3750 6551/1843/3751
f 6552/1844/3752 6553/1845/3753 6548/1842/3750
f 6554/1846/3754 6548/1842/3750 6553/1845/3753
f 6550/1841/3748 6548/1842/3750 6554/1846/3754
f 6553/1845/3753 6552/1844/3752 6555/1847/3755
f 6556/1848/3756 6553/1845/3753 6555/1847/3755
f 6557/1849/3756 6556/1848/3756 6555/1847/3755
f 6560/1850/3757 6559/1851/3758 6558/1828/1582
f 6561/1829/3757 6560/1850/3757 6558/1828/1582
f 6559/1851/3758 6562/1852/3759 6558/1828/1582
f 6565/1853/1074 6564/1856/29 6563/1855/28
f 6566/1854/3760 6565/1853/1074 6563/1855/28
f 6567/1857/3761 6566/1854/3760 6563/1855/28
f 6568/1858/3762 6564/1856/29 6565/1853/1074
f 6571/1857/3763 6570/1855/3763 6569/1860/3763
f 6572/1859/3763 6571/1857/3763 6569/1860/3763
f 6575/1861/3764 6574/1854/3764 6573/1857/3765
f 6576/1862/3765 6575/1861/3764 6573/1857/3765
f 6579/1863/3766 6578/1853/3766 6577/1854/3766
f 6580/1861/3766 6579/1863/3766 6577/1854/3766
f 6583/1864/3767 6582/1858/3767 6581/1853/3767
f 6584/1863/3767 6583/1864/3767 6581/1853/3767
f 6587/1856/3768 6586/1858/3768 6585/1866/3768
f 6588/1865/3768 6587/1856/3768 6585/1866/3768
f 6591/1867/3769 6590/1855/3769 6589/1856/3769
f 6592/1868/3769 6591/1867/3769 6589/1856/3769
f 6595/1869/3770 6594/1872/3771 6593/1871/3771
f 6596/1870/3771 6595/1869/3770 6593/1871/3771
f 6599/1873/3772 6598/1876/3772 6597/1875/3773
f 6600/1874/3774 6599/1873/3772 6597/1875/3773
f 6603/1877/3775 6602/1880/3775 6601/1879/3775
f 6604/1878/3775 6603/1877/3775 6601/1879/3775
f 6607/1881/3776 6606/1884/3776 6605/1883/3776
f 6608/1882/3776 6607/1881/3776 6605/1883/3776
f 6611/1876/3777 6610/1884/3778 6609/1881/3779
f 6612/1875/3780 6611/1876/3777 6609/1881/3779
f 6615/1885/3781 6614/1888/3782 6613/1887/3782
f 6616/1886/3782 6615/1885/3781 6613/1887/3782
f 6619/1889/3783 6618/1892/3783 6617/1891/3783
f 6620/1890/3783 6619/1889/3783 6617/1891/3783
f 6623/1893/3784 6622/1873/3784 6621/1895/3784
f 6624/1894/3784 6623/1893/3784 6621/1895/3784
f 6627/1884/3785 6626/1893/3785 6625/1894/3786
f 6628/1896/3785 6627/1884/3785 6625/1894/3786
f 6631/1883/3787 6630/1884/3788 6629/1896/3787
f 6632/1897/3787 6631/1883/3787 6629/1896/3787
f 6635/1879/3789 6634/1880/3790 6633/1899/3789
f 6636/1898/3791 6635/1879/3789 6633/1899/3789
f 6639/1886/3792 6638/1885/3792 6637/1888/3793
f 6640/1889/3792 6639/1886/3792 6637/1888/3793
f 6643/1889/3794 6642/1886/3794 6641/1885/3795
f 6644/1900/3795 6643/1889/3794 6641/1885/3795
f 6647/1901/3796 6646/1904/3796 6645/1903/3796
f 6648/1902/3796 6647/1901/3796 6645/1903/3796
f 6651/1902/3797 6650/1903/3797 6649/1906/3797
f 6652/1905/3798 6651/1902/3797 6649/1906/3797
f 6655/1907/3799 6654/1902/3799 6653/1905/3799
f 6656/1908/3800 6655/1907/3799 6653/1905/3799
f 6659/1909/3801 6658/1911/3801 6657/1910/3801
f 6660/1899/3801 6659/1909/3801 6657/1910/3801
f 6663/1903/3802 6662/1913/3803 6661/1912/3802
f 6664/1906/3804 6663/1903/3802 6661/1912/3802
f 6667/1886/3805 6666/1885/3805 6665/1900/3805
f 6668/1889/3805 6667/1886/3805 6665/1900/3805
f 6671/1901/3806 6670/1904/3807 6669/1903/3807
f 6672/1902/3806 6671/1901/3806 6669/1903/3807
f 6675/1902/3808 6674/1903/3808 6673/1906/3808
f 6676/1905/3809 6675/1902/3808 6673/1906/3808
f 6679/1907/3810 6678/1902/3811 6677/1905/3811
f 6680/1908/3811 6679/1907/3810 6677/1905/3811
f 6683/1909/3812 6682/1911/3812 6681/1910/3812
f 6684/1899/3812 6683/1909/3812 6681/1910/3812
f 6687/1903/3813 6686/1913/3813 6685/1912/3814
f 6688/1906/3815 6687/1903/3813 6685/1912/3814
f 6691/1886/3816 6690/1885/3816 6689/1900/3816
f 6692/1889/3816 6691/1886/3816 6689/1900/3816
f 6695/1893/3817 6694/1873/3817 6693/1895/3818
f 6696/1894/3817 6695/1893/3817 6693/1895/3818
f 6699/1884/3819 6698/1893/3819 6697/1894/3819
f 6700/1896/3819 6699/1884/3819 6697/1894/3819
f 6703/1883/3820 6702/1884/3820 6701/1896/3820
f 6704/1897/3821 6703/1883/3820 6701/1896/3820
f 6707/1879/3822 6706/1880/3823 6705/1899/3822
f 6708/1898/3822 6707/1879/3822 6705/1899/3822
f 6711/1886/3824 6710/1885/3824 6709/1888/3825
f 6712/1889/3825 6711/1886/3824 6709/1888/3825
f 6715/1889/3826 6714/1886/3826 6713/1885/3827
f 6716/1900/3827 6715/1889/3826 6713/1885/3827
f 6719/1873/3828 6718/1876/3828 6717/1875/3828
f 6720/1874/3828 6719/1873/3828 6717/1875/3828
f 6723/1877/3829 6722/1880/3829 6721/1879/3830
f 6724/1878/3829 6723/1877/3829 6721/1879/3830
f 6727/1881/3831 6726/1884/3831 6725/1883/3831
f 6728/1882/3831 6727/1881/3831 6725/1883/3831
f 6731/1876/3832 6730/1884/3833 6729/1881/3832
f 6732/1875/3832 6731/1876/3832 6729/1881/3832
f 6735/1885/3834 6734/1888/3835 6733/1887/3835
f 6736/1886/3836 6735/1885/3834 6733/1887/3835
f 6739/1889/3837 6738/1892/3838 6737/1891/3837
f 6740/1890/3837 6739/1889/3837 6737/1891/3837
f 6743/1901/3839 6742/1904/3840 6741/1903/3840
f 6744/1902/3839 6743/1901/3839 6741/1903/3840
f 6747/1902/3841 6746/1903/3841 6745/1906/3842
f 6748/1905/3841 6747/1902/3841 6745/1906/3842
f 6751/1907/3843 6750/1902/3843 6749/1905/3844
f 6752/1908/3845 6751/1907/3843 6749/1905/3844
f 6755/1909/3846 6754/1911/3847 6753/1910/3846
f 6756/1899/3847 6755/1909/3846 6753/1910/3846
f 6759/1903/3848 6758/1913/3848 6757/1912/3849
f 6760/1906/3850 6759/1903/3848 6757/1912/3849
f 6763/1886/3851 6762/1885/3851 6761/1900/3851
f 6764/1889/3851 6763/1886/3851 6761/1900/3851
f 6767/1893/3852 6766/1873/3852 6765/1895/3852
f 6768/1894/3852 6767/1893/3852 6765/1895/3852
f 6771/1884/3853 6770/1893/3853 6769/1894/3853
f 6772/1896/3853 6771/1884/3853 6769/1894/3853
f 6775/1883/3854 6774/1884/3854 6773/1896/3854
f 6776/1897/3854 6775/1883/3854 6773/1896/3854
f 6779/1879/3855 6778/1880/3855 6777/1899/3856
f 6780/1898/3855 6779/1879/3855 6777/1899/3856
f 6783/1886/3857 6782/1885/3857 6781/1888/3857
f 6784/1889/3857 6783/1886/3857 6781/1888/3857
f 6787/1889/3858 6786/1886/3858 6785/1885/3859
f 6788/1900/3858 6787/1889/3858 6785/1885/3859
f 6791/1873/3860 6790/1876/3861 6789/1875/3862
f 6792/1874/3862 6791/1873/3860 6789/1875/3862
f 6795/1877/3863 6794/1880/3863 6793/1879/3863
f 6796/1878/3863 6795/1877/3863 6793/1879/3863
f 6799/1881/3864 6798/1884/3865 6797/1883/3864
f 6800/1882/3864 6799/1881/3864 6797/1883/3864
f 6803/1876/3866 6802/1884/3866 6801/1881/3866
f 6804/1875/3866 6803/1876/3866 6801/1881/3866
f 6807/1885/3867 6806/1888/3867 6805/1887/3867
f 6808/1886/3868 6807/1885/3867 6805/1887/3867
f 6811/1889/3869 6810/1892/3870 6809/1891/3871
f 6812/1890/3870 6811/1889/3869 6809/1891/3871
f 6815/1873/3872 6814/1876/3872 6813/1875/3872
f 6816/1874/3873 6815/1873/3872 6813/1875/3872
f 6819/1877/3874 6818/1880/3874 6817/1879/3874
f 6820/1878/3874 6819/1877/3874 6817/1879/3874
f 6823/1881/3875 6822/1884/3875 6821/1883/3875
f 6824/1882/3876 6823/1881/3875 6821/1883/3875
f 6827/1876/3877 6826/1884/3877 6825/1881/3878
f 6828/1875/3878 6827/1876/3877 6825/1881/3878
f 6831/1885/3879 6830/1888/3879 6829/1887/3879
f 6832/1886/3879 6831/1885/3879 6829/1887/3879
f 6835/1889/3880 6834/1892/3880 6833/1891/3880
f 6836/1890/3880 6835/1889/3880 6833/1891/3880
f 6839/1893/3881 6838/1873/3881 6837/1895/3882
f 6840/1894/3883 6839/1893/3881 6837/1895/3882
f 6843/1884/3884 6842/1893/3885 6841/1894/3884
f 6844/1896/3886 6843/1884/3884 6841/1894/3884
f 6847/1883/3887 6846/1884/3887 6845/1896/3887
f 6848/1897/3888 6847/1883/3887 6845/1896/3887
f 6851/1879/3889 6850/1880/3889 6849/1899/3889
f 6852/1898/3889 6851/1879/3889 6849/1899/3889
f 6855/1886/3890 6854/1885/3891 6853/1888/3890
f 6856/1889/3891 6855/1886/3890 6853/1888/3890
f 6859/1889/3892 6858/1886/3893 6857/1885/3894
f 6860/1900/3894 6859/1889/3892 6857/1885/3894
f 6863/1901/3895 6862/1904/3895 6861/1903/3895
f 6864/1902/3895 6863/1901/3895 6861/1903/3895
f 6867/1902/3896 6866/1903/3896 6865/1906/3896
f 6868/1905/3896 6867/1902/3896 6865/1906/3896
f 6871/1907/3897 6870/1902/3898 6869/1905/3897
f 6872/1908/3899 6871/1907/3897 6869/1905/3897
f 6875/1909/3900 6874/1911/3900 6873/1910/3900
f 6876/1899/3901 6875/1909/3900 6873/1910/3900
f 6879/1903/3902 6878/1913/3903 6877/1912/3904
f 6880/1906/3904 6879/1903/3902 6877/1912/3904
f 6883/1886/3905 6882/1885/3906 6881/1900/3906
f 6884/1889/3906 6883/1886/3905 6881/1900/3906
f 6887/1914/3907 6886/1915/3908 6885/1916/3909
f 6885/1916/3909 6886/1915/3908 6888/1917/3910
f 6889/1918/3911 6885/1916/3909 6888/1917/3910
f 6890/1919/1701 6889/1918/3911 6888/1917/3910
f 6891/1920/1095 6889/1918/3911 6890/1919/1701
f 6892/1921/1095 6891/1920/1095 6890/1919/1701
f 6895/1922/3912 6894/1923/3913 6893/1924/236
f 6895/1922/3912 6893/1924/236 6896/1925/3914
f 6897/1926/3915 6895/1922/3912 6896/1925/3914
f 6898/1927/29 6897/1926/3915 6896/1925/3914
f 6896/1925/3914 6899/1928/1093 6898/1927/29
f 6899/1928/1093 6900/1929/1093 6898/1927/29
f 6903/1930/3916 6902/1931/3917 6901/1918/3918
f 6904/1920/3919 6903/1930/3916 6901/1918/3918
f 6902/1931/3917 6905/1932/3920 6901/1918/3918
f 6905/1932/3920 6906/1916/3920 6901/1918/3918
f 6909/1930/3921 6908/1920/3922 6907/1921/3922
f 6910/1933/3922 6909/1930/3921 6907/1921/3922
f 6913/1932/3923 6912/1934/3923 6911/1914/3923
f 6914/1916/3923 6913/1932/3923 6911/1914/3923
f 6917/1919/3924 6916/1917/3925 6915/1935/3925
f 6918/1936/3924 6917/1919/3924 6915/1935/3925
f 6915/1935/3925 6916/1917/3925 6919/1937/3926
f 6916/1917/3925 6920/1915/3926 6919/1937/3926
f 6923/1921/3927 6922/1919/3927 6921/1936/3928
f 6924/1933/3927 6923/1921/3927 6921/1936/3928
f 6927/1937/3301 6926/1915/3301 6925/1914/3301
f 6928/1934/3301 6927/1937/3301 6925/1914/3301
f 6931/1938/1055 6930/1939/3929 6929/1940/3930
f 6932/1941/3931 6931/1938/1055 6929/1940/3930
f 6933/1942/3932 6932/1941/3931 6929/1940/3930
f 6934/1943/3933 6933/1942/3932 6929/1940/3930
f 6932/1941/3931 6933/1942/3932 6935/1944/3934
f 6931/1938/1055 6932/1941/3931 6936/1945/3935
f 6936/1945/3935 6932/1941/3931 6935/1944/3934
f 6937/1946/3936 6936/1945/3935 6935/1944/3934
f 6938/1947/3937 6937/1946/3936 6935/1944/3934
f 6941/1938/3938 6940/1948/3939 6939/1939/2769
f 6942/1949/3940 6940/1948/3939 6941/1938/3938
f 6943/1945/3940 6942/1949/3940 6941/1938/3938
f 6946/1950/3941 6945/1942/3942 6944/1943/3943
f 6947/1944/3944 6945/1942/3942 6946/1950/3941
f 6948/1951/3944 6947/1944/3944 6946/1950/3941
f 6951/1952/3945 6950/1940/3946 6949/1939/3947
f 6952/1953/3947 6951/1952/3945 6949/1939/3947
f 6951/1952/3945 6953/1954/3948 6950/1940/3946
f 6953/1954/3948 6954/1943/3949 6950/1940/3946
f 6957/1953/3950 6956/1939/3950 6955/1948/3951
f 6958/1955/3951 6957/1953/3950 6955/1948/3951
f 6961/1955/3952 6960/1948/3952 6959/1949/3952
f 6962/1956/3952 6961/1955/3952 6959/1949/3952
f 6965/1957/3953 6964/1950/3953 6963/1943/3954
f 6966/1954/3954 6965/1957/3953 6963/1943/3954
f 6969/1958/3955 6968/1951/3956 6967/1950/3955
f 6970/1957/3955 6969/1958/3955 6967/1950/3955
f 6973/1959/3957 6972/1960/3957 6971/1961/3957
f 6974/1962/3957 6973/1959/3957 6971/1961/3957
f 6977/1963/2460 6976/1945/2460 6975/1946/3958
f 6978/1964/319 6977/1963/2460 6975/1946/3958
f 6981/1965/3959 6980/1947/3959 6979/1944/3959
f 6982/1966/3960 6981/1965/3959 6979/1944/3959
f 6985/1951/3961 6984/1958/3962 6983/1966/3962
f 6986/1944/3963 6985/1951/3961 6983/1966/3962
f 6989/1945/3964 6988/1963/3964 6987/1956/3965
f 6990/1949/3964 6989/1945/3964 6987/1956/3965
f 6993/1967/3966 6992/1968/3966 6991/1969/3967
f 6994/1960/3967 6993/1967/3966 6991/1969/3967
f 6994/1960/3967 6991/1969/3967 6995/1970/3968
f 6994/1960/3967 6995/1970/3968 6996/1971/3969
f 6996/1971/3969 6997/1961/3970 6994/1960/3967
f 7000/1972/3971 6999/1970/3971 6998/1969/3972
f 7001/1973/3973 7000/1972/3971 6998/1969/3972
f 7004/1974/3974 7003/1975/3975 7002/1976/3529
f 7005/1977/160 7002/1976/3529 7003/1975/3975
f 7006/1978/3976 7005/1977/160 7003/1975/3975
f 7007/1979/3977 7005/1977/160 7006/1978/3976
f 7008/1980/3977 7007/1979/3977 7006/1978/3976
f 7008/1980/3977 7009/1981/3978 7007/1979/3977
f 7009/1981/3978 7010/1982/3979 7007/1979/3977
f 7013/1983/3980 7012/1984/3981 7011/1985/3982
f 7013/1983/3980 7014/1986/3983 7012/1984/3981
f 7014/1986/3983 7015/1987/3984 7012/1984/3981
f 7016/1988/3985 7015/1987/3984 7014/1986/3983
f 7017/1989/3985 7016/1988/3985 7014/1986/3983
f 7017/1989/3985 7018/1990/3986 7016/1988/3985
f 7018/1990/3986 7019/1991/3987 7016/1988/3985
f 7022/1992/3988 7021/1993/3989 7020/1977/3990
f 7023/1979/3991 7022/1992/3988 7020/1977/3990
f 7020/1977/3990 7021/1993/3989 7024/1976/3992
f 7021/1993/3989 7025/1994/3992 7024/1976/3992
f 7026/1995/2873 7022/1992/3988 7023/1979/3991
f 7027/1982/2873 7026/1995/2873 7023/1979/3991
f 7030/1995/3993 7029/1982/3993 7028/1981/3993
f 7031/1996/3993 7030/1995/3993 7028/1981/3993
f 7034/1974/3994 7033/1997/3994 7032/1998/3994
f 7035/1975/3995 7034/1974/3994 7032/1998/3994
f 7038/1999/3996 7037/1975/3997 7036/1998/3998
f 7038/1999/3996 7039/1978/3926 7037/1975/3997
f 7040/2000/3999 7039/1978/3926 7038/1999/3996
f 7040/2000/3999 7041/1980/4000 7039/1978/3926
f 7044/2000/4001 7043/1981/4002 7042/1980/4001
f 7044/2000/4001 7045/1996/4001 7043/1981/4002
f 7048/1997/4003 7047/1974/4004 7046/1976/4004
f 7049/1994/4004 7048/1997/4003 7046/1976/4004
f 7052/2001/4005 7051/2002/4006 7050/2003/4007
f 7053/2004/4008 7050/2003/4007 7051/2002/4006
f 7054/2005/4009 7053/2004/4008 7051/2002/4006
f 7055/2006/4010 7053/2004/4008 7054/2005/4009
f 7055/2006/4010 7056/2007/4011 7053/2004/4008
f 7056/2007/4011 7057/2008/4012 7053/2004/4008
f 7058/2009/4013 7057/2008/4012 7056/2007/4011
f 7059/2010/4013 7058/2009/4013 7056/2007/4011
f 7062/2011/4014 7061/2012/4015 7060/2013/4016
f 7060/2013/4016 7063/2014/4017 7062/2011/4014
f 7063/2014/4017 7064/2015/4018 7062/2011/4014
f 7063/2014/4017 7065/2016/4019 7064/2015/4018
f 7063/2014/4017 7066/2017/4020 7065/2016/4019
f 7066/2017/4020 7067/2018/4021 7065/2016/4019
f 7066/2017/4020 7068/2019/4022 7067/2018/4021
f 7068/2019/4022 7069/2020/4023 7067/2018/4021
f 7072/2021/4024 7071/2004/4024 7070/2008/4025
f 7073/2022/4026 7072/2021/4024 7070/2008/4025
f 7071/2004/4024 7072/2021/4024 7074/2003/4027
f 7072/2021/4024 7075/2023/4027 7074/2003/4027
f 7073/2022/4026 7070/2008/4025 7076/2009/4028
f 7077/2024/4028 7073/2022/4026 7076/2009/4028
f 7080/2024/4029 7079/2009/4029 7078/2010/4030
f 7081/2025/4030 7080/2024/4029 7078/2010/4030
f 7084/2001/3995 7083/2026/3995 7082/2027/4031
f 7085/2002/4031 7084/2001/3995 7082/2027/4031
f 7088/2027/4032 7087/2028/3339 7086/2005/4033
f 7089/2002/4032 7088/2027/4032 7086/2005/4033
f 7086/2005/4033 7087/2028/3339 7090/2006/3339
f 7087/2028/3339 7091/2029/4033 7090/2006/3339
f 7090/2006/3339 7091/2029/4033 7092/2007/4032
f 7091/2029/4033 7093/2030/4032 7092/2007/4032
f 7096/2026/4034 7095/2001/4035 7094/2003/4034
f 7097/2023/4034 7096/2026/4034 7094/2003/4034
f 7100/2025/4036 7099/2010/4036 7098/2007/4036
f 7101/2030/4036 7100/2025/4036 7098/2007/4036
f 7104/2031/4037 7103/2032/4037 7102/2033/4037
f 7105/2034/4038 7104/2031/4037 7102/2033/4037
f 7108/2035/4039 7107/2031/4040 7106/2034/4040
f 7109/2036/4041 7108/2035/4039 7106/2034/4040
f 7109/2036/4041 7110/2037/4042 7108/2035/4039
f 7111/2038/4043 7110/2037/4042 7109/2036/4041
f 7110/2037/4042 7111/2038/4043 7112/2039/237
f 7112/2039/237 7113/2040/4044 7110/2037/4042
f 7116/2041/4045 7115/2042/4046 7114/2043/4047
f 7117/2044/4048 7116/2041/4045 7114/2043/4047
f 7118/2045/4049 7117/2044/4048 7114/2043/4047
f 7119/2046/4050 7118/2045/4049 7114/2043/4047
f 7119/2046/4050 7114/2043/4047 7120/2047/4051
f 7121/2048/4051 7119/2046/4050 7120/2047/4051
f 7122/2049/4044 7117/2044/4048 7118/2045/4049
f 7118/2045/4049 7123/2050/4052 7122/2049/4044
f 7123/2050/4052 7124/2051/4053 7122/2049/4044
f 7122/2049/4044 7124/2051/4053 7125/2052/4054
f 7124/2051/4053 7126/2053/4055 7125/2052/4054
f 7125/2052/4054 7126/2053/4055 7127/2054/4056
f 7128/2055/4057 7125/2052/4054 7127/2054/4056
f 7128/2055/4057 7127/2054/4056 7129/2056/4058
f 7130/2057/4059 7128/2055/4057 7129/2056/4058
f 7126/2053/4055 7131/2058/4060 7127/2054/4056
f 7127/2054/4056 7131/2058/4060 7132/2059/4061
f 7133/2060/4061 7127/2054/4056 7132/2059/4061
f 7136/2047/4062 7135/2043/4063 7134/2042/4064
f 7137/2061/4062 7136/2047/4062 7134/2042/4064
f 7140/2062/4065 7139/2032/4066 7138/2031/4066
f 7141/2063/4067 7140/2062/4065 7138/2031/4066
f 7142/2064/4068 7140/2062/4065 7141/2063/4067
f 7143/2065/4068 7142/2064/4068 7141/2063/4067
f 7144/2066/2472 7142/2064/4068 7143/2065/4068
f 7145/2067/2471 7144/2066/2472 7143/2065/4068
f 7148/2063/4069 7147/2031/4070 7146/2035/4070
f 7149/2068/4071 7148/2063/4069 7146/2035/4070
f 7150/2065/4072 7148/2063/4069 7149/2068/4071
f 7151/2069/4073 7150/2065/4072 7149/2068/4071
f 7151/2069/4073 7149/2068/4071 7152/2040/4074
f 7153/2070/4075 7151/2069/4073 7152/2040/4074
f 7154/2067/4076 7150/2065/4072 7151/2069/4073
f 7155/2071/4077 7154/2067/4076 7151/2069/4073
f 7155/2071/4077 7151/2069/4073 7153/2070/4075
f 7156/2072/4078 7155/2071/4077 7153/2070/4075
f 7157/2073/2828 7155/2071/4077 7156/2072/4078
f 7158/2074/2828 7157/2073/2828 7156/2072/4078
f 7161/2040/4079 7160/2068/4079 7159/2035/4079
f 7162/2037/4079 7161/2040/4079 7159/2035/4079
f 7165/2075/4080 7164/2076/4081 7163/2033/4082
f 7166/2032/4083 7165/2075/4080 7163/2033/4082
f 7167/2077/4084 7164/2076/4081 7165/2075/4080
f 7167/2077/4084 7168/2078/4085 7164/2076/4081
f 7168/2078/4085 7167/2077/4084 7169/2079/4086
f 7168/2078/4085 7169/2079/4086 7170/2080/3445
f 7171/2081/4087 7168/2078/4085 7170/2080/3445
f 7166/2032/4083 7172/2062/4088 7165/2075/4080
f 7172/2062/4088 7173/2082/4089 7165/2075/4080
f 7172/2062/4088 7174/2064/1499 7173/2082/4089
f 7174/2064/1499 7175/2083/4090 7173/2082/4089
f 7176/2084/3019 7167/2077/4084 7165/2075/4080
f 7173/2082/4089 7176/2084/3019 7165/2075/4080
f 7173/2082/4089 7175/2083/4090 7176/2084/3019
f 7177/2085/4091 7169/2079/4086 7167/2077/4084
f 7176/2084/3019 7177/2085/4091 7167/2077/4084
f 7169/2079/4086 7177/2085/4091 7170/2080/3445
f 7174/2064/1499 7178/2066/4092 7175/2083/4090
f 7178/2066/4092 7179/2086/4093 7175/2083/4090
f 7175/2083/4090 7179/2086/4093 7176/2084/3019
f 7179/2086/4093 7180/2087/4094 7176/2084/3019
f 7179/2086/4093 7181/2088/4095 7180/2087/4094
f 7181/2088/4095 7182/2089/2900 7180/2087/4094
f 7180/2087/4094 7182/2089/2900 7183/2090/4096
f 7184/2091/4097 7180/2087/4094 7183/2090/4096
f 7185/2092/4098 7176/2084/3019 7180/2087/4094
f 7186/2093/4099 7176/2084/3019 7185/2092/4098
f 7186/2093/4099 7177/2085/4091 7176/2084/3019
f 7187/2094/4100 7185/2092/4098 7180/2087/4094
f 7184/2091/4097 7187/2094/4100 7180/2087/4094
f 7190/2095/4101 7189/2096/4101 7188/2081/4102
f 7191/2080/4102 7190/2095/4101 7188/2081/4102
f 7194/2096/2512 7193/2095/2512 7192/2047/2512
f 7195/2061/2512 7194/2096/2512 7192/2047/2512
f 7198/2048/4103 7197/2047/4104 7196/2095/4105
f 7199/2097/4105 7198/2048/4103 7196/2095/4105
f 7202/2098/4106 7201/2097/4107 7200/2095/4107
f 7203/2080/4108 7202/2098/4106 7200/2095/4107
f 7203/2080/4108 7204/2085/1749 7202/2098/4106
f 7207/2099/4109 7206/2100/4110 7205/2101/4111
f 7208/2102/4111 7207/2099/4109 7205/2101/4111
f 7207/2099/4109 7209/2103/4112 7206/2100/4110
f 7209/2103/4112 7210/2104/4113 7206/2100/4110
f 7210/2104/4113 7211/2105/4114 7206/2100/4110
f 7212/2106/4115 7210/2104/4113 7209/2103/4112
f 7215/2102/4116 7214/2101/4116 7213/2107/4116
f 7216/2108/4116 7215/2102/4116 7213/2107/4116
f 7219/2108/1255 7218/2107/1255 7217/2109/4117
f 7220/2110/4118 7219/2108/1255 7217/2109/4117
f 7217/2109/4117 7221/2111/4119 7220/2110/4118
f 7221/2111/4119 7222/2112/4120 7220/2110/4118
f 7223/2113/2131 7221/2111/4119 7217/2109/4117
f 7226/2060/4121 7225/2059/4121 7224/2114/4121
f 7227/2115/4121 7226/2060/4121 7224/2114/4121
f 7230/2115/4122 7229/2114/4122 7228/2094/4122
f 7231/2091/4123 7230/2115/4122 7228/2094/4122
f 7234/2100/4124 7233/2116/4124 7232/2117/4125
f 7235/2101/4126 7234/2100/4124 7232/2117/4125
f 7235/2101/4126 7232/2117/4125 7236/2118/4127
f 7237/2107/4128 7235/2101/4126 7236/2118/4127
f 7237/2107/4128 7236/2118/4127 7238/2119/4129
f 7239/2109/4129 7237/2107/4128 7238/2119/4129
f 7242/2102/4130 7241/2120/4131 7240/2121/4130
f 7243/2099/4130 7242/2102/4130 7240/2121/4130
f 7246/2108/4132 7245/2122/4132 7244/2120/4133
f 7247/2102/4133 7246/2108/4132 7244/2120/4133
f 7250/2110/4134 7249/2123/4135 7248/2122/4136
f 7251/2108/4136 7250/2110/4134 7248/2122/4136
f 7250/2110/4134 7252/2112/4137 7249/2123/4135
f 7252/2112/4137 7253/2124/4137 7249/2123/4135
f 7252/2112/4137 7254/2111/4138 7253/2124/4137
f 7254/2111/4138 7255/2125/4139 7253/2124/4137
f 7254/2111/4138 7256/2113/1028 7255/2125/4139
f 7256/2113/1028 7257/2126/1028 7255/2125/4139
f 7260/2109/4140 7259/2119/4140 7258/2126/4141
f 7261/2113/4140 7260/2109/4140 7258/2126/4141
f 7264/2105/4142 7263/2127/4142 7262/2116/4142
f 7265/2100/4142 7264/2105/4142 7262/2116/4142
f 7268/2104/4143 7267/2128/4143 7266/2127/4143
f 7269/2105/4143 7268/2104/4143 7266/2127/4143
f 7272/2106/4144 7271/2129/4144 7270/2128/4144
f 7273/2104/4145 7272/2106/4144 7270/2128/4144
f 7276/2103/4146 7275/2130/4147 7274/2129/4148
f 7277/2106/4148 7276/2103/4146 7274/2129/4148
f 7276/2103/4146 7278/2099/4149 7275/2130/4147
f 7278/2099/4149 7279/2121/4150 7275/2130/4147
f 7282/2131/4151 7281/2132/4152 7280/2133/4153
f 7281/2132/4152 7282/2131/4151 7283/2134/4154
f 7284/2135/4155 7281/2132/4152 7283/2134/4154
f 7287/2136/4156 7286/2132/4157 7285/2137/4158
f 7285/2137/4158 7286/2132/4157 7288/2138/4159
f 7287/2136/4156 7289/2139/4160 7286/2132/4157
f 7292/2133/4161 7291/2132/4161 7290/2140/4161
f 7295/2132/4162 7294/2141/4162 7293/2140/4162
f 7298/2139/4163 7297/2141/4163 7296/2132/4163
f 7301/2138/4164 7300/2132/4164 7299/2135/4164
f 7304/2142/4165 7303/2143/4166 7302/2144/4167
f 7302/2144/4167 7303/2143/4166 7305/2145/4168
f 7302/2144/4167 7305/2145/4168 7306/2146/4169
f 7307/2147/4170 7302/2144/4167 7306/2146/4169
f 7307/2147/4170 7306/2146/4169 7308/2148/4171
f 7309/2149/4172 7307/2147/4170 7308/2148/4171
f 7312/2143/4173 7311/2142/4174 7310/2150/4174
f 7313/2151/4174 7312/2143/4173 7310/2150/4174
f 7316/2151/4175 7315/2150/4175 7314/2152/4175
f 7317/2153/4175 7316/2151/4175 7314/2152/4175
f 7320/2154/4176 7319/2155/4176 7318/2156/4176
f 7321/2157/4176 7320/2154/4176 7318/2156/4176
f 7324/2158/4177 7323/2159/4177 7322/2149/4178
f 7325/2148/4178 7324/2158/4177 7322/2149/4178
f 7328/2160/4179 7327/2161/4179 7326/2162/4180
f 7329/2163/4179 7328/2160/4179 7326/2162/4180
f 7332/2153/4181 7331/2152/4182 7330/2155/4182
f 7333/2154/4182 7332/2153/4181 7330/2155/4182
f 7336/2164/4183 7335/2165/4183 7334/2161/4183
f 7337/2160/4183 7336/2164/4183 7334/2161/4183
f 7340/2163/4184 7339/2162/4184 7338/2159/4184
f 7341/2158/4184 7340/2163/4184 7338/2159/4184
f 7344/2160/2676 7343/2163/4185 7342/2164/4186
f 7343/2163/4185 7345/2158/4187 7342/2164/4186
f 7345/2158/4187 7346/2148/4188 7342/2164/4186
f 7347/2146/4189 7342/2164/4186 7346/2148/4188
f 7350/2153/4190 7349/2157/171 7348/2143/4191
f 7351/2151/4192 7350/2153/4190 7348/2143/4191
f 7348/2143/4191 7349/2157/171 7352/2145/4193
f 7353/2154/4194 7349/2157/171 7350/2153/4190
f 7356/2157/4195 7355/2156/4195 7354/2145/4195
f 7359/2165/4196 7358/2164/4196 7357/2146/4196
f 7362/2166/3155 7361/2167/3155 7360/2168/3155
f 7363/2169/3155 7362/2166/3155 7360/2168/3155
f 7366/2170/4197 7365/2171/4198 7364/2167/4198
f 7367/2166/4197 7366/2170/4197 7364/2167/4198
f 7370/2172/4199 7369/2173/4200 7368/2174/4199
f 7371/2175/4200 7370/2172/4199 7368/2174/4199
f 7374/2176/4201 7373/2177/4201 7372/2173/4202
f 7375/2172/4201 7374/2176/4201 7372/2173/4202
f 7378/2178/4203 7377/2179/4203 7376/2177/4203
f 7379/2176/4203 7378/2178/4203 7376/2177/4203
f 7382/2169/4204 7381/2168/4205 7380/2179/4204
f 7383/2178/4205 7382/2169/4204 7380/2179/4204
f 7386/2180/2574 7385/2181/2574 7384/2182/2574
f 7386/2180/2574 7384/2182/2574 7387/2183/2574
f 7386/2180/2574 7387/2183/2574 7388/2184/2574
f 7386/2180/2574 7388/2184/2574 7389/2185/2574
f 7386/2180/2574 7389/2185/2574 7390/2186/2574
f 7386/2180/2574 7390/2186/2574 7385/2181/2574
f 7393/2187/4206 7392/2188/4206 7391/2189/4206
f 7393/2187/4206 7394/2190/4206 7392/2188/4206
f 7393/2187/4206 7395/2191/4206 7394/2190/4206
f 7393/2187/4206 7396/2192/4206 7395/2191/4206
f 7393/2187/4206 7397/2193/4206 7396/2192/4206
f 7393/2187/4206 7391/2189/4206 7397/2193/4206
f 7400/1915/4207 7399/1914/4208 7398/1916/4209
f 7400/1915/4207 7398/1916/4209 7401/1917/4210
f 7398/1916/4209 7402/1918/4079 7401/1917/4210
f 7402/1918/4079 7403/1919/2462 7401/1917/4210
f 7402/1918/4079 7404/1920/503 7403/1919/2462
f 7404/1920/503 7405/1921/503 7403/1919/2462
f 7408/1923/4211 7407/1922/4212 7406/1924/41
f 7406/1924/41 7407/1922/4212 7409/1925/4213
f 7407/1922/4212 7410/1926/4214 7409/1925/4213
f 7410/1926/4214 7411/1927/280 7409/1925/4213
f 7412/1928/1821 7409/1925/4213 7411/1927/280
f 7413/1929/1821 7412/1928/1821 7411/1927/280
f 7416/1930/4215 7415/1920/4215 7414/1918/985
f 7417/1931/985 7416/1930/4215 7414/1918/985
f 7418/1932/4216 7417/1931/985 7414/1918/985
f 7419/1916/4216 7418/1932/4216 7414/1918/985
f 7422/1930/4217 7421/1933/4217 7420/1921/4217
f 7423/1920/4218 7422/1930/4217 7420/1921/4217
f 7426/1932/4219 7425/1916/4219 7424/1914/4219
f 7427/1934/4219 7426/1932/4219 7424/1914/4219
f 7430/1919/4220 7429/1936/4220 7428/1935/4221
f 7431/1917/4221 7430/1919/4220 7428/1935/4221
f 7431/1917/4221 7428/1935/4221 7432/1937/4222
f 7433/1915/4222 7431/1917/4221 7432/1937/4222
f 7436/1921/4223 7435/1933/4224 7434/1936/4224
f 7437/1919/4223 7436/1921/4223 7434/1936/4224
f 7440/1937/4225 7439/1934/2843 7438/1914/2843
f 7441/1915/2843 7440/1937/4225 7438/1914/2843
f 7444/1938/4226 7443/1941/4227 7442/1940/4228
f 7445/1939/4229 7444/1938/4226 7442/1940/4228
f 7443/1941/4227 7446/1942/4230 7442/1940/4228
f 7446/1942/4230 7447/1943/4231 7442/1940/4228
f 7446/1942/4230 7443/1941/4227 7448/1944/4232
f 7443/1941/4227 7444/1938/4226 7449/1945/4233
f 7443/1941/4227 7449/1945/4233 7448/1944/4232
f 7449/1945/4233 7450/1946/4234 7448/1944/4232
f 7450/1946/4234 7451/1947/4234 7448/1944/4232
f 7454/1948/4235 7453/1938/4236 7452/1939/3231
f 7454/1948/4235 7455/1949/4237 7453/1938/4236
f 7455/1949/4237 7456/1945/4237 7453/1938/4236
f 7459/1942/4238 7458/1950/4239 7457/1943/4240
f 7459/1942/4238 7460/1944/4241 7458/1950/4239
f 7460/1944/4241 7461/1951/4241 7458/1950/4239
f 7464/1952/4242 7463/1953/4243 7462/1939/4243
f 7465/1940/4244 7464/1952/4242 7462/1939/4243
f 7466/1954/4245 7464/1952/4242 7465/1940/4244
f 7467/1943/4246 7466/1954/4245 7465/1940/4244
f 7470/1953/4247 7469/1955/4248 7468/1948/4248
f 7471/1939/4247 7470/1953/4247 7468/1948/4248
f 7474/1955/4249 7473/1956/4249 7472/1949/4249
f 7475/1948/4250 7474/1955/4249 7472/1949/4249
f 7478/1957/4251 7477/1954/4252 7476/1943/4252
f 7479/1950/4251 7478/1957/4251 7476/1943/4252
f 7482/1958/4253 7481/1957/4253 7480/1950/4253
f 7483/1951/4254 7482/1958/4253 7480/1950/4253
f 7486/1959/4255 7485/1962/4255 7484/1961/4255
f 7487/1960/4255 7486/1959/4255 7484/1961/4255
f 7490/1963/2160 7489/1964/4256 7488/1946/4257
f 7491/1945/2160 7490/1963/2160 7488/1946/4257
f 7494/1965/4258 7493/1966/4259 7492/1944/4260
f 7495/1947/4258 7494/1965/4258 7492/1944/4260
f 7498/1951/4261 7497/1944/4261 7496/1966/4262
f 7499/1958/4262 7498/1951/4261 7496/1966/4262
f 7502/1945/4263 7501/1949/4263 7500/1956/4264
f 7503/1963/4265 7502/1945/4263 7500/1956/4264
f 7506/1967/4266 7505/1960/4267 7504/1969/4267
f 7507/1968/4266 7506/1967/4266 7504/1969/4267
f 7504/1969/4267 7505/1960/4267 7508/1971/4268
f 7508/1971/4268 7509/1970/4269 7504/1969/4267
f 7505/1960/4267 7510/1961/4268 7508/1971/4268
f 7513/1972/4270 7512/1973/4271 7511/1969/4271
f 7514/1970/4270 7513/1972/4270 7511/1969/4271
f 7517/1975/4272 7516/1974/4273 7515/1976/3738
f 7515/1976/3738 7518/1977/94 7517/1975/4272
f 7518/1977/94 7519/1978/4274 7517/1975/4272
f 7518/1977/94 7520/1979/4275 7519/1978/4274
f 7520/1979/4275 7521/1980/4276 7519/1978/4274
f 7522/1981/4277 7521/1980/4276 7520/1979/4275
f 7523/1982/4277 7522/1981/4277 7520/1979/4275
f 7526/1984/4278 7525/1983/4279 7524/1985/4280
f 7527/1986/4281 7525/1983/4279 7526/1984/4278
f 7528/1987/4282 7527/1986/4281 7526/1984/4278
f 7528/1987/4282 7529/1988/4283 7527/1986/4281
f 7529/1988/4283 7530/1989/4283 7527/1986/4281
f 7531/1990/4284 7530/1989/4283 7529/1988/4283
f 7532/1991/4284 7531/1990/4284 7529/1988/4283
f 7535/1992/4285 7534/1979/4286 7533/1977/4287
f 7536/1993/4287 7535/1992/4285 7533/1977/4287
f 7536/1993/4287 7533/1977/4287 7537/1976/4288
f 7538/1994/4288 7536/1993/4287 7537/1976/4288
f 7535/1992/4285 7539/1995/3332 7534/1979/4286
f 7539/1995/3332 7540/1982/3332 7534/1979/4286
f 7543/1995/4289 7542/1996/4289 7541/1981/4289
f 7544/1982/4289 7543/1995/4289 7541/1981/4289
f 7547/1974/4290 7546/1975/4291 7545/1998/4290
f 7548/1997/4292 7547/1974/4290 7545/1998/4290
f 7551/1975/4293 7550/1999/1727 7549/1998/4294
f 7552/1978/4222 7550/1999/1727 7551/1975/4293
f 7552/1978/4222 7553/2000/4295 7550/1999/1727
f 7554/1980/4296 7553/2000/4295 7552/1978/4222
f 7557/1981/4297 7556/2000/4297 7555/1980/4298
f 7558/1996/4298 7556/2000/4297 7557/1981/4297
f 7561/1997/4299 7560/1994/4300 7559/1976/4300
f 7562/1974/4300 7561/1997/4299 7559/1976/4300
f 7565/2002/4301 7564/2001/4302 7563/2003/4303
f 7563/2003/4303 7566/2004/4304 7565/2002/4301
f 7566/2004/4304 7567/2005/4305 7565/2002/4301
f 7566/2004/4304 7568/2006/4306 7567/2005/4305
f 7569/2007/4307 7568/2006/4306 7566/2004/4304
f 7570/2008/4308 7569/2007/4307 7566/2004/4304
f 7570/2008/4308 7571/2009/4309 7569/2007/4307
f 7571/2009/4309 7572/2010/4309 7569/2007/4307
f 7575/2012/4310 7574/2011/4311 7573/2013/4312
f 7576/2014/4313 7573/2013/4312 7574/2011/4311
f 7577/2015/4314 7576/2014/4313 7574/2011/4311
f 7578/2016/4315 7576/2014/4313 7577/2015/4314
f 7579/2017/4316 7576/2014/4313 7578/2016/4315
f 7580/2018/4317 7579/2017/4316 7578/2016/4315
f 7581/2019/4318 7579/2017/4316 7580/2018/4317
f 7582/2020/4318 7581/2019/4318 7580/2018/4317
f 7585/2021/4319 7584/2022/4320 7583/2008/4321
f 7586/2004/4319 7585/2021/4319 7583/2008/4321
f 7585/2021/4319 7586/2004/4319 7587/2003/4322
f 7588/2023/4322 7585/2021/4319 7587/2003/4322
f 7583/2008/4321 7584/2022/4320 7589/2009/4323
f 7584/2022/4320 7590/2024/4323 7589/2009/4323
f 7593/2024/4324 7592/2025/4324 7591/2010/4324
f 7594/2009/4324 7593/2024/4324 7591/2010/4324
f 7597/2001/4325 7596/2002/4292 7595/2027/4290
f 7598/2026/4291 7597/2001/4325 7595/2027/4290
f 7601/2027/4326 7600/2002/4326 7599/2005/4327
f 7602/2028/2879 7601/2027/4326 7599/2005/4327
f 7602/2028/2879 7599/2005/4327 7603/2006/2879
f 7604/2029/4327 7602/2028/2879 7603/2006/2879
f 7604/2029/4327 7603/2006/2879 7605/2007/4326
f 7606/2030/4326 7604/2029/4327 7605/2007/4326
f 7609/2026/4328 7608/2023/4329 7607/2003/4328
f 7610/2001/4329 7609/2026/4328 7607/2003/4328
f 7613/2025/4330 7612/2030/4330 7611/2007/4330
f 7614/2010/4330 7613/2025/4330 7611/2007/4330
f 7617/2031/4331 7616/2034/4331 7615/2033/4332
f 7618/2032/4331 7617/2031/4331 7615/2033/4332
f 7621/2035/4333 7620/2036/4334 7619/2034/4335
f 7622/2031/4335 7621/2035/4333 7619/2034/4335
f 7623/2037/4336 7620/2036/4334 7621/2035/4333
f 7623/2037/4336 7624/2038/4337 7620/2036/4334
f 7624/2038/4337 7623/2037/4336 7625/2039/42
f 7626/2040/4338 7625/2039/42 7623/2037/4336
f 7629/2041/4339 7628/2044/4340 7627/2043/4341
f 7630/2042/4342 7629/2041/4339 7627/2043/4341
f 7628/2044/4340 7631/2045/4343 7627/2043/4341
f 7631/2045/4343 7632/2046/4344 7627/2043/4341
f 7627/2043/4341 7632/2046/4344 7633/2047/4345
f 7632/2046/4344 7634/2048/4345 7633/2047/4345
f 7628/2044/4340 7635/2049/4346 7631/2045/4343
f 7636/2050/4347 7631/2045/4343 7635/2049/4346
f 7637/2051/4348 7636/2050/4347 7635/2049/4346
f 7637/2051/4348 7635/2049/4346 7638/2052/4349
f 7639/2053/3944 7637/2051/4348 7638/2052/4349
f 7639/2053/3944 7638/2052/4349 7640/2054/4350
f 7638/2052/4349 7641/2055/4351 7640/2054/4350
f 7640/2054/4350 7641/2055/4351 7642/2056/4352
f 7641/2055/4351 7643/2057/4353 7642/2056/4352
f 7644/2058/4354 7639/2053/3944 7640/2054/4350
f 7644/2058/4354 7640/2054/4350 7645/2059/4355
f 7640/2054/4350 7646/2060/4355 7645/2059/4355
f 7649/2047/4356 7648/2061/4356 7647/2042/4357
f 7650/2043/4358 7649/2047/4356 7647/2042/4357
f 7653/2062/4359 7652/2063/4360 7651/2031/4361
f 7654/2032/4361 7653/2062/4359 7651/2031/4361
f 7653/2062/4359 7655/2064/4362 7652/2063/4360
f 7655/2064/4362 7656/2065/4363 7652/2063/4360
f 7655/2064/4362 7657/2066/2172 7656/2065/4363
f 7657/2066/2172 7658/2067/2171 7656/2065/4363
f 7661/2063/4364 7660/2068/4365 7659/2035/4366
f 7662/2031/4366 7661/2063/4364 7659/2035/4366
f 7661/2063/4364 7663/2065/4367 7660/2068/4365
f 7663/2065/4367 7664/2069/4368 7660/2068/4365
f 7660/2068/4365 7664/2069/4368 7665/2040/4369
f 7664/2069/4368 7666/2070/4370 7665/2040/4369
f 7663/2065/4367 7667/2067/4371 7664/2069/4368
f 7667/2067/4371 7668/2071/4372 7664/2069/4368
f 7664/2069/4368 7668/2071/4372 7666/2070/4370
f 7668/2071/4372 7669/2072/4373 7666/2070/4370
f 7668/2071/4372 7670/2073/3285 7669/2072/4373
f 7670/2073/3285 7671/2074/3285 7669/2072/4373
f 7674/2040/3911 7673/2037/3911 7672/2035/3911
f 7675/2068/3911 7674/2040/3911 7672/2035/3911
f 7678/2075/4374 7677/2032/4375 7676/2033/4376
f 7679/2076/4377 7678/2075/4374 7676/2033/4376
f 7679/2076/4377 7680/2077/4378 7678/2075/4374
f 7681/2078/4379 7680/2077/4378 7679/2076/4377
f 7680/2077/4378 7681/2078/4379 7682/2079/4380
f 7682/2079/4380 7681/2078/4379 7683/2080/2983
f 7681/2078/4379 7684/2081/4381 7683/2080/2983
f 7685/2062/4382 7677/2032/4375 7678/2075/4374
f 7686/2082/4383 7685/2062/4382 7678/2075/4374
f 7687/2064/749 7685/2062/4382 7686/2082/4383
f 7688/2083/4384 7687/2064/749 7686/2082/4383
f 7689/2084/3480 7686/2082/4383 7678/2075/4374
f 7680/2077/4378 7689/2084/3480 7678/2075/4374
f 7688/2083/4384 7686/2082/4383 7689/2084/3480
f 7690/2085/4385 7689/2084/3480 7680/2077/4378
f 7682/2079/4380 7690/2085/4385 7680/2077/4378
f 7690/2085/4385 7682/2079/4380 7683/2080/2983
f 7691/2066/4386 7687/2064/749 7688/2083/4384
f 7692/2086/4387 7691/2066/4386 7688/2083/4384
f 7692/2086/4387 7688/2083/4384 7689/2084/3480
f 7693/2087/4388 7692/2086/4387 7689/2084/3480
f 7694/2088/4389 7692/2086/4387 7693/2087/4388
f 7695/2089/3367 7694/2088/4389 7693/2087/4388
f 7695/2089/3367 7693/2087/4388 7696/2090/4390
f 7693/2087/4388 7697/2091/4391 7696/2090/4390
f 7689/2084/3480 7698/2092/4392 7693/2087/4388
f 7689/2084/3480 7699/2093/4393 7698/2092/4392
f 7690/2085/4385 7699/2093/4393 7689/2084/3480
f 7698/2092/4392 7700/2094/4394 7693/2087/4388
f 7700/2094/4394 7697/2091/4391 7693/2087/4388
f 7703/2095/4395 7702/2080/4396 7701/2081/4396
f 7704/2096/4395 7703/2095/4395 7701/2081/4396
f 7707/2096/2212 7706/2061/2212 7705/2047/2212
f 7708/2095/2212 7707/2096/2212 7705/2047/2212
f 7711/2048/4397 7710/2097/4397 7709/2095/4397
f 7712/2047/4397 7711/2048/4397 7709/2095/4397
f 7715/2098/4398 7714/2080/4399 7713/2095/4400
f 7716/2097/4400 7715/2098/4398 7713/2095/4400
f 7717/2085/1001 7714/2080/4399 7715/2098/4398
f 7720/2099/4401 7719/2102/4402 7718/2101/4403
f 7721/2100/4404 7720/2099/4401 7718/2101/4403
f 7722/2103/4405 7720/2099/4401 7721/2100/4404
f 7723/2104/4406 7722/2103/4405 7721/2100/4404
f 7724/2105/4407 7723/2104/4406 7721/2100/4404
f 7723/2104/4406 7725/2106/4407 7722/2103/4405
f 7728/2102/4408 7727/2108/4408 7726/2107/4408
f 7729/2101/4408 7728/2102/4408 7726/2107/4408
f 7732/2108/498 7731/2110/4409 7730/2109/4409
f 7733/2107/498 7732/2108/498 7730/2109/4409
f 7734/2111/4410 7730/2109/4409 7731/2110/4409
f 7735/2112/4411 7734/2111/4410 7731/2110/4409
f 7734/2111/4410 7736/2113/2432 7730/2109/4409
f 7739/2060/4412 7738/2115/4412 7737/2114/4412
f 7740/2059/4412 7739/2060/4412 7737/2114/4412
f 7743/2115/4413 7742/2091/4414 7741/2094/4413
f 7744/2114/4413 7743/2115/4413 7741/2094/4413
f 7747/2100/4415 7746/2101/4416 7745/2117/4417
f 7748/2116/4418 7747/2100/4415 7745/2117/4417
f 7745/2117/4417 7746/2101/4416 7749/2118/4419
f 7746/2101/4416 7750/2107/4420 7749/2118/4419
f 7749/2118/4419 7750/2107/4420 7751/2119/4421
f 7750/2107/4420 7752/2109/4421 7751/2119/4421
f 7755/2102/4422 7754/2099/4423 7753/2121/4423
f 7756/2120/4422 7755/2102/4422 7753/2121/4423
f 7759/2108/4424 7758/2102/4425 7757/2120/4425
f 7760/2122/4424 7759/2108/4424 7757/2120/4425
f 7763/2110/4426 7762/2108/4427 7761/2122/4427
f 7764/2123/4428 7763/2110/4426 7761/2122/4427
f 7765/2112/4429 7763/2110/4426 7764/2123/4428
f 7766/2124/4429 7765/2112/4429 7764/2123/4428
f 7767/2111/4430 7765/2112/4429 7766/2124/4429
f 7768/2125/4431 7767/2111/4430 7766/2124/4429
f 7769/2113/4432 7767/2111/4430 7768/2125/4431
f 7770/2126/4433 7769/2113/4432 7768/2125/4431
f 7773/2109/4434 7772/2113/4434 7771/2126/4434
f 7774/2119/4434 7773/2109/4434 7771/2126/4434
f 7777/2105/4435 7776/2100/4435 7775/2116/4435
f 7778/2127/4435 7777/2105/4435 7775/2116/4435
f 7781/2104/4436 7780/2105/4436 7779/2127/4436
f 7782/2128/4436 7781/2104/4436 7779/2127/4436
f 7785/2106/4437 7784/2104/4438 7783/2128/4437
f 7786/2129/4437 7785/2106/4437 7783/2128/4437
f 7789/2103/4439 7788/2106/4440 7787/2129/4440
f 7790/2130/4441 7789/2103/4439 7787/2129/4440
f 7791/2099/4442 7789/2103/4439 7790/2130/4441
f 7792/2121/4443 7791/2099/4442 7790/2130/4441
f 7795/2132/4444 7794/2131/4445 7793/2133/4446
f 7794/2131/4445 7795/2132/4444 7796/2134/4447
f 7795/2132/4444 7797/2135/4448 7796/2134/4447
f 7800/2132/4449 7799/2136/4450 7798/2137/4451
f 7800/2132/4449 7798/2137/4451 7801/2138/4452
f 7802/2139/4453 7799/2136/4450 7800/2132/4449
f 7805/2132/4454 7804/2133/4454 7803/2140/4454
f 7808/2141/4455 7807/2132/4455 7806/2140/4455
f 7811/2141/4456 7810/2139/4456 7809/2132/4456
f 7814/2132/4457 7813/2138/4457 7812/2135/4457
f 7817/2143/4458 7816/2142/4459 7815/2144/4460
f 7817/2143/4458 7815/2144/4460 7818/2145/4461
f 7818/2145/4461 7815/2144/4460 7819/2146/4462
f 7815/2144/4460 7820/2147/4463 7819/2146/4462
f 7819/2146/4462 7820/2147/4463 7821/2148/4464
f 7820/2147/4463 7822/2149/4465 7821/2148/4464
f 7825/2143/4466 7824/2151/4467 7823/2150/4467
f 7826/2142/4467 7825/2143/4466 7823/2150/4467
f 7829/2151/4468 7828/2153/4468 7827/2152/4468
f 7830/2150/4468 7829/2151/4468 7827/2152/4468
f 7833/2154/4469 7832/2157/4469 7831/2156/4469
f 7834/2155/4469 7833/2154/4469 7831/2156/4469
f 7837/2158/4470 7836/2148/4471 7835/2149/4470
f 7838/2159/4470 7837/2158/4470 7835/2149/4470
f 7841/2160/4472 7840/2163/4472 7839/2162/4473
f 7842/2161/4472 7841/2160/4472 7839/2162/4473
f 7845/2153/4474 7844/2154/4475 7843/2155/4475
f 7846/2152/4475 7845/2153/4474 7843/2155/4475
f 7849/2164/4476 7848/2160/4476 7847/2161/4476
f 7850/2165/4476 7849/2164/4476 7847/2161/4476
f 7853/2163/4477 7852/2158/4478 7851/2159/4478
f 7854/2162/4478 7853/2163/4477 7851/2159/4478
f 7857/2163/4479 7856/2160/3139 7855/2164/4480
f 7858/2158/4481 7857/2163/4479 7855/2164/4480
f 7859/2148/4482 7858/2158/4481 7855/2164/4480
f 7855/2164/4480 7860/2146/4483 7859/2148/4482
f 7863/2153/4484 7862/2151/4485 7861/2143/4486
f 7864/2157/106 7863/2153/4484 7861/2143/4486
f 7864/2157/106 7861/2143/4486 7865/2145/4487
f 7864/2157/106 7866/2154/4488 7863/2153/4484
f 7869/2156/4489 7868/2157/4489 7867/2145/4489
f 7872/2164/4490 7871/2165/4490 7870/2146/4490
f 7875/2166/2693 7874/2169/2693 7873/2168/2693
f 7876/2167/2693 7875/2166/2693 7873/2168/2693
f 7879/2170/4491 7878/2166/4491 7877/2167/4492
f 7880/2171/4493 7879/2170/4491 7877/2167/4492
f 7883/2172/4494 7882/2175/4494 7881/2174/4494
f 7884/2173/4495 7883/2172/4494 7881/2174/4494
f 7887/2176/4496 7886/2172/4496 7885/2173/4497
f 7888/2177/4496 7887/2176/4496 7885/2173/4497
f 7891/2178/4498 7890/2176/4498 7889/2177/4499
f 7892/2179/4499 7891/2178/4498 7889/2177/4499
f 7895/2169/4500 7894/2178/4501 7893/2179/4500
f 7896/2168/4501 7895/2169/4500 7893/2179/4500
f 7899/2181/4502 7898/2180/3041 7897/2182/3041
f 7897/2182/3041 7898/2180/3041 7900/2183/3041
f 7900/2183/3041 7898/2180/3041 7901/2184/3041
f 7901/2184/3041 7898/2180/3041 7902/2185/3041
f 7902/2185/3041 7898/2180/3041 7903/2186/3041
f 7903/2186/3041 7898/2180/3041 7899/2181/4502
f 7906/2188/4503 7905/2187/4503 7904/2189/4503
f 7907/2190/4503 7905/2187/4503 7906/2188/4503
f 7908/2191/4503 7905/2187/4503 7907/2190/4503
f 7909/2192/4503 7905/2187/4503 7908/2191/4503
f 7910/2193/4503 7905/2187/4503 7909/2192/4503
f 7904/2189/4503 7905/2187/4503 7910/2193/4503
f 7913/2194/4504 7912/2195/4504 7911/2196/4504
f 7914/2197/4504 7913/2194/4504 7911/2196/4504
f 7917/2196/4505 7916/2195/4505 7915/2198/4505
f 7915/2198/4505 7918/2199/4505 7917/2196/4505
f 7918/2199/4505 7919/2200/4505 7917/2196/4505
f 7918/2199/4505 7920/2201/4505 7919/2200/4505
f 7923/2202/4506 7922/2194/4506 7921/2197/4506
f 7921/2197/4506 7924/2203/4506 7923/2202/4506
f 7921/2197/4506 7925/2204/4506 7924/2203/4506
f 7925/2204/4506 7926/2205/4507 7924/2203/4506
f 7929/2194/4508 7928/2206/4509 7927/2207/4510
f 7930/2195/4511 7929/2194/4508 7927/2207/4510
f 7930/2195/4511 7927/2207/4510 7931/2208/4512
f 7932/2198/4512 7930/2195/4511 7931/2208/4512
f 7929/2194/4508 7933/2202/4513 7928/2206/4509
f 7933/2202/4513 7934/2209/4513 7928/2206/4509
f 7937/2196/4514 7936/2210/4515 7935/2211/4516
f 7938/2197/4517 7937/2196/4514 7935/2211/4516
f 7937/2196/4514 7939/2200/4518 7936/2210/4515
f 7939/2200/4518 7940/2212/4518 7936/2210/4515
f 7938/2197/4517 7935/2211/4516 7941/2213/4519
f 7942/2204/4519 7938/2197/4517 7941/2213/4519
f 7945/2201/4520 7944/2214/4520 7943/2212/4520
f 7946/2200/4520 7945/2201/4520 7943/2212/4520
f 7949/2199/4521 7948/2215/4521 7947/2214/4522
f 7950/2201/4522 7949/2199/4521 7947/2214/4522
f 7949/2199/4521 7951/2198/4523 7948/2215/4521
f 7951/2198/4523 7952/2208/4523 7948/2215/4521
f 7955/2203/4524 7954/2216/4525 7953/2209/4526
f 7956/2202/4526 7955/2203/4524 7953/2209/4526
f 7955/2203/4524 7957/2205/4527 7954/2216/4525
f 7957/2205/4527 7958/2217/4527 7954/2216/4525
f 7961/2204/4528 7960/2213/4529 7959/2217/4529
f 7962/2205/4529 7961/2204/4528 7959/2217/4529
f 7965/2218/4530 7964/2219/4530 7963/2220/4530
f 7966/2221/4530 7965/2218/4530 7963/2220/4530
f 7969/2222/4531 7968/2223/4532 7967/2219/4533
f 7970/2218/4534 7969/2222/4531 7967/2219/4533
f 7969/2222/4531 7971/2224/4535 7968/2223/4532
f 7971/2224/4535 7972/2225/4535 7968/2223/4532
f 7975/2220/30 7974/2226/4536 7973/2227/3522
f 7976/2221/30 7975/2220/30 7973/2227/3522
f 7973/2227/3522 7974/2226/4536 7977/2228/4537
f 7978/2229/4537 7973/2227/3522 7977/2228/4537
f 7981/2219/4538 7980/2230/4539 7979/2231/4540
f 7982/2220/4541 7981/2219/4538 7979/2231/4540
f 7981/2219/4538 7983/2223/4542 7980/2230/4539
f 7983/2223/4542 7984/2232/4542 7980/2230/4539
f 7982/2220/4541 7979/2231/4540 7985/2233/4543
f 7986/2226/4543 7982/2220/4541 7985/2233/4543
f 7989/2221/4544 7988/2234/4545 7987/2235/4546
f 7990/2218/4547 7989/2221/4544 7987/2235/4546
f 7990/2218/4547 7987/2235/4546 7991/2236/4548
f 7992/2222/4548 7990/2218/4547 7991/2236/4548
f 7989/2221/4544 7993/2227/4549 7988/2234/4545
f 7993/2227/4549 7994/2237/4550 7988/2234/4545
f 7997/2225/4551 7996/2238/4552 7995/2232/4553
f 7998/2223/4554 7997/2225/4551 7995/2232/4553
f 8001/2224/4555 8000/2239/4556 7999/2238/4557
f 8002/2225/4555 8001/2224/4555 7999/2238/4557
f 8005/2222/4558 8004/2236/4559 8003/2239/4560
f 8006/2224/4558 8005/2222/4558 8003/2239/4560
f 8009/2226/4561 8008/2233/4561 8007/2240/4561
f 8010/2228/4562 8009/2226/4561 8007/2240/4561
f 8013/2229/4563 8012/2241/4564 8011/2237/4565
f 8014/2227/4566 8013/2229/4563 8011/2237/4565
f 8017/2228/4567 8016/2240/4568 8015/2241/4569
f 8018/2229/4570 8017/2228/4567 8015/2241/4569
f 8021/2242/4571 8020/2243/4572 8019/2244/4573
f 8022/2245/4574 8021/2242/4571 8019/2244/4573
f 8023/2246/4575 8020/2243/4572 8021/2242/4571
f 8024/2247/4576 8023/2246/4575 8021/2242/4571
f 8025/2248/4577 8023/2246/4575 8024/2247/4576
f 8026/2249/4578 8025/2248/4577 8024/2247/4576
f 8024/2247/4576 8027/2250/4579 8026/2249/4578
f 8028/2251/4100 8022/2245/4574 8019/2244/4573
f 8019/2244/4573 8029/2252/4580 8028/2251/4100
f 8028/2251/4100 8029/2252/4580 8030/2253/4581
f 8031/2254/4582 8028/2251/4100 8030/2253/4581
f 8032/2255/4583 8025/2248/4577 8026/2249/4578
f 8033/2256/4584 8032/2255/4583 8026/2249/4578
f 8034/2257/4585 8032/2255/4583 8033/2256/4584
f 8035/2258/2814 8034/2257/4585 8033/2256/4584
f 8036/2259/4586 8034/2257/4585 8035/2258/2814
f 8035/2258/2814 8037/2260/4586 8036/2259/4586
f 8036/2259/4586 8038/2261/4587 8034/2257/4585
f 8039/2262/4588 8036/2259/4586 8037/2260/4586
f 8037/2260/4586 8040/2263/4589 8039/2262/4588
f 8039/2262/4588 8041/2264/4590 8036/2259/4586
f 8041/2264/4590 8039/2262/4588 8042/2265/4591
f 8042/2265/4591 8043/2266/4592 8041/2264/4590
f 8043/2266/4592 8044/2267/4593 8041/2264/4590
f 8043/2266/4592 8045/2268/4594 8044/2267/4593
f 8045/2268/4594 8046/2269/4594 8044/2267/4593
f 8049/2270/249 8048/2271/4595 8047/2272/4596
f 8047/2272/4596 8050/2273/2461 8049/2270/249
f 8047/2272/4596 8051/2274/106 8050/2273/2461
f 8051/2274/106 8047/2272/4596 8052/2275/2461
f 8047/2272/4596 8053/2276/2461 8052/2275/2461
f 8052/2275/2461 8053/2276/2461 8054/2277/4597
f 8053/2276/2461 8055/2278/232 8054/2277/4597
f 8055/2278/232 8056/2279/4598 8054/2277/4597
f 8054/2277/4597 8056/2279/4598 8057/2280/4599
f 8057/2280/4599 8056/2279/4598 8058/2281/4600
f 8056/2279/4598 8059/2282/4600 8058/2281/4600
f 8060/2283/4601 8049/2270/249 8050/2273/2461
f 8061/2284/4602 8060/2283/4601 8050/2273/2461
f 8062/2285/4603 8060/2283/4601 8061/2284/4602
f 8063/2286/4603 8062/2285/4603 8061/2284/4602
f 8062/2285/4603 8063/2286/4603 8064/2287/4604
f 8064/2287/4604 8065/2288/4604 8062/2285/4603
f 8065/2288/4604 8064/2287/4604 8066/2289/4597
f 8066/2289/4597 8067/2290/4605 8065/2288/4604
f 8064/2287/4604 8068/2291/4606 8066/2289/4597
f 8069/2292/4607 8066/2289/4597 8068/2291/4606
f 8068/2291/4606 8070/2293/4608 8069/2292/4607
f 8068/2291/4606 8071/2294/105 8070/2293/4608
f 8072/2295/111 8070/2293/4608 8071/2294/105
f 8073/2296/4609 8072/2295/111 8071/2294/105
f 8074/2297/4610 8072/2295/111 8073/2296/4609
f 8077/2298/4611 8076/2299/4516 8075/2271/4612
f 8078/2270/4613 8077/2298/4611 8075/2271/4612
f 8081/2300/4614 8080/2301/4615 8079/2273/4615
f 8082/2274/4614 8081/2300/4614 8079/2273/4615
f 8083/2302/4616 8079/2273/4615 8080/2301/4615
f 8084/2303/4616 8083/2302/4616 8080/2301/4615
f 8087/2304/4617 8086/2300/4618 8085/2274/4619
f 8088/2275/4617 8087/2304/4617 8085/2274/4619
f 8091/2305/4620 8090/2306/4621 8089/2307/4622
f 8092/2308/4623 8091/2305/4620 8089/2307/4622
f 8095/2309/4624 8094/2305/4624 8093/2308/4624
f 8096/2310/4624 8095/2309/4624 8093/2308/4624
f 8099/2311/4625 8098/2309/4626 8097/2310/4625
f 8100/2312/4625 8099/2311/4625 8097/2310/4625
f 8103/2313/4627 8102/2314/4628 8101/2315/4627
f 8104/2316/4628 8103/2313/4627 8101/2315/4627
f 8107/2317/4560 8106/2313/4629 8105/2316/4565
f 8108/2318/4630 8107/2317/4560 8105/2316/4565
f 8111/2319/4557 8110/2317/4557 8109/2318/4631
f 8112/2320/4568 8111/2319/4557 8109/2318/4631
f 8115/2309/340 8114/2311/4588 8113/2306/2386
f 8116/2305/4257 8115/2309/340 8113/2306/2386
f 8119/2308/4632 8118/2307/2461 8117/2312/4597
f 8120/2310/4633 8119/2308/4632 8117/2312/4597
f 8123/2321/4634 8122/2322/4635 8121/2323/4635
f 8124/2324/4635 8123/2321/4634 8121/2323/4635
f 8127/2325/4636 8126/2321/4636 8125/2324/4636
f 8128/2326/4636 8127/2325/4636 8125/2324/4636
f 8131/2327/4568 8130/2323/4624 8129/2322/4624
f 8132/2328/4557 8131/2327/4568 8129/2322/4624
f 8135/2329/4637 8134/2322/4637 8133/2321/4637
f 8133/2321/4637 8136/2330/4637 8135/2329/4637
f 8136/2330/4637 8137/2331/4637 8135/2329/4637
f 8140/2324/1713 8139/2323/1713 8138/2332/1713
f 8138/2332/1713 8141/2333/1713 8140/2324/1713
f 8138/2332/1713 8142/2334/1713 8141/2333/1713
f 8145/2335/4638 8144/2336/4639 8143/2281/4638
f 8146/2282/4638 8145/2335/4638 8143/2281/4638
f 8149/2288/4640 8148/2290/4641 8147/2337/4642
f 8150/2338/4640 8149/2288/4640 8147/2337/4642
f 8153/2285/4643 8152/2288/4643 8151/2338/4643
f 8154/2339/4643 8153/2285/4643 8151/2338/4643
f 8157/2286/4644 8156/2340/4644 8155/2341/4644
f 8160/2295/4645 8159/2297/4646 8158/2342/4646
f 8161/2343/4645 8160/2295/4645 8158/2342/4646
f 8162/2293/4647 8160/2295/4645 8161/2343/4645
f 8163/2344/4648 8162/2293/4647 8161/2343/4645
f 8163/2344/4648 8164/2345/4649 8162/2293/4647
f 8164/2345/4649 8165/2292/4649 8162/2293/4647
f 8168/2289/4650 8167/2292/4650 8166/2345/4650
f 8169/2346/4650 8168/2289/4650 8166/2345/4650
f 8172/2347/4651 8171/2348/4652 8170/2303/4653
f 8173/2349/4654 8172/2347/4651 8170/2303/4653
f 8174/2350/4587 8171/2348/4652 8172/2347/4651
f 8177/2351/4655 8176/2298/4656 8175/2270/4656
f 8178/2283/4655 8177/2351/4655 8175/2270/4656
f 8179/2339/4657 8177/2351/4655 8178/2283/4655
f 8180/2285/2798 8179/2339/4657 8178/2283/4655
f 8183/2284/4658 8182/2273/4659 8181/2302/4659
f 8186/2352/4660 8185/2353/4660 8184/2354/4660
f 8184/2354/4660 8187/2355/4660 8186/2352/4660
f 8187/2355/4660 8188/2356/4660 8186/2352/4660
f 8188/2356/4660 8189/2357/4660 8186/2352/4660
f 8192/2358/4661 8191/2359/4661 8190/2360/4661
f 8193/2361/4661 8192/2358/4661 8190/2360/4661
f 8196/2357/4662 8195/2356/4662 8194/2359/4662
f 8197/2358/4663 8196/2357/4662 8194/2359/4662
f 8200/2362/4664 8199/2363/4664 8198/2364/4664
f 8201/2365/4664 8200/2362/4664 8198/2364/4664
f 8204/2360/4665 8203/2366/4666 8202/2367/4666
f 8205/2361/4666 8204/2360/4665 8202/2367/4666
f 8208/2368/4667 8207/2369/4667 8206/2370/4667
f 8209/2371/4668 8208/2368/4667 8206/2370/4667
f 8212/2372/4669 8211/2373/4669 8210/2355/4669
f 8213/2354/4670 8212/2372/4669 8210/2355/4669
f 8216/2374/4671 8215/2375/4671 8214/2373/4671
f 8217/2372/4671 8216/2374/4671 8214/2373/4671
f 8220/2370/4672 8219/2376/4672 8218/2377/4672
f 8221/2371/4672 8220/2370/4672 8218/2377/4672
f 8224/2378/4673 8223/2269/4673 8222/2268/4673
f 8227/2286/4603 8226/2341/4674 8225/2287/4604
f 8230/2379/4675 8229/2380/4676 8228/2353/4677
f 8231/2381/4678 8230/2379/4675 8228/2353/4677
f 8232/2352/4679 8231/2381/4678 8228/2353/4677
f 8233/2382/4680 8231/2381/4678 8232/2352/4679
f 8236/2301/4681 8235/2349/4681 8234/2303/4681
f 8239/2284/4682 8238/2302/4683 8237/2340/4682
f 8240/2286/4682 8239/2284/4682 8237/2340/4682
f 8243/2348/4684 8242/2340/4685 8241/2302/4686
f 8244/2303/4686 8243/2348/4684 8241/2302/4686
f 8242/2340/4685 8243/2348/4684 8245/2350/4687
f 8246/2341/4687 8242/2340/4685 8245/2350/4687
f 8249/2383/4688 8248/2384/4689 8247/2385/4690
f 8249/2383/4688 8250/2386/4690 8248/2384/4689
f 8249/2383/4688 8251/2387/4094 8250/2386/4690
f 8249/2383/4688 8252/2388/4446 8251/2387/4094
f 8249/2383/4688 8253/2389/4691 8252/2388/4446
f 8249/2383/4688 8254/2390/4692 8253/2389/4691
f 8249/2383/4688 8247/2385/4690 8254/2390/4692
f 8257/2391/4693 8256/2392/4694 8255/2393/4695
f 8257/2391/4693 8258/2394/4696 8256/2392/4694
f 8257/2391/4693 8259/2395/4697 8258/2394/4696
f 8257/2391/4693 8260/2396/4698 8259/2395/4697
f 8257/2391/4693 8261/2397/4699 8260/2396/4698
f 8257/2391/4693 8262/2398/4700 8261/2397/4699
f 8257/2391/4693 8255/2393/4695 8262/2398/4700
f 8265/2363/4701 8264/2362/4702 8263/2367/4703
f 8266/2366/4702 8265/2363/4701 8263/2367/4703
f 8269/2375/4704 8268/2374/4705 8267/2377/4705
f 8270/2376/4705 8269/2375/4704 8267/2377/4705
f 8273/2289/4706 8272/2346/4706 8271/2337/4706
f 8274/2290/4706 8273/2289/4706 8271/2337/4706
f 8277/2194/4707 8276/2197/4707 8275/2196/4707
f 8278/2195/4707 8277/2194/4707 8275/2196/4707
f 8281/2198/4708 8280/2195/4708 8279/2196/4708
f 8279/2196/4708 8282/2199/4708 8281/2198/4708
f 8279/2196/4708 8283/2200/4708 8282/2199/4708
f 8283/2200/4708 8284/2201/4708 8282/2199/4708
f 8287/2197/4709 8286/2194/4709 8285/2202/4709
f 8285/2202/4709 8288/2203/4709 8287/2197/4709
f 8288/2203/4709 8289/2204/4709 8287/2197/4709
f 8288/2203/4709 8290/2205/4710 8289/2204/4709
f 8293/2194/4711 8292/2195/4712 8291/2207/4713
f 8294/2206/4540 8293/2194/4711 8291/2207/4713
f 8291/2207/4713 8292/2195/4712 8295/2208/4714
f 8292/2195/4712 8296/2198/4714 8295/2208/4714
f 8297/2202/4715 8293/2194/4711 8294/2206/4540
f 8298/2209/4716 8297/2202/4715 8294/2206/4540
f 8301/2196/4717 8300/2197/4718 8299/2211/4719
f 8302/2210/4720 8301/2196/4717 8299/2211/4719
f 8303/2200/4721 8301/2196/4717 8302/2210/4720
f 8304/2212/4721 8303/2200/4721 8302/2210/4720
f 8299/2211/4719 8300/2197/4718 8305/2213/4722
f 8300/2197/4718 8306/2204/4722 8305/2213/4722
f 8309/2201/4723 8308/2200/4723 8307/2212/4723
f 8310/2214/4723 8309/2201/4723 8307/2212/4723
f 8313/2199/4724 8312/2201/4725 8311/2214/4725
f 8314/2215/4724 8313/2199/4724 8311/2214/4725
f 8315/2198/4726 8313/2199/4724 8314/2215/4724
f 8316/2208/4726 8315/2198/4726 8314/2215/4724
f 8319/2203/4727 8318/2202/4728 8317/2209/4728
f 8320/2216/4729 8319/2203/4727 8317/2209/4728
f 8321/2205/4730 8319/2203/4727 8320/2216/4729
f 8322/2217/4730 8321/2205/4730 8320/2216/4729
f 8325/2204/4731 8324/2205/4731 8323/2217/4731
f 8326/2213/4731 8325/2204/4731 8323/2217/4731
f 8329/2218/4732 8328/2221/4732 8327/2220/4732
f 8330/2219/4732 8329/2218/4732 8327/2220/4732
f 8333/2222/4733 8332/2218/4734 8331/2219/4734
f 8334/2223/4735 8333/2222/4733 8331/2219/4734
f 8335/2224/4536 8333/2222/4733 8334/2223/4735
f 8336/2225/4536 8335/2224/4536 8334/2223/4735
f 8339/2220/281 8338/2221/281 8337/2227/4736
f 8340/2226/4535 8339/2220/281 8337/2227/4736
f 8340/2226/4535 8337/2227/4736 8341/2228/4737
f 8337/2227/4736 8342/2229/4737 8341/2228/4737
f 8345/2219/4738 8344/2220/4739 8343/2231/4509
f 8346/2230/4740 8345/2219/4738 8343/2231/4509
f 8347/2223/4741 8345/2219/4738 8346/2230/4740
f 8348/2232/4741 8347/2223/4741 8346/2230/4740
f 8343/2231/4509 8344/2220/4739 8349/2233/4742
f 8344/2220/4739 8350/2226/4742 8349/2233/4742
f 8353/2221/4743 8352/2218/4744 8351/2235/4745
f 8354/2234/4746 8353/2221/4743 8351/2235/4745
f 8351/2235/4745 8352/2218/4744 8355/2236/4747
f 8352/2218/4744 8356/2222/4747 8355/2236/4747
f 8357/2227/4748 8353/2221/4743 8354/2234/4746
f 8358/2237/4749 8357/2227/4748 8354/2234/4746
f 8361/2225/4750 8360/2223/4751 8359/2232/4752
f 8362/2238/4752 8361/2225/4750 8359/2232/4752
f 8365/2224/4753 8364/2225/4753 8363/2238/4569
f 8366/2239/4631 8365/2224/4753 8363/2238/4569
f 8369/2222/4754 8368/2224/4754 8367/2239/4755
f 8370/2236/4756 8369/2222/4754 8367/2239/4755
f 8373/2226/4757 8372/2228/4758 8371/2240/4758
f 8374/2233/4757 8373/2226/4757 8371/2240/4758
f 8377/2229/4759 8376/2227/4760 8375/2237/4761
f 8378/2241/4762 8377/2229/4759 8375/2237/4761
f 8381/2228/4763 8380/2229/4764 8379/2241/4557
f 8382/2240/4624 8381/2228/4763 8379/2241/4557
f 8385/2242/4765 8384/2245/4766 8383/2244/4767
f 8386/2243/2084 8385/2242/4765 8383/2244/4767
f 8386/2243/2084 8387/2246/4768 8385/2242/4765
f 8387/2246/4768 8388/2247/4769 8385/2242/4765
f 8388/2247/4769 8387/2246/4768 8389/2248/4770
f 8388/2247/4769 8389/2248/4770 8390/2249/4771
f 8390/2249/4771 8391/2250/4772 8388/2247/4769
f 8384/2245/4766 8392/2251/4394 8383/2244/4767
f 8393/2252/4773 8383/2244/4767 8392/2251/4394
f 8393/2252/4773 8392/2251/4394 8394/2253/4774
f 8392/2251/4394 8395/2254/4775 8394/2253/4774
f 8389/2248/4770 8396/2255/4776 8390/2249/4771
f 8396/2255/4776 8397/2256/4777 8390/2249/4771
f 8396/2255/4776 8398/2257/4778 8397/2256/4777
f 8398/2257/4778 8399/2258/3274 8397/2256/4777
f 8399/2258/3274 8398/2257/4778 8400/2259/406
f 8400/2259/406 8401/2260/406 8399/2258/3274
f 8398/2257/4778 8402/2261/4779 8400/2259/406
f 8401/2260/406 8400/2259/406 8403/2262/4780
f 8403/2262/4780 8404/2263/4781 8401/2260/406
f 8400/2259/406 8405/2264/4782 8403/2262/4780
f 8406/2265/4783 8403/2262/4780 8405/2264/4782
f 8405/2264/4782 8407/2266/4784 8406/2265/4783
f 8405/2264/4782 8408/2267/4785 8407/2266/4784
f 8409/2268/4786 8407/2266/4784 8408/2267/4785
f 8410/2269/4786 8409/2268/4786 8408/2267/4785
f 8413/2272/4787 8412/2271/4788 8411/2270/2
f 8411/2270/2 8414/2273/1700 8413/2272/4787
f 8414/2273/1700 8415/2274/171 8413/2272/4787
f 8413/2272/4787 8415/2274/171 8416/2275/1700
f 8417/2276/1700 8413/2272/4787 8416/2275/1700
f 8417/2276/1700 8416/2275/1700 8418/2277/4789
f 8419/2278/37 8417/2276/1700 8418/2277/4789
f 8420/2279/4790 8419/2278/37 8418/2277/4789
f 8420/2279/4790 8418/2277/4789 8421/2280/4791
f 8420/2279/4790 8421/2280/4791 8422/2281/4792
f 8423/2282/4792 8420/2279/4790 8422/2281/4792
f 8411/2270/2 8424/2283/4793 8414/2273/1700
f 8424/2283/4793 8425/2284/4794 8414/2273/1700
f 8424/2283/4793 8426/2285/4795 8425/2284/4794
f 8426/2285/4795 8427/2286/4795 8425/2284/4794
f 8428/2287/4796 8427/2286/4795 8426/2285/4795
f 8426/2285/4795 8429/2288/4796 8428/2287/4796
f 8430/2289/4789 8428/2287/4796 8429/2288/4796
f 8429/2288/4796 8431/2290/4797 8430/2289/4789
f 8430/2289/4789 8432/2291/4798 8428/2287/4796
f 8432/2291/4798 8430/2289/4789 8433/2292/4799
f 8433/2292/4799 8434/2293/4800 8432/2291/4798
f 8434/2293/4800 8435/2294/172 8432/2291/4798
f 8434/2293/4800 8436/2295/4801 8435/2294/172
f 8436/2295/4801 8437/2296/4802 8435/2294/172
f 8436/2295/4801 8438/2297/4803 8437/2296/4802
f 8441/2298/4804 8440/2270/4804 8439/2271/4805
f 8442/2299/4719 8441/2298/4804 8439/2271/4805
f 8445/2300/4806 8444/2274/4806 8443/2273/4807
f 8446/2301/4807 8445/2300/4806 8443/2273/4807
f 8443/2273/4807 8447/2302/4808 8446/2301/4807
f 8447/2302/4808 8448/2303/4809 8446/2301/4807
f 8451/2304/4810 8450/2275/4810 8449/2274/4811
f 8452/2300/4811 8451/2304/4810 8449/2274/4811
f 8455/2305/4812 8454/2308/4813 8453/2307/4810
f 8456/2306/4814 8455/2305/4812 8453/2307/4810
f 8459/2309/4568 8458/2310/4568 8457/2308/4568
f 8460/2305/4568 8459/2309/4568 8457/2308/4568
f 8463/2311/4815 8462/2312/4815 8461/2310/4815
f 8464/2309/4816 8463/2311/4815 8461/2310/4815
f 8467/2313/4817 8466/2316/4818 8465/2315/4817
f 8468/2314/4817 8467/2313/4817 8465/2315/4817
f 8471/2317/4755 8470/2318/4819 8469/2316/4761
f 8472/2313/4820 8471/2317/4755 8469/2316/4761
f 8475/2319/4569 8474/2320/4624 8473/2318/4557
f 8476/2317/4569 8475/2319/4569 8473/2318/4557
f 8479/2309/318 8478/2305/319 8477/2306/4821
f 8480/2311/4780 8479/2309/318 8477/2306/4821
f 8483/2308/4822 8482/2310/4823 8481/2312/4789
f 8484/2307/1700 8483/2308/4822 8481/2312/4789
f 8487/2321/4824 8486/2324/4824 8485/2323/4825
f 8488/2322/4825 8487/2321/4824 8485/2323/4825
f 8491/2325/4826 8490/2326/4826 8489/2324/4826
f 8492/2321/4826 8491/2325/4826 8489/2324/4826
f 8495/2327/4624 8494/2328/4569 8493/2322/4568
f 8496/2323/4568 8495/2327/4624 8493/2322/4568
f 8499/2321/4827 8498/2322/4827 8497/2329/4827
f 8497/2329/4827 8500/2330/4827 8499/2321/4827
f 8497/2329/4827 8501/2331/4827 8500/2330/4827
f 8504/2332/4828 8503/2323/4828 8502/2324/4828
f 8502/2324/4828 8505/2333/4828 8504/2332/4828
f 8505/2333/4828 8506/2334/4828 8504/2332/4828
f 8509/2335/4829 8508/2282/4830 8507/2281/4830
f 8510/2336/4831 8509/2335/4829 8507/2281/4830
f 8513/2288/4832 8512/2338/4832 8511/2337/4833
f 8514/2290/4834 8513/2288/4832 8511/2337/4833
f 8517/2285/4835 8516/2339/4836 8515/2338/4836
f 8518/2288/4836 8517/2285/4835 8515/2338/4836
f 8521/2340/4837 8520/2286/4837 8519/2341/4837
f 8524/2295/1557 8523/2343/4838 8522/2342/4839
f 8525/2297/4840 8524/2295/1557 8522/2342/4839
f 8524/2295/1557 8526/2293/4841 8523/2343/4838
f 8526/2293/4841 8527/2344/4842 8523/2343/4838
f 8528/2345/4843 8527/2344/4842 8526/2293/4841
f 8529/2292/4843 8528/2345/4843 8526/2293/4841
f 8532/2289/4844 8531/2346/4844 8530/2345/4844
f 8533/2292/4844 8532/2289/4844 8530/2345/4844
f 8536/2347/4845 8535/2349/4776 8534/2303/4846
f 8537/2348/4847 8536/2347/4845 8534/2303/4846
f 8537/2348/4847 8538/2350/4779 8536/2347/4845
f 8541/2351/4848 8540/2283/4848 8539/2270/4849
f 8542/2298/4849 8541/2351/4848 8539/2270/4849
f 8541/2351/4848 8543/2339/4850 8540/2283/4848
f 8543/2339/4850 8544/2285/4851 8540/2283/4848
f 8547/2273/4852 8546/2284/4852 8545/2302/4852
f 8550/2352/4853 8549/2357/4853 8548/2356/4853
f 8548/2356/4853 8551/2353/4853 8550/2352/4853
f 8548/2356/4853 8552/2355/4853 8551/2353/4853
f 8552/2355/4853 8553/2354/4853 8551/2353/4853
f 8556/2358/4854 8555/2361/4854 8554/2360/4854
f 8557/2359/4854 8556/2358/4854 8554/2360/4854
f 8560/2357/4855 8559/2358/4855 8558/2359/4855
f 8561/2356/4856 8560/2357/4855 8558/2359/4855
f 8564/2362/4857 8563/2365/4858 8562/2364/4857
f 8565/2363/4857 8564/2362/4857 8562/2364/4857
f 8568/2360/4859 8567/2361/4859 8566/2367/4859
f 8569/2366/4859 8568/2360/4859 8566/2367/4859
f 8572/2368/4860 8571/2371/4860 8570/2370/4861
f 8573/2369/4861 8572/2368/4860 8570/2370/4861
f 8576/2372/4862 8575/2354/4863 8574/2355/4862
f 8577/2373/4862 8576/2372/4862 8574/2355/4862
f 8580/2374/4864 8579/2372/4864 8578/2373/4864
f 8581/2375/4864 8580/2374/4864 8578/2373/4864
f 8584/2370/4865 8583/2371/4865 8582/2377/4865
f 8585/2376/4865 8584/2370/4865 8582/2377/4865
f 8588/2269/4866 8587/2378/4866 8586/2268/4866
f 8591/2287/4867 8590/2341/4868 8589/2286/4869
f 8594/2380/4870 8593/2379/4871 8592/2353/4872
f 8593/2379/4871 8595/2381/4873 8592/2353/4872
f 8595/2381/4873 8596/2352/4874 8592/2353/4872
f 8595/2381/4873 8597/2382/4875 8596/2352/4874
f 8600/2349/4876 8599/2301/4877 8598/2303/4876
f 8603/2284/4878 8602/2286/4878 8601/2340/4878
f 8604/2302/4879 8603/2284/4878 8601/2340/4878
f 8607/2348/4880 8606/2303/4881 8605/2302/4881
f 8608/2340/4882 8607/2348/4880 8605/2302/4881
f 8607/2348/4880 8608/2340/4882 8609/2350/4883
f 8608/2340/4882 8610/2341/4884 8609/2350/4883
f 8613/2384/4885 8612/2383/4886 8611/2385/4887
f 8614/2386/4887 8612/2383/4886 8613/2384/4885
f 8615/2387/4388 8612/2383/4886 8614/2386/4887
f 8616/2388/4153 8612/2383/4886 8615/2387/4388
f 8617/2389/4888 8612/2383/4886 8616/2388/4153
f 8618/2390/4889 8612/2383/4886 8617/2389/4888
f 8611/2385/4887 8612/2383/4886 8618/2390/4889
f 8621/2392/4890 8620/2391/4891 8619/2393/4892
f 8622/2394/4893 8620/2391/4891 8621/2392/4890
f 8623/2395/4894 8620/2391/4891 8622/2394/4893
f 8624/2396/4895 8620/2391/4891 8623/2395/4894
f 8625/2397/2883 8620/2391/4891 8624/2396/4895
f 8626/2398/4894 8620/2391/4891 8625/2397/2883
f 8619/2393/4892 8620/2391/4891 8626/2398/4894
f 8629/2363/4896 8628/2366/4897 8627/2367/4898
f 8630/2362/4897 8629/2363/4896 8627/2367/4898
f 8633/2375/4899 8632/2376/4900 8631/2377/4900
f 8634/2374/4900 8633/2375/4899 8631/2377/4900
f 8637/2289/4901 8636/2290/4901 8635/2337/4901
f 8638/2346/4901 8637/2289/4901 8635/2337/4901
f 8641/546/4902 8640/544/4902 8639/544/4902
f 8642/546/4902 8641/546/4902 8639/544/4902
f 8645/548/389 8644/546/389 8643/546/389
f 8646/548/389 8645/548/389 8643/546/389
f 8647/546/389 8645/548/389 8646/548/389
f 8648/546/389 8647/546/389 8646/548/389
f 8651/544/4903 8650/546/4903 8649/546/4903
f 8652/544/4903 8651/544/4903 8649/546/4903
f 8655/543/4904 8654/544/4904 8653/544/4904
f 8656/543/4904 8655/543/4904 8653/544/4904
f 8659/543/4905 8658/545/4905 8657/546/4905
f 8660/544/4905 8659/543/4905 8657/546/4905
f 8663/543/4906 8662/545/4906 8661/545/4906
f 8664/543/4906 8663/543/4906 8661/545/4906
f 8667/547/728 8666/547/728 8665/545/728
f 8668/545/728 8667/547/728 8665/545/728
f 8666/547/728 8667/547/728 8669/545/728
f 8667/547/728 8670/545/728 8669/545/728
f 8673/547/4907 8672/548/4907 8671/546/4907
f 8674/545/4908 8673/547/4907 8671/546/4907
f 8677/543/4909 8676/543/4909 8675/544/4909
f 8678/544/4909 8677/543/4909 8675/544/4909
f 8681/543/4910 8680/544/4911 8679/546/4910
f 8682/545/4910 8681/543/4910 8679/546/4910
f 8685/543/4912 8684/543/4912 8683/545/4912
f 8686/545/4912 8685/543/4912 8683/545/4912
f 8689/547/4907 8688/545/4908 8687/546/4907
f 8690/548/4907 8689/547/4907 8687/546/4907
f 8693/546/4913 8692/544/4913 8691/544/4913
f 8694/546/4913 8693/546/4913 8691/544/4913
f 8697/548/4914 8696/546/4914 8695/546/4914
f 8698/548/4914 8697/548/4914 8695/546/4914
f 8699/546/4914 8697/548/4914 8698/548/4914
f 8700/546/4914 8699/546/4914 8698/548/4914
f 8703/544/4915 8702/546/4915 8701/546/4915
f 8704/544/4915 8703/544/4915 8701/546/4915
f 8707/2399/4916 8706/2400/4916 8705/2401/4916
f 8708/2402/4916 8707/2399/4916 8705/2401/4916
f 8711/2403/4917 8710/2404/4917 8709/2401/4917
f 8712/2400/4917 8711/2403/4917 8709/2401/4917
f 8715/2399/4918 8714/2402/4918 8713/2401/4918
f 8716/2400/4918 8715/2399/4918 8713/2401/4918
f 8719/2403/4917 8718/2400/4917 8717/2401/4917
f 8720/2404/4919 8719/2403/4917 8717/2401/4917
f 8723/2405/4920 8722/953/4921 8721/955/4920
f 8721/955/4920 8724/957/4920 8723/2405/4920
f 8721/955/4920 8725/965/4920 8724/957/4920
f 8728/965/4922 8727/955/4922 8726/954/4922
f 8729/958/4922 8728/965/4922 8726/954/4922
f 8732/954/1821 8731/953/1095 8730/955/4923
f 8735/956/231 8734/959/1712 8733/958/252
f 8736/957/3343 8735/956/231 8733/958/252
f 8734/959/1712 8735/956/231 8737/960/3343
f 8738/961/2461 8733/958/252 8734/959/1712
f 8739/962/2461 8738/961/2461 8734/959/1712
f 8740/963/2462 8738/961/2461 8739/962/2461
f 8741/964/2462 8740/963/2462 8739/962/2461
f 8736/957/3343 8733/958/252 8742/965/4924
f 8745/966/4925 8744/967/4926 8743/964/4926
f 8746/962/4925 8745/966/4925 8743/964/4926
f 8745/966/4925 8746/962/4925 8747/968/4927
f 8746/962/4925 8748/959/4928 8747/968/4927
f 8749/969/4929 8747/968/4927 8748/959/4928
f 8750/960/4929 8749/969/4929 8748/959/4928
f 8753/970/4930 8752/969/4931 8751/960/4931
f 8754/956/4930 8753/970/4930 8751/960/4931
f 8757/971/1699 8756/974/1699 8755/973/1699
f 8758/972/1699 8757/971/1699 8755/973/1699
f 8759/975/1260 8757/971/1699 8758/972/1699
f 8760/976/36 8759/975/1260 8758/972/1699
f 8759/975/1260 8760/976/36 8761/977/1095
f 8761/977/1095 8760/976/36 8762/978/4828
f 8763/979/1095 8759/975/1260 8761/977/1095
f 8761/977/1095 8764/980/1095 8763/979/1095
f 8767/963/4932 8766/964/4932 8765/982/4932
f 8768/981/4932 8767/963/4932 8765/982/4932
f 8771/961/4933 8770/963/4934 8769/984/4934
f 8772/983/4933 8771/961/4933 8769/984/4934
f 8773/958/4935 8771/961/4933 8772/983/4933
f 8774/954/4935 8773/958/4935 8772/983/4933
f 8777/2405/4936 8776/957/4936 8775/965/4936
f 8775/965/4936 8778/955/4937 8777/2405/4936
f 8778/955/4937 8779/953/4938 8777/2405/4936
f 8782/965/4939 8781/958/4939 8780/954/4939
f 8783/955/4939 8782/965/4939 8780/954/4939
